0,1,2,3,4,5,6,7,8,9,10,11,12,13,14,15,16,17,18,19,20,21,22,23,24,25,Label
0.36224281787872314,0.3678170442581177,0.4398343563079834,0.24469180405139923,0.24786198139190674,0.33561646938323975,0.3646187484264374,0.4356837570667267,0.295985609292984,0.31508031487464905,0.4070083498954773,0.38510069251060486,15.986115590706197,15.098203274574104,18.45414938665872,18.362242578880277,18.91743083195899,17.18981618487943,39.65506588723439,0.02654770405843661,0.01822476765292415,0.004864671831548148,-0.016634641637289803,0.009777077000064327,-0.004213120548842521,0.08304482066898686,blues
0.46004030108451843,0.3501824736595154,0.3208068311214447,0.2114715725183487,0.2007884532213211,0.33079418540000916,0.3973788022994995,0.5603549480438232,0.3841792345046997,0.2553257644176483,0.28477612137794495,0.33409371972084045,15.98493821278634,17.05962994627363,19.13378648733542,19.188013069524594,18.326915365448738,17.505238909540726,37.50887830360719,0.03559995404927231,0.08444512297537612,0.04146356070061235,0.00797033195123796,0.02062848130439939,-0.013831145640776638,0.05603980870552978,blues
0.272900253534317,0.1959526389837265,0.3151654303073883,0.40798622369766235,0.5468201637268066,0.32169869542121887,0.3046570122241974,0.2884035110473633,0.3341522514820099,0.4018186926841736,0.3843894600868225,0.5885082483291626,26.345502760033014,14.191881671238614,17.701924085451928,19.419605066253087,20.34266471335879,18.311059080993836,39.02640651459035,0.12009990614023455,-0.06507467095327783,0.06609287355253603,0.04372571089664398,0.00016981455539139337,-0.019679657687423698,0.07629120746326373,blues
0.34137162566185,0.4086236357688904,0.5243191123008728,0.5470128655433655,0.657075047492981,0.5115236043930054,0.3555535674095154,0.25161316990852356,0.2462705373764038,0.3151112198829651,0.31657925248146057,0.3831988275051117,29.784038268060694,14.766042550882426,17.23854977119053,18.63406551171656,18.49061298164912,16.78712292540643,34.26491572502787,0.10202878169873913,-0.06180685025070874,0.08682204129452371,0.07473692373348843,-0.005000890489073842,-0.03680273641854502,0.03330886262567672,blues
0.19260479509830475,0.3172664940357208,0.3920220732688904,0.2558269798755646,0.1926635056734085,0.5302209258079529,0.2537793815135956,0.13912144303321838,0.2764243185520172,0.3243264853954315,0.5551238656044006,0.27293071150779724,17.055249295370626,15.6936007797972,19.132496461454213,20.52227609682024,20.784787536906194,19.71064005420643,37.31827596251832,-0.00524770627156271,0.060672653810446515,-0.15857770480359606,-0.010759201194668102,0.017169666874218267,-0.02894390212791148,0.10146053871809745,blues
0.2383226454257965,0.30023738741874695,0.6171865463256836,0.23574118316173553,0.1239870935678482,0.24376831948757172,0.27965158224105835,0.41129270195961,0.24398580193519592,0.2855333983898163,0.28433674573898315,0.36621904373168945,17.470207040255016,19.56125479506131,21.289941931736543,21.34446600656967,20.7804386186352,19.40411528556861,37.94788487254802,0.11118024750433178,0.08292870940916967,0.028733432707459577,-0.14639804669355505,-0.007358792679579187,-0.038303907199496945,0.09404153373936582,blues
0.4255133271217346,0.22324328124523163,0.1313476264476776,0.1525973677635193,0.24195808172225952,0.49116945266723633,0.24550846219062805,0.16911277174949646,0.2883557379245758,0.4618445336818695,0.3592756986618042,0.3071861267089844,24.755079941459126,21.066654197073884,22.20553423488996,21.25944816397701,21.652819319615208,20.144286156209507,32.86422788603649,-0.03935048626045721,0.10157564232738424,-0.12523497601687247,0.08680499884590195,-0.04433996823510197,0.0038432007853038126,0.07305223740815932,blues
0.2593570351600647,0.26412150263786316,0.3253580927848816,0.21773892641067505,0.215277299284935,0.2957618832588196,0.19005171954631805,0.18074940145015717,0.26434093713760376,0.39047354459762573,0.6486374735832214,0.4365910291671753,20.203992595266143,20.094493223894407,20.707093876758826,19.630546748394632,20.709945314707575,19.603038080905876,36.09972120634704,0.010172217782143504,0.03769169289595417,-0.12940826446137757,-0.0120939073683693,0.030511115981107933,-0.003206025814811814,0.061442246108855375,blues
0.31967514753341675,0.304487019777298,0.3666154742240906,0.4221329391002655,0.5238111615180969,0.4511190950870514,0.49344274401664734,0.35275283455848694,0.38013842701911926,0.4617058336734772,0.36635950207710266,0.46471473574638367,29.493068001187208,15.135638491891607,17.019361895805968,17.030466569485743,19.696111635689523,17.624290924122235,40.60499045345829,0.08566809241095184,-0.007650397136029705,0.02588048182018751,0.07042347080933539,-0.012808171562887997,-0.019046327077775715,0.06402488761600927,blues
0.2482471615076065,0.27315452694892883,0.48851239681243896,0.26800498366355896,0.17971843481063843,0.2677253186702728,0.22258572280406952,0.41535109281539917,0.2726886570453644,0.18117544054985046,0.2299007922410965,0.24054768681526184,14.334424622044025,17.636703785511823,21.930637201839986,20.23588948543231,18.56280250828447,18.905217873570493,36.490663266735886,0.07890590225677674,0.09116606133354453,0.018371031907720423,-0.016988132061827393,-0.006768630195861877,-0.052656222739143825,0.07917482356921887,blues
0.4620903730392456,0.17099185287952423,0.19255667924880981,0.37835654616355896,0.3539493978023529,0.4592571556568146,0.27628475427627563,0.32396185398101807,0.1876537948846817,0.20239779353141785,0.32359978556632996,0.31653860211372375,16.172318638421174,16.378773828257987,21.303860770482792,21.594250072150814,18.676487885402132,17.765835115921483,35.72235552806889,-0.03743059912359884,0.08402090432992144,0.012897145284709869,0.030113926186886603,-0.008619401594914302,0.0013650426722498581,0.06295882576856149,blues
0.2483403980731964,0.230317160487175,0.30519622564315796,0.4141206443309784,0.6587240695953369,0.5417940020561218,0.3526597023010254,0.34855934977531433,0.3455048203468323,0.34785598516464233,0.27667346596717834,0.3209025263786316,27.473330845500048,16.88245596752911,17.70137483423136,17.876979850766336,17.398567742132464,16.09132859590975,32.16006630406607,0.1320245504643887,-0.09256996225955766,0.09647927404008938,0.156630173619413,0.05567480259524726,-0.04178465824258747,0.043930584759280744,blues
0.30373913049697876,0.16060714423656464,0.21950650215148926,0.20335963368415833,0.19669215381145477,0.26667141914367676,0.30215808749198914,0.1577230989933014,0.18236224353313446,0.2133905589580536,0.3753589391708374,0.6504871845245361,16.891745866018343,18.892336913551592,21.02154166352282,20.096252458415716,21.639422562721805,22.8065312154158,33.53688930078872,0.045176120354531564,-0.13656427642509178,0.08724083245803196,-0.049314513543227495,-0.07121435889878361,-0.007046101409913135,0.06909500676720805,blues
0.1276945173740387,0.14224939048290253,0.17113937437534332,0.14699557423591614,0.18999651074409485,0.2321002185344696,0.1563587784767151,0.21675123274326324,0.3452763259410858,0.3849097490310669,0.6917693614959717,0.3736831247806549,17.056543738633085,18.544415628617582,21.598669928752088,18.85584222597563,19.588296979001115,19.254894825591755,34.973038265582524,-0.07801381983104576,0.012929845817831253,-0.003634420544779537,-0.11009923412485452,-0.0060589285143597335,-0.04641872521256487,0.0514017032820959,blues
0.2959798276424408,0.31584709882736206,0.2945961654186249,0.23986488580703735,0.29456353187561035,0.31403106451034546,0.23693254590034485,0.23518000543117523,0.28398793935775757,0.37791845202445984,0.6206915378570557,0.4371238648891449,17.679678171926692,19.68280493266685,23.630863992471546,19.516010652917426,20.491167527525157,19.446793890559704,30.89139048862877,0.03303564426324245,-0.002481373591283826,0.021925376905366036,-0.0523774968366566,-0.04723378011563239,-0.024083254237969715,0.045036675850734724,blues
0.2700388729572296,0.16510166227817535,0.24188987910747528,0.24282659590244293,0.28292664885520935,0.29346129298210144,0.26243212819099426,0.17003126442432404,0.19486086070537567,0.24148696660995483,0.3523685932159424,0.5193532109260559,16.85476613004616,18.555580637243253,20.963658372571356,19.73258461448481,20.291070818698277,20.022597216869592,33.09451084926751,-0.0007189176296179049,-0.050162935538308334,0.02165521818450104,-0.02491948606370053,-0.020279566360571048,-0.019195972953340336,0.06370125495456304,blues
0.23239246010780334,0.16875648498535156,0.1495213657617569,0.27854713797569275,0.40721023082733154,0.2495265007019043,0.2720714807510376,0.35484129190444946,0.5287467241287231,0.5378588438034058,0.26490318775177,0.2538275718688965,16.850706527927812,17.97122865775445,21.03650664442249,18.756802869879984,20.26090462763477,18.605217926553674,33.90790713740004,0.031605218542763054,-0.03896519583632839,-0.03479322418714583,0.06430694559403184,0.00709045252659653,0.013617246158922354,0.06134406117072699,blues
0.30274373292922974,0.207266703248024,0.15756596624851227,0.15969359874725342,0.3066374957561493,0.2563743591308594,0.2543010711669922,0.31278470158576965,0.42521172761917114,0.5784977078437805,0.35299772024154663,0.31265056133270264,15.957412735734069,18.988599979793396,22.63480935106764,19.93251065528509,21.300872656798433,21.695854067385348,31.496844940005634,0.05524631188695433,-0.05794068826966045,-0.04717386471307848,0.05327574433060172,-0.014482941990077238,0.029193798351632418,0.048326248912412995,blues
0.2108725756406784,0.16098842024803162,0.18929792940616608,0.20331983268260956,0.21737562119960785,0.2800200283527374,0.32929378747940063,0.25057685375213623,0.3302191495895386,0.37681809067726135,0.2984076142311096,0.39363688230514526,18.179413746327707,18.670310531087015,23.509211252365496,18.93547385370766,19.752488416761413,18.244366646341476,34.6937999581979,-0.04239410296222642,0.0011809461531420012,-0.02748328876484996,-0.03726454297540181,-0.02156886008504712,-0.024378500748800262,0.056141769987432324,blues
0.19479884207248688,0.19424138963222504,0.1575937122106552,0.2542765438556671,0.34069913625717163,0.146967813372612,0.13919757306575775,0.2439507246017456,0.4377345144748688,0.5545773506164551,0.25228744745254517,0.1730203479528427,16.514078340052333,18.34167855317214,22.741981325725114,19.257186574404535,20.710067500569348,20.673343130294946,32.13162145959374,0.06853733178421643,-0.04078138880566292,-0.06329383697916816,0.076736777698173,0.004584910928424799,0.023082460910269137,0.05888603900812065,blues
0.24969854950904846,0.172549307346344,0.2179938405752182,0.2924686074256897,0.4961913824081421,0.24927712976932526,0.22601503133773804,0.3427834212779999,0.3880740702152252,0.2992902994155884,0.2833128571510315,0.4145439863204956,16.313567704725838,15.95127193440106,20.526270138621825,17.66060114191221,18.529771342308653,17.23249222268152,34.27820288939747,0.05304590849169788,-0.07784449368423983,0.05454556347495432,0.08742192833146331,-0.012755459739244517,-0.02189918286480407,0.05258634232405259,blues
0.23314043879508972,0.16188843548297882,0.1800544410943985,0.21771010756492615,0.38677170872688293,0.5578677654266357,0.45691484212875366,0.4429669678211212,0.40354618430137634,0.29668956995010376,0.28413844108581543,0.23403355479240417,19.322358017573695,18.657456769524444,22.579094816305854,20.371385167544776,21.41897878793159,20.521571830805286,32.140823548178254,-0.04177704603909181,-0.08559277601756873,-0.06411234368638578,-0.06074477297492345,-0.04330700372337278,0.03155281379612195,0.047907452387857694,blues
0.3898341953754425,0.2330634593963623,0.2116807997226715,0.25654736161231995,0.32922986149787903,0.49539053440093994,0.35581499338150024,0.32016485929489136,0.28152814507484436,0.31771594285964966,0.25055915117263794,0.23779834806919098,18.646935020855224,17.90984984627158,22.696182277342178,20.280218299200566,21.422666667860444,21.982648505596128,33.04577783218146,-0.06675701809752198,0.07276517861223805,-0.08105505182431569,-0.015800005687892308,-0.013537357700333564,0.016444027653988228,0.05856995903422274,blues
0.20817874372005463,0.2739206850528717,0.18811938166618347,0.20792685449123383,0.4832455515861511,0.22903047502040863,0.12468959391117096,0.16487424075603485,0.2821385860443115,0.6510637402534485,0.3653881549835205,0.19110774993896484,16.078430124587854,19.500743590628986,24.157464031235005,21.213913094814263,20.585728571942976,20.626921846580107,30.660784711691125,0.13522084465731515,-0.07344876205018273,-0.09615087754554814,0.08273186981000932,0.016588882917735057,0.038457619580198936,0.052467009860788866,blues
0.3059863746166229,0.23333077132701874,0.2313605546951294,0.17506903409957886,0.20530392229557037,0.23783104121685028,0.11781542003154755,0.0823153480887413,0.12756328284740448,0.29739895462989807,0.6092574000358582,0.5336041450500488,16.014763372366755,21.704744402972423,23.97836364345043,20.157896615065273,20.047590999633123,21.269219640394123,28.824411272858153,-0.015208330768199137,-0.003166379974801807,-0.005931660093580506,-0.10676285106622477,0.02132282267328516,-0.025793907178741592,0.04727604770881671,blues
0.24255448579788208,0.20957916975021362,0.26647526025772095,0.18082724511623383,0.23675505816936493,0.305176317691803,0.13574521243572235,0.11208091676235199,0.17639195919036865,0.43706879019737244,0.7760872840881348,0.4126380681991577,14.451171499016233,18.318366804984425,22.940932472995854,20.23024757724467,20.238832945104523,20.78675866242832,30.204763151307624,-0.06302752996369453,0.05169879533503111,-0.010212346574339214,-0.13887760978140234,0.028401796621133825,-0.053957797567470295,0.051697390999613305,blues
0.37540948390960693,0.24692557752132416,0.21814578771591187,0.14881718158721924,0.2056574821472168,0.3697311580181122,0.20062130689620972,0.15378379821777344,0.19790981709957123,0.24965262413024902,0.4666779637336731,0.5095570683479309,17.45295127839481,19.93042647758897,23.141623310503924,21.202918833969704,21.686411682913366,20.322898614093987,29.925811224383462,-0.01265658098750043,-0.024177637536369066,0.06340009525449972,-0.08588334359372668,-0.013761266107332575,-0.04879078759011586,0.05197268646075019,blues
0.39006537199020386,0.23868654668331146,0.2806510627269745,0.24534839391708374,0.4135757386684418,0.2971038520336151,0.20207984745502472,0.1252821683883667,0.16353566944599152,0.21445332467556,0.3318791091442108,0.5615290999412537,18.537732920319055,19.933972009300902,24.465560140377608,22.17837122105505,22.386502540705955,22.860350086556124,30.795587439703972,0.11695524621377358,-0.1211023955412667,0.1280213651252364,0.03939226181487632,-0.05523094465002154,-0.04701602532278404,0.07241441294470224,blues
0.2911836504936218,0.2208682894706726,0.25875142216682434,0.17773199081420898,0.21091938018798828,0.30962663888931274,0.16718783974647522,0.10157474130392075,0.16208438575267792,0.33741462230682373,0.5993869304656982,0.4765993654727936,15.103052590968336,20.196852570082793,22.849582294126062,20.08113015111146,20.18603819420551,21.053214062802873,30.324195054956903,0.000312957064037791,0.017617332083381593,-0.02011166300339395,-0.07268645282048229,0.004783341196408826,-0.027757052188827045,0.04801998743232792,blues
0.2692185342311859,0.35695502161979675,0.4736795425415039,0.43120917677879333,0.2816455364227295,0.22594429552555084,0.20370931923389435,0.22682087123394012,0.24057112634181976,0.3192925453186035,0.17705655097961426,0.1601404845714569,35.20582482865645,21.48600831405703,25.390368438422595,21.785650892684263,21.447614173598527,19.736667048109563,40.09604316216007,0.08906922668575895,0.04682461004857287,-0.026805874682697885,-0.06812209934133065,-0.04791225275238142,0.006730717305315127,0.05289486961040216,blues
0.24562273919582367,0.1638697236776352,0.19971713423728943,0.2715935707092285,0.2927083671092987,0.4675283133983612,0.3755134642124176,0.38632500171661377,0.22245213389396667,0.16297580301761627,0.2057415097951889,0.16624271869659424,36.75002745391791,21.67925759872202,24.46008046775114,22.644963336701814,21.571472109128102,20.523716459246447,40.26876790246037,-0.04075794710164645,0.21584729929031574,0.021319040579523937,0.04350794671997941,0.0019677406873293557,-0.032566104052290816,0.039366118039443156,blues
0.13404493033885956,0.28729894757270813,0.4492962062358856,0.3312367796897888,0.15567010641098022,0.1028558537364006,0.19868522882461548,0.2870168387889862,0.24915193021297455,0.4189717471599579,0.2475229799747467,0.18285924196243286,36.236354381354744,22.601657728777862,27.629182858421856,23.707542464068148,23.311230479686778,21.72395266379663,40.278176041115444,0.22825990752880393,0.040565143122721956,-0.028208649874652686,-0.15454090800538273,-0.040938013480408895,0.018461821985964744,0.04294722484048724,blues
0.35346487164497375,0.2188638299703598,0.1967010200023651,0.18280252814292908,0.22355972230434418,0.296047568321228,0.31156402826309204,0.4349830150604248,0.27721989154815674,0.24801255762577057,0.29694485664367676,0.27406594157218933,36.958439815087694,24.479932958493126,23.828491609617537,22.56511559176823,23.408334168453216,20.730888913985034,36.896619639173394,0.019565910503211305,0.27929787340782397,0.06422119108286209,0.061854117965197485,0.05093290303544434,0.041434264943291436,0.03938839846771075,blues
0.31225818395614624,0.2167670726776123,0.17699013650417328,0.15533994138240814,0.24401123821735382,0.45676174759864807,0.31697580218315125,0.23535431921482086,0.21037860214710236,0.2692645192146301,0.2818249464035034,0.25340792536735535,37.024048949521294,21.679132374720115,25.757268786989442,23.243619537683603,21.38435180170505,21.045568547599917,39.96958797303779,-0.02388975357197656,0.2037383981880217,-0.10506055777286001,0.04070250682276344,-0.016546801486284027,0.0013484194166548079,0.04197368341550657,blues
0.2381390929222107,0.3260148763656616,0.4690566062927246,0.381273090839386,0.2475578635931015,0.2387211173772812,0.19899223744869232,0.21244025230407715,0.23597262799739838,0.3141154944896698,0.15829184651374817,0.12548212707042694,35.42910584860197,21.97168976699642,25.415761445997482,22.482012970657767,21.492555828296098,20.89002274444967,40.46884656689708,0.14790905835451754,0.08187458152799948,-0.04819974383304719,-0.0783103850932342,-0.05242328602645809,0.012096598438993503,0.04570244525812065,blues
0.19496992230415344,0.1714392900466919,0.2522893249988556,0.296024888753891,0.3384179472923279,0.37865352630615234,0.29369670152664185,0.2937794327735901,0.28503644466400146,0.35732540488243103,0.39826399087905884,0.199428528547287,34.94382761936873,21.532891669327284,24.48261534259724,24.142648895949673,22.36195539242192,19.768251771569044,40.89007824484522,-0.02587815077511406,0.09767618823671266,-0.012927325197898394,0.001782071714743622,0.007393414936519053,-0.008836299545176231,0.04541997474381284,blues
0.26551854610443115,0.13945214450359344,0.13098149001598358,0.14862829446792603,0.2569229006767273,0.500420331954956,0.2703116536140442,0.12934015691280365,0.17691455781459808,0.24980731308460236,0.31713807582855225,0.21448472142219543,36.18919899890504,21.65373832278005,26.5369420584122,23.154345232060372,22.672447721779548,21.19142517828509,40.099776730446806,-0.11339316612931893,0.21159394293478903,-0.15836197024352464,0.028131165646868756,-0.04507345851197597,-0.015532291890013969,0.03690734060808198,blues
0.3207975924015045,0.12669596076011658,0.0878983736038208,0.19910594820976257,0.34085968136787415,0.623032808303833,0.3518536686897278,0.19937551021575928,0.20562699437141418,0.17801445722579956,0.16849687695503235,0.18225128948688507,32.749557526442025,21.17903876390938,24.46470296448503,24.94400347361005,24.941260447980575,22.83269040224015,35.12495219513428,-0.0904699958814329,0.2007054689209418,-0.10135481347944318,0.12291219570131617,-0.05289967977444675,-0.03439722914432017,0.048163866130123745,blues
0.12085095793008804,0.10098541527986526,0.17668670415878296,0.3555172383785248,0.2648857831954956,0.24457870423793793,0.2912396788597107,0.31122758984565735,0.3462352454662323,0.3175584673881531,0.443391889333725,0.21700139343738556,34.81426125395371,23.60211403987851,24.30337031824883,22.982579519864437,22.932255362945504,20.718507818743685,40.97559673294983,-0.16867959338068755,0.017426159263379093,0.09393676298984498,-0.07933740339213842,0.03191576508219906,0.020467298210024923,0.044373172249613305,blues
0.33036836981773376,0.2263726145029068,0.18004210293293,0.16491588950157166,0.28338366746902466,0.4825180768966675,0.24697600305080414,0.14491218328475952,0.17791670560836792,0.2869642972946167,0.2842269539833069,0.2555862367153168,36.65735990587033,22.49837035455867,25.46345999641428,22.3759011561414,22.286322337915355,20.01445203430492,35.206368182772486,-0.026681921964031175,0.23115227493144216,-0.15963429713309135,0.07225260113661977,-0.021528582207121044,0.010620341929394615,0.03532089858855375,blues
0.3763001263141632,0.4515625238418579,0.35624104738235474,0.4387536942958832,0.29064685106277466,0.2843313217163086,0.32643672823905945,0.4896584749221802,0.6703290939331055,0.4578567147254944,0.33623820543289185,0.297061949968338,18.357192916523722,14.835403098045868,20.11382006670087,18.196786711515962,18.655350126639302,17.272997396925152,41.6375629017021,-0.05661697212160034,-0.006249181156657591,-0.0024809523774439943,0.0367849846338104,-0.0023428952043663995,-0.007644738287831333,0.09764303279679042,blues
0.3243550956249237,0.35894373059272766,0.41985657811164856,0.5677459836006165,0.30376821756362915,0.25161874294281006,0.3246229887008667,0.3939412534236908,0.45353785157203674,0.42700880765914917,0.49112170934677124,0.3271847665309906,19.724977938749824,14.572250635987093,20.110925416367962,19.087835771206063,18.699991268804578,17.855051850297507,42.46115801102867,-0.08281700347795307,0.037872973750370485,0.05294297821531661,-0.026689853473103386,0.014636258725845713,0.010862528707699605,0.10226074596384377,blues
0.45213091373443604,0.4842473566532135,0.34599462151527405,0.24868522584438324,0.3124339282512665,0.36518001556396484,0.4260391891002655,0.36129721999168396,0.3295365869998932,0.34442460536956787,0.39552634954452515,0.4668593406677246,22.577468059964215,17.48505410217606,20.10859923434232,20.57956366220037,22.505198292128046,19.216002059291323,41.4410728236529,-0.035912006252132304,-0.08209807562210451,0.012730792939824114,-0.026264314995668194,0.008754050841828837,0.006230859522767546,0.09782391966357308,blues
0.44768163561820984,0.3152099549770355,0.32252785563468933,0.36751508712768555,0.4088805615901947,0.367295503616333,0.4638840854167938,0.3801332116127014,0.41949349641799927,0.38528579473495483,0.39022141695022583,0.5190847516059875,19.27542472189364,14.134068193149508,18.050471707726295,17.7469850180732,17.800938859907816,16.59331372133609,41.94377812184894,-0.010949702392455263,-0.06477036683163334,0.05185305012558555,0.011908600880416394,-0.01890279485770263,0.005006511112976149,0.08717463022041763,blues
0.3181043565273285,0.43621954321861267,0.43415260314941406,0.4649161994457245,0.31475985050201416,0.26117199659347534,0.32775136828422546,0.35019946098327637,0.48048877716064453,0.46842116117477417,0.497900128364563,0.32732394337654114,19.857163956487238,14.497945018025339,19.577633015188656,18.914727236147105,19.52652933772387,17.153460572812016,42.57884551646418,-0.07414551064125337,0.01685389704300522,0.027255530547629973,-0.015691685864135888,0.006636680297563872,0.007702631143707595,0.09252533171403712,blues
0.41381457448005676,0.3768790662288666,0.3268808424472809,0.37648361921310425,0.3155849874019623,0.2880908250808716,0.36018630862236023,0.4306947588920593,0.5446735620498657,0.5705833435058594,0.6343092918395996,0.5180442333221436,24.19358065906964,15.856104247473805,19.497139140461304,17.59486267743297,19.72024794357574,17.328536692810744,39.33725172175738,-0.07372293530726134,0.011335363392252894,0.017670193959347064,-0.032795658565579554,0.0049916471355237945,0.010546587265693729,0.048048310010634185,blues
0.29647740721702576,0.41974321007728577,0.42353323101997375,0.48035728931427,0.3637608587741852,0.26509037613868713,0.3494655191898346,0.40172699093818665,0.510156512260437,0.454770028591156,0.3903988003730774,0.30080053210258484,21.022441394886705,16.56948375776412,19.795945764232535,17.48835389599087,18.6295660451154,17.08981776267162,39.328069515951626,-0.11194839301202518,0.0011292917214154711,0.05160107475122737,-0.0015036911211699377,0.0005712107945637744,0.014636007998871917,0.05845780162412993,blues
0.31126710772514343,0.46003100275993347,0.27093490958213806,0.3213554918766022,0.5382283329963684,0.30848097801208496,0.3322512209415436,0.3115898668766022,0.43027204275131226,0.25542888045310974,0.21250437200069427,0.28472664952278137,23.659685040762724,15.896915956732244,20.91550390564842,18.096481322407804,18.739357061627988,18.37149054945438,41.0561675988559,-0.07324641777131707,-0.18212753613784885,-0.04013854109200289,0.08553782543592436,0.010409160608626917,-0.02603024662539294,0.07532370818832174,blues
0.32967397570610046,0.39710772037506104,0.41820353269577026,0.46897774934768677,0.29867130517959595,0.27493441104888916,0.3268032670021057,0.3841668963432312,0.45961663126945496,0.40061360597610474,0.4727810025215149,0.3225553631782532,20.56677621185397,14.942359063299303,18.77762362775788,18.583373625927535,18.81490622981997,18.03101301499536,41.52354547622333,-0.11603027465631015,0.019681277444581056,0.042302757379154426,-0.022091689335912927,0.014156643992265737,0.013339307463503904,0.09876687270398299,blues
0.2747994661331177,0.3655129075050354,0.34684714674949646,0.3289984166622162,0.21967796981334686,0.23847563564777374,0.18782447278499603,0.1745385378599167,0.21840056777000427,0.256801038980484,0.42240768671035767,0.2968333959579468,25.49948782130519,19.087106881999496,20.618338375649742,17.980878213353108,19.85412265497287,18.932913966237603,35.815111061485815,-0.20056415198432884,0.031050940718381763,-0.020183581823219568,-0.07067018861098015,0.03047336481678204,0.004794428682971144,0.039961269818252126,blues
0.424001544713974,0.31038331985473633,0.3850879967212677,0.42760634422302246,0.45190712809562683,0.36471471190452576,0.4060388505458832,0.302285373210907,0.3272608816623688,0.39414024353027344,0.44227248430252075,0.5764097571372986,19.97645038972327,15.886521348763937,17.241974259331098,17.971298126507143,18.395124260863113,17.102383360076693,41.33362964729306,0.026035134402682167,-0.05727440421474783,0.027002723119743742,-1.7662773921912475e-05,-0.007737951782464295,-0.0035307112453132265,0.08579060022718484,blues
0.27404576539993286,0.2979406416416168,0.36342379450798035,0.481273353099823,0.5492942333221436,0.4152976870536804,0.3545471429824829,0.3915958106517792,0.44056379795074463,0.3872339427471161,0.3817422688007355,0.38746771216392517,22.301455960418206,14.470150755977272,17.724374373861213,18.03681755020223,17.765220402874387,19.248117852962167,41.31144769569104,0.03467694237467583,-0.04709930073369009,0.023980447928848216,0.0575954421608487,0.01819035902683479,-0.01494190178859088,0.10660165313225058,blues
0.40404319763183594,0.29733893275260925,0.2448722869157791,0.1905551552772522,0.26871731877326965,0.3311711251735687,0.42022818326950073,0.6233359575271606,0.42822590470314026,0.2990131378173828,0.2724880874156952,0.2881045341491699,24.48316966812563,18.761204498601384,20.14827041965762,20.65723536811624,20.51769638944042,20.848189203803845,33.221774246977354,0.07287492339042886,0.15081554725617832,0.10488572539307883,0.03853295039031159,0.03438146555224167,-0.01598027371837446,0.0671879531612529,blues
0.4237270653247833,0.4638911187648773,0.43562158942222595,0.4424355924129486,0.3033594489097595,0.3909887373447418,0.5002804398536682,0.3992736339569092,0.417075514793396,0.3634236752986908,0.4056822657585144,0.4035497307777405,20.444611754026834,14.92619425722086,18.475299771681602,18.42112088377997,18.928495299681398,19.783387569634648,40.60955602536469,-0.045400571419359576,-0.01961090689033988,0.0070620191096965185,0.02274844338087397,-0.009666819488427828,0.008371398372039754,0.1328151434406419,blues
0.36975541710853577,0.47393712401390076,0.5470837354660034,0.4798681139945984,0.5048333406448364,0.3861166834831238,0.40727537870407104,0.42249277234077454,0.4991151988506317,0.5493525266647339,0.4288105368614197,0.36591511964797974,21.76431487237276,13.680111431298403,17.367371546847338,16.587502175306142,17.562087229129084,17.61745126648571,41.550575131778366,0.056956534002515,0.006858229025725618,-0.043232885021529194,-0.0050510114918872785,0.007954775695017251,0.010121567546456992,0.10339893597737819,blues
0.42450806498527527,0.37567293643951416,0.3972519636154175,0.3179883360862732,0.4717935025691986,0.4793892800807953,0.5311408042907715,0.5682764649391174,0.4023190140724182,0.4051415026187897,0.4131527841091156,0.4099166989326477,19.687673431795957,14.497122661533373,18.048602484770342,18.24999980913095,18.70107968397638,19.44020242505764,39.970755956481,0.025710876586274,0.03702845156937777,0.009541576071328783,-0.01670244171328084,0.013186484615824041,-0.004582587771091713,0.11311924485208817,blues
0.2945255935192108,0.271921843290329,0.4010947644710541,0.4066163897514343,0.5184018611907959,0.4150226414203644,0.4375935196876526,0.41844677925109863,0.37715598940849304,0.39069902896881104,0.34149613976478577,0.4190223515033722,24.962325699986554,19.14603893561536,20.473051062888985,19.119423224168234,20.51180105254313,19.699997464074777,39.6127550854036,0.13694446300600072,-0.0614002799897296,0.0500779826487921,0.07187510821435308,0.026485820534097287,-0.016321412028711676,0.07550308451759474,blues
0.41203638911247253,0.3602506220340729,0.40030437707901,0.4299549460411072,0.48683345317840576,0.4607660174369812,0.5122360587120056,0.3831581473350525,0.3502967953681946,0.3750910460948944,0.4079221189022064,0.5142141580581665,22.983004660376917,15.330514712407838,17.44973074029176,17.37306178805459,18.32266640401259,17.229377218625952,40.05806572210967,0.020687619697154738,-0.0708787816091245,0.05081178873996348,0.004875771769041926,-0.007451478413224956,-0.0013502387053348339,0.08993966913186388,blues
0.3492789566516876,0.4634588360786438,0.41217002272605896,0.48248791694641113,0.3060525357723236,0.28159841895103455,0.37192651629447937,0.3050564229488373,0.33820369839668274,0.293386310338974,0.2872827351093292,0.39090222120285034,20.821786255297113,16.54747265852886,20.11474198875728,18.82685911285351,18.71685533782421,19.91601106408238,40.52840318197548,-0.0495893582421513,-0.050321183268397345,0.004258753549615508,0.010358281792281673,-0.009945317843290884,0.003834341143993321,0.10435170751160093,blues
0.45207640528678894,0.4045150578022003,0.4144080877304077,0.27436649799346924,0.37092325091362,0.44354912638664246,0.4316501021385193,0.5265064239501953,0.36678391695022583,0.39394569396972656,0.4086272418498993,0.38429418206214905,20.564623953723512,15.107701976319579,18.10662880989913,18.25624788662316,19.60071434011295,20.141057402674043,41.584989373498466,0.03366509437708542,0.049146407609909605,0.005331723782977571,-0.006499313791870052,0.005517826867040245,-0.012187880449132426,0.1422416527697216,blues
0.3114944100379944,0.3667144179344177,0.44526126980781555,0.4372985363006592,0.5653125047683716,0.414459764957428,0.42420846223831177,0.3865549564361572,0.46534842252731323,0.5949352383613586,0.42152857780456543,0.33707016706466675,20.743924278097264,14.323908451013779,16.793103435954706,17.50528140065719,18.432222773256587,17.526253871382604,41.42877449862083,0.06752805473135311,-0.01652651313186545,-0.041503716297649505,0.02391295061120416,0.009227786347754532,0.01445454387613684,0.09742287195475638,blues
0.3695495128631592,0.3148382902145386,0.5480679273605347,0.35690751671791077,0.5213215947151184,0.4556872546672821,0.44219696521759033,0.4867340922355652,0.3673610985279083,0.5598544478416443,0.4925590455532074,0.5083785653114319,19.15160043020879,14.982212682670358,17.637420329322428,18.945557914177954,20.59978696861843,20.74576959639983,43.83830017615913,0.03751253932538024,0.031183000603113596,0.02519662134141884,-0.023362975187271404,-0.0038084388458311694,-0.01519157967587092,0.16753371519721577,blues
0.44045108556747437,0.2963409721851349,0.29614752531051636,0.27822422981262207,0.2616112530231476,0.440573513507843,0.2779732346534729,0.34949350357055664,0.35201606154441833,0.2490634024143219,0.24528440833091736,0.2556349039077759,24.72972786788726,15.963467200546466,19.904545861498054,21.559868350988104,21.97314689559771,21.234124264580945,39.86762191272845,-0.04033389256895328,0.12887806749183528,-0.045208574459244845,0.03903524141703932,-0.03160837649529286,-0.007940499006849046,0.11714180624033256,blues
0.4727235734462738,0.3147353231906891,0.33846497535705566,0.3451089560985565,0.2841016352176666,0.41333305835723877,0.29261699318885803,0.29409804940223694,0.30473601818084717,0.32462912797927856,0.2858421206474304,0.2942880094051361,22.950329326641768,16.31263813544844,20.449966144781307,20.170768362639233,19.725106605889984,19.600740109251696,42.515389018117155,-0.02282498045357745,0.12461885032947431,-0.024754555837581932,0.027723212990036748,-0.031418559939299394,0.02333627148925371,0.15441054294760248,blues
0.5866539478302002,0.3066352605819702,0.3701328635215759,0.2623544931411743,0.3097260296344757,0.6080470681190491,0.24216420948505402,0.2557559609413147,0.23656333982944489,0.32440462708473206,0.197182297706604,0.29229894280433655,22.016912410302066,14.887839026085052,19.253795918075294,18.246811379713595,18.73678048912858,20.257721977916685,41.51838881057774,-0.01355968717014546,0.08120408550331451,-0.05287709006462007,0.010921883502684984,-0.015892303591490207,0.021075537015179033,0.14683293153035576,blues
0.5689042806625366,0.26256445050239563,0.2128298282623291,0.24432732164859772,0.27371782064437866,0.24874591827392578,0.24983444809913635,0.42411237955093384,0.21913523972034454,0.22783052921295166,0.27057480812072754,0.31066879630088806,20.246821092893494,16.40788412573718,20.7960571149493,20.53340628427345,20.032842938353106,19.507968693344097,41.87932100925584,0.02870667249889799,0.1368144316467323,0.06896832875607779,0.06273926136624823,0.02660450409036242,0.023361498594416615,0.14628196297370458,blues
0.34571555256843567,0.3322910666465759,0.4354148507118225,0.3032633066177368,0.38836991786956787,0.3546305000782013,0.31103840470314026,0.35216543078422546,0.30141574144363403,0.4372473955154419,0.46874159574508667,0.46638160943984985,23.680361467725877,14.233353134319797,19.16291459469107,19.343057001720283,20.287609622102362,19.54825566373212,41.372880399684824,0.0755695888201151,0.020939324873469806,0.0588998423395166,-0.03724330644377527,-0.012331523843969091,-0.025297144404846556,0.12179161832946636,blues
0.284732848405838,0.2330016791820526,0.33835694193840027,0.2749952971935272,0.4193897843360901,0.33403196930885315,0.3131570518016815,0.6011888384819031,0.3823079764842987,0.3137502670288086,0.27928221225738525,0.28088849782943726,22.076648522176534,15.303156346163128,19.9281147303602,19.87227680185164,19.473923491457395,19.678034674916407,40.91877268221688,0.09394901837038817,0.07426423428128089,0.06567062469370717,0.02532146845592001,0.011456447666854223,-0.029335234712518313,0.1127057352088167,blues
0.37270504236221313,0.20984132587909698,0.22275099158287048,0.18247245252132416,0.26463183760643005,0.5768775939941406,0.24421803653240204,0.2541150450706482,0.2748320400714874,0.39508888125419617,0.2647044360637665,0.21095342934131622,21.8532925806456,14.174559763983458,19.447265702204877,20.153568952044196,19.315116709002098,20.366715247801388,40.9728239183561,-0.010400634696726018,0.10096081770264204,-0.07486195863877866,0.05889038014969698,-0.017811116349441106,0.012080256164877783,0.13510738411156226,blues
0.2924332618713379,0.19063042104244232,0.342263787984848,0.24152635037899017,0.36500003933906555,0.3985464572906494,0.28342515230178833,0.4356429874897003,0.22799892723560333,0.2145821899175644,0.25203362107276917,0.260554701089859,20.691166610046256,16.5126840460077,20.331874809717476,20.906680511679227,20.989557497478096,21.17161305511826,42.44029974707377,0.020529703612244897,0.04708321109763505,0.037677688110685816,0.016284966487682285,-0.00457724969342566,-0.02731622208114381,0.12512877332269914,blues
0.40458258986473083,0.28494754433631897,0.23892350494861603,0.27344265580177307,0.34013211727142334,0.4559096693992615,0.300136923789978,0.26514673233032227,0.25067687034606934,0.32149967551231384,0.41541481018066406,0.3226989507675171,22.27168396965632,16.51105211678595,20.327164998811593,20.20474800900749,19.748554560887833,19.126943862725806,40.21010967260477,0.009661452258990219,0.030122504355034656,-0.02250012595779853,0.008043605344454596,-0.002054010802518391,0.003175275157906612,0.09834769854505027,blues
0.4831484854221344,0.24252627789974213,0.2509008049964905,0.23518061637878418,0.31502485275268555,0.6135303974151611,0.2564311623573303,0.26292911171913147,0.24233168363571167,0.3460918962955475,0.19130055606365204,0.222589910030365,23.103606836165532,14.387647407533727,19.961479283835054,18.76711702601731,19.42001185579327,20.83358758552675,41.53566058484302,-0.003643796668614239,0.11220336876426311,-0.07859108593582836,0.01327200351053849,-0.018231434337831972,0.018440820695940423,0.13464138328982986,blues
0.22670109570026398,0.2378172129392624,0.4876335561275482,0.2589103877544403,0.3799896240234375,0.22034835815429688,0.2898549437522888,0.5230880379676819,0.2469850331544876,0.22683028876781464,0.22568999230861664,0.3611256778240204,22.95426650037044,17.370664455773337,20.2899685315378,20.343095610993853,19.34761397171654,21.146576200860373,42.79684839562547,0.12039202502031215,0.05387474294986447,0.12276768714855055,-8.843957582663949e-05,-0.017198372851371893,-0.04371235129057536,0.1291906086861949,blues
0.34972113370895386,0.330814003944397,0.2912277281284332,0.47599008679389954,0.3074796795845032,0.30065369606018066,0.3209156095981598,0.33768194913864136,0.3218310475349426,0.282041072845459,0.4999507665634155,0.2861950397491455,19.137779740455926,16.51147267586315,20.294381334000466,19.841407507180172,19.270286364966392,18.92282014874544,42.87318511130489,-0.07481857363305494,0.04085526626270795,0.051979894613687155,-0.030989025082015675,0.01250897358151666,0.005133197652586647,0.10054024374033256,blues
0.3247414529323578,0.36812132596969604,0.3500014841556549,0.4972906708717346,0.3192189037799835,0.30860576033592224,0.2840126156806946,0.3489059507846832,0.3693161904811859,0.3276202380657196,0.5798123478889465,0.3282252252101898,16.914360546031624,14.904288024414601,19.89004869034247,20.561606576640244,20.798952990230422,18.074710947523624,44.29903222168212,-0.06769809612800556,0.03000140830010698,0.021608139440843527,-0.025847025715500672,0.011088505911286404,0.0014237236593147037,0.12089020507057231,blues
0.5763272643089294,0.46016258001327515,0.42183101177215576,0.39430826902389526,0.5309705138206482,0.4715544581413269,0.4038190245628357,0.5201600790023804,0.43311798572540283,0.4917820692062378,0.45462530851364136,0.43792128562927246,14.324264548499153,16.316104235651718,18.634678886487844,18.958310767842967,19.287010162937083,17.868337415727787,42.126584960072655,0.029260760153776086,0.028763871891363778,-0.011157610597001221,0.03506424743754166,0.005517442929751067,0.009956358487185525,0.10850946200696056,blues
0.3257859945297241,0.26373156905174255,0.38008707761764526,0.3082836866378784,0.3169635534286499,0.5363513827323914,0.3259638547897339,0.3981262445449829,0.2777893543243408,0.427948921918869,0.4769582748413086,0.3490237891674042,19.150223443235294,16.76585981991471,21.164242742564674,21.7739089116082,21.574106114378775,19.241107735224205,44.45804193409247,-0.09295174508504736,0.1313337642992878,0.011006122408902794,-0.11952181599821037,0.0040242039079956375,-0.015123679929997032,0.13647177711716937,blues
0.5560135841369629,0.3405619263648987,0.3536934554576874,0.343927800655365,0.3972527086734772,0.4460684657096863,0.3706137239933014,0.4640229046344757,0.34483644366264343,0.44362717866897583,0.4038980007171631,0.4433870017528534,20.129949786192093,14.572173018630771,17.51019854196757,18.078626448839056,19.53616572574822,16.800128707275867,43.16266891852654,-0.010835144536754422,0.0642661852141136,-0.004830812748697633,0.016573118917465126,-0.005830231166792932,0.0011017617012524874,0.11153393573569219,blues
0.34436795115470886,0.5280259251594543,0.47403234243392944,0.5391054749488831,0.329978883266449,0.3290344774723053,0.30918410420417786,0.4254430830478668,0.40475863218307495,0.3573542833328247,0.558728814125061,0.37071534991264343,19.71376509021567,13.557413192831945,17.437732083843727,17.31013660005552,17.789989509909955,16.27882936673794,44.66547560901783,-0.05972749615927651,-0.009276052817599799,0.030494801694352872,-0.038566012085290875,0.023970386059039603,-0.004311408700633152,0.12381951493619489,blues
0.37629935145378113,0.3778277635574341,0.39081165194511414,0.6007794737815857,0.4035460948944092,0.3487795293331146,0.43535834550857544,0.423795610666275,0.33390405774116516,0.3407733738422394,0.6227666139602661,0.40388280153274536,21.480229723143953,14.412669423048111,17.1160915978684,18.02216196886654,19.31073046040235,17.20813685739381,44.90057696061315,-0.08788909167450472,0.008100172061260288,0.07322347932693249,-0.055027459620599725,0.013301166900546443,0.027147916354504063,0.12468240948859242,blues
0.43633732199668884,0.34394246339797974,0.45877546072006226,0.35898590087890625,0.4379540681838989,0.25819987058639526,0.291754812002182,0.4603561758995056,0.30369460582733154,0.3635351061820984,0.29906463623046875,0.407291054725647,21.493410202030784,16.268454496937544,19.176619593979847,19.820221678881666,20.603264438125688,19.385788697781003,41.634352241178966,0.09281174367286196,0.08393305442049476,0.0623214250900087,-0.0016647375736904256,0.007937057928225334,-0.002201835929011961,0.09403926793310131,blues
0.41157275438308716,0.3721486032009125,0.6418923139572144,0.2841242253780365,0.36933618783950806,0.36557748913764954,0.3688895106315613,0.45030710101127625,0.23246070742607117,0.27656227350234985,0.3348635733127594,0.454286128282547,20.59511084158563,15.167336882105426,18.285874606540073,20.220673849796558,20.618894161375295,20.25499977366689,43.47411139866638,0.09509415244991279,0.030886262391904448,0.052947627124070244,-0.030120252003520306,0.0051348247945416075,-0.027014496282271726,0.127271093145785,blues
0.3047248125076294,0.38156089186668396,0.3625909686088562,0.3052920997142792,0.47860485315322876,0.2725622057914734,0.2979978621006012,0.30151623487472534,0.2736576199531555,0.4887179434299469,0.28948742151260376,0.31202107667922974,20.849166303014634,15.441639760644717,19.480420667441912,20.105955315194848,20.529509063454768,18.32221223356745,43.077403382829615,0.06968890728228609,-0.03619742239192631,-0.030672803781897892,0.014625230441064249,0.00654753256786994,0.009762995885375372,0.10512510271655066,blues
0.546036958694458,0.3115731179714203,0.38588467240333557,0.31306955218315125,0.40969228744506836,0.6684683561325073,0.36638760566711426,0.34432241320610046,0.385408490896225,0.4789207875728607,0.5268353819847107,0.39105838537216187,22.010935389346677,12.205908703494085,16.14886119248087,18.201580613782358,19.215753808963576,16.616008295426596,43.86745812281848,-0.06910210878413199,0.067071382484923,-0.07867468718499847,-0.048118091857511786,-0.01322564965635168,-0.008099101618874425,0.11795032144238206,blues
0.5683702826499939,0.3088934123516083,0.3024541139602661,0.44079670310020447,0.29676997661590576,0.30155321955680847,0.31850045919418335,0.5720536112785339,0.3369442820549011,0.33669036626815796,0.5815698504447937,0.38957521319389343,18.954957363172042,13.809660685229067,18.64879720300509,19.80635400157751,20.380060740208645,18.12865221024252,42.76909111396871,-0.027098205082373747,0.07223740531167047,0.0596747411226267,-0.012896296417676485,0.017467845065440267,0.009513797928857932,0.11336735063805105,blues
0.36586621403694153,0.3314041495323181,0.47136247158050537,0.2749073803424835,0.21532559394836426,0.19466768205165863,0.2219720184803009,0.3863154947757721,0.31243816018104553,0.34305837750434875,0.3166900873184204,0.3496764898300171,21.702725817202772,18.009192696994262,23.45789756198382,22.722204242268322,22.92428972243417,21.999492992149452,37.427119522819176,0.14619316537949803,0.0872070716912818,0.03384109216397189,-0.004962958792355812,0.002148555597633343,-0.009525825797125671,0.05939169143948182,blues
0.28944551944732666,0.2663175165653229,0.3731231093406677,0.32159706950187683,0.33458006381988525,0.4101654589176178,0.4245801866054535,0.45238950848579407,0.37835872173309326,0.3675384819507599,0.40653911232948303,0.3665117621421814,20.759032267674268,17.273231098581217,19.52342550452508,18.507122787975216,19.575306903925938,18.063539812790978,34.44787579107198,0.07653974225320442,0.05888988743052647,0.005676097925161569,-0.034296086961972706,0.020847541486359637,-0.018977070810872545,0.04881868414056458,blues
0.30508679151535034,0.41187113523483276,0.302782267332077,0.3247549533843994,0.31310519576072693,0.3625630736351013,0.3465834856033325,0.286419540643692,0.39827588200569153,0.39432284235954285,0.33742836117744446,0.25962555408477783,23.416628492902795,17.370443385032953,21.022767838354547,19.915205991482516,19.679373272834116,18.857932641579485,38.3794868137955,-0.08269073774434482,-0.05644705810662871,-0.10392133570121342,0.010936384466717812,0.017170003691704183,0.012493187993439316,0.05086923880993813,blues
0.38703736662864685,0.41294917464256287,0.5119534730911255,0.3375686705112457,0.2410895824432373,0.2683027982711792,0.3325377404689789,0.39574816823005676,0.39188912510871887,0.40324142575263977,0.4443824887275696,0.4075436294078827,22.327697649554406,16.049369128324127,17.443490039892446,17.616677477194177,18.31081674393425,17.922979505361933,34.39455273124706,0.017763181445587136,0.05458226832388878,-0.0608623271256294,-0.03425511632875279,0.011102261817651614,-0.0018945234481601814,0.032053605955143075,blues
0.39043349027633667,0.2817360758781433,0.22116579115390778,0.22261770069599152,0.24872185289859772,0.2539384067058563,0.2705115079879761,0.3900945484638214,0.44916531443595886,0.5355784893035889,0.4682191014289856,0.4513983130455017,24.60551908254817,18.99533174321531,20.281564284918407,18.677558086524165,18.501345798638148,18.11627588728358,27.14665356721561,0.12773158591543804,0.012207494698796225,-0.043904128631365225,0.10927138566878616,0.03439440994617142,0.03216935325146,0.025648171645398298,blues
0.34375667572021484,0.31499239802360535,0.3164294362068176,0.33806195855140686,0.43911421298980713,0.42199134826660156,0.41990208625793457,0.3883436918258667,0.36101555824279785,0.3835907578468323,0.3840121328830719,0.42297646403312683,21.61303238506446,17.032219525558478,21.255631636035808,19.703434335615285,20.023026832377713,19.226265453778442,39.02784158377486,0.10708752408591643,-0.10739204016487028,0.0012523012886890886,0.03282175421619699,0.007390060027145282,0.0037028581559101982,0.05819685626933488,blues
0.5381096005439758,0.4447384476661682,0.4716651141643524,0.4257374107837677,0.42985403537750244,0.32130545377731323,0.29335689544677734,0.3042691648006439,0.37359219789505005,0.36937618255615234,0.47455352544784546,0.6205438375473022,24.74353582470149,15.067418579061478,17.766536671411934,18.193549980245958,20.010634335820495,18.193071888446532,32.618749558312885,0.09856140619840802,-0.10193189425739888,0.013485462731074491,0.09493978380255123,0.02385259363588146,-0.025776391770771352,0.03605237637761021,blues
0.3586069643497467,0.3067319989204407,0.265523761510849,0.29491734504699707,0.3993675112724304,0.4484332203865051,0.5511096715927124,0.45808857679367065,0.3951415419578552,0.3941577970981598,0.39733514189720154,0.42221298813819885,20.88359492383346,18.563170009040906,21.60285584975124,19.08321952376805,18.902615857639773,18.06544829208691,29.483512214535647,0.025825808188832133,-0.20014576042413879,-0.009930251470903144,0.05113296882499344,0.014131287869519237,0.0038928815233179063,0.03231153023491879,blues
0.41528451442718506,0.18875138461589813,0.23855869472026825,0.33468419313430786,0.3762829601764679,0.3856799006462097,0.5219945311546326,0.2990427315235138,0.3344593644142151,0.3979816138744354,0.440523624420166,0.59909588098526,24.254701341583292,18.73859061882917,22.102529526764563,21.461753371733018,20.904475856152565,16.34442182617894,26.015943279729335,0.2696210447827459,-0.26894270422467076,0.044431486154408395,0.12975344507993178,-0.002649985577963606,-0.00028417032575402487,0.02169698315448569,blues
0.35220959782600403,0.4007021188735962,0.3377003073692322,0.2901657521724701,0.3751686215400696,0.3402842581272125,0.36027082800865173,0.3900206983089447,0.4366844594478607,0.4920523166656494,0.37700536847114563,0.36792415380477905,24.26709552546043,16.82247151661252,20.765397555908013,20.843770784005574,21.11713483254998,20.643593252192648,35.732720731509524,0.09787368590678258,-0.045937806496539293,-0.08934717922279153,0.13916311425870678,0.03969975356777475,0.04031252374725629,0.05087905730375097,blues
0.3598249852657318,0.41093477606773376,0.33638960123062134,0.3028460741043091,0.3121410012245178,0.3141428530216217,0.4281025826931,0.3367117941379547,0.34427469968795776,0.3693253695964813,0.48532626032829285,0.43954145908355713,23.529215657680357,16.199473680094805,20.606264366828402,21.566614955778718,19.73550480998546,18.651606891157716,39.7263204853093,0.061826255128130635,-0.08922142031031388,0.03270649190124878,0.039162504362851264,0.016298831479393497,-0.004548598975101607,0.05714703270011601,blues
0.18419545888900757,0.21300925314426422,0.17026503384113312,0.355204701423645,0.5361839532852173,0.3006746768951416,0.26557019352912903,0.20977060496807098,0.3074296712875366,0.14081470668315887,0.16538748145103455,0.27872446179389954,23.058625474304666,20.228752995414393,24.046763825644526,23.97727350436802,21.587512814099323,20.2534118728956,32.24935531111241,0.20209288475047069,-0.27364959167913333,0.06379239096296163,0.21374425085402635,0.05412109932280348,-0.04299683727426469,0.04829301708720031,blues
0.4807925820350647,0.449421763420105,0.4211231768131256,0.3083791136741638,0.29962995648384094,0.2837109863758087,0.3518761694431305,0.39552024006843567,0.36648818850517273,0.36069706082344055,0.3501946032047272,0.4342626929283142,23.56375746956627,16.042658056930247,18.888215897100014,18.626383826265865,19.57168552787408,20.49923310327725,36.5719949039039,0.03998621623880438,-0.03311342231496425,-0.048273435355166296,0.023889131046693227,0.017192522971372737,-7.365029272806369e-05,0.04461485825116009,blues
0.46992528438568115,0.34217551350593567,0.3658377528190613,0.38547053933143616,0.4460437297821045,0.4429788589477539,0.44605734944343567,0.6512309312820435,0.46251624822616577,0.4610247313976288,0.44765231013298035,0.3973778486251831,19.38783050143168,14.237877745127774,16.225490514504074,17.504459509644605,18.28006003337867,18.68341764728636,41.270350199172164,0.031627382582423695,0.09193829983818642,0.05698619243290563,0.023519426739824267,0.028411915531352288,-0.00919698751427097,0.12843231885634185,blues
0.3728843033313751,0.25515061616897583,0.31601786613464355,0.42462223768234253,0.4201235771179199,0.4387153685092926,0.34108108282089233,0.4382498264312744,0.31610918045043945,0.33151668310165405,0.44395193457603455,0.3443410098552704,19.960520933642314,14.831741752036395,17.6539872357428,18.519293176195088,18.54094400347409,19.060047744032968,34.20676010760741,0.04979531485190079,0.09416328095338451,0.018487733692270577,0.05589365596866406,0.0302892494296497,0.015088027518722324,0.07476858565351895,blues
0.12448589503765106,0.297974556684494,0.4111422598361969,0.2059631645679474,0.33997559547424316,0.15979330241680145,0.336927205324173,0.19643376767635345,0.17463092505931854,0.3213181495666504,0.14651542901992798,0.31316664814949036,17.086880724341455,16.73747111291754,21.995741039819684,25.301207729986167,24.984536442974935,23.74741190495727,33.756813843009475,0.18802798448620092,-0.13823656943590865,-0.03714189134042641,-0.10216787317299571,-0.021327948334028995,-0.004376221190862881,0.0982227015661253,classical
0.16392996907234192,0.24087314307689667,0.3883848488330841,0.15326961874961853,0.14749501645565033,0.11807121336460114,0.2547348439693451,0.16138997673988342,0.09070383757352829,0.17595632374286652,0.21687400341033936,0.468045711517334,17.33526842966959,20.48005240135731,25.254957594030515,28.54324758202324,26.731524554225402,25.40376177601072,32.559252115946364,0.2154142276641498,-0.14039804698420974,0.0874024348175736,-0.1324688181528146,-0.03001121255181359,-0.036312247681044685,0.08776562802107502,classical
0.1973390132188797,0.4237513244152069,0.3618834912776947,0.23207874596118927,0.39317595958709717,0.14610639214515686,0.23258812725543976,0.14149221777915955,0.2814123034477234,0.28685393929481506,0.17807449400424957,0.45996683835983276,18.274850429366037,16.76121816316965,20.971905109327533,23.478283473222888,23.171550018856955,22.6315876402465,34.970811750063476,0.1539321586840914,-0.10600346798624494,-0.05567993940922397,-0.001803028346842836,-0.007903481439268311,-0.01731564972386894,0.09004578439191802,classical
0.33399972319602966,0.13985660672187805,0.3486931324005127,0.2535523474216461,0.26008468866348267,0.2666076123714447,0.20028206706047058,0.3221641480922699,0.11452198028564453,0.20057936012744904,0.16780026257038116,0.20250612497329712,19.732363557646327,19.441471003647344,25.2810201061586,28.50315755508663,28.182858005354795,27.955665943592017,30.5482821116759,0.17849782365969985,0.1615505128014527,0.05489746181255425,-0.025912833704389314,-0.007398899863696124,0.038880280655778525,0.10894638498163187,classical
0.3266608715057373,0.1400846242904663,0.2489766776561737,0.12597185373306274,0.3418458104133606,0.24160389602184296,0.12289426475763321,0.12996169924736023,0.18329830467700958,0.3101378083229065,0.18272463977336884,0.30405735969543457,16.286963902832852,18.912060017446276,23.206541398185546,27.986091143667238,27.290495220968012,26.115500818935793,35.36638266845117,0.16661171464383046,0.06710163062551076,0.005564130162020654,0.06789902650390296,-0.032634645584363645,-0.004000942575351297,0.11285716659416087,classical
0.315188467502594,0.1567128747701645,0.255492240190506,0.3887137770652771,0.18431314826011658,0.27619144320487976,0.1645825058221817,0.36206844449043274,0.42971837520599365,0.2538626194000244,0.25837111473083496,0.1768619567155838,17.724336137046308,17.67598588894304,22.44613746411725,22.20831320923946,21.881674914303268,21.86521020045492,32.34437353583585,-0.05611093314264969,0.14532870635394649,0.08209988572011699,0.03923685112730393,-0.01176451793433885,-0.0017571467774784976,0.07521004024071926,classical
0.5869813561439514,0.22406001389026642,0.19525450468063354,0.23415686190128326,0.17372916638851166,0.27642351388931274,0.1907813549041748,0.29723092913627625,0.3157634437084198,0.1564723700284958,0.18855403363704681,0.2977333962917328,18.67005767950589,19.892918428674133,25.513148119011724,24.913767143650073,24.715506095357235,24.129194453506894,32.902459411447175,-0.031588894733500364,0.19261268073853854,0.08977719586866935,0.09689860590369838,-0.03650534577320496,0.005235516112902818,0.07290118365719257,classical
0.18918533623218536,0.14121238887310028,0.342253714799881,0.39533066749572754,0.20491401851177216,0.3903364837169647,0.17472419142723083,0.2759338915348053,0.30637049674987793,0.2583525478839874,0.46855470538139343,0.17201492190361023,18.6275688586675,18.726212925685516,22.351675920752538,23.390173082843745,22.31483404288488,22.968772380545023,31.686931813492603,-0.17626845103242061,0.06841737301034681,0.10270284257227019,-0.09377695057773064,0.0031079487090959796,-0.001115485469393564,0.07312700901488786,classical
0.4798230826854706,0.20529712736606598,0.22564031183719635,0.16869528591632843,0.17334239184856415,0.32570821046829224,0.17470207810401917,0.24690550565719604,0.1939745545387268,0.3135335147380829,0.34277746081352234,0.20646201074123383,18.803462290311703,19.475111603311923,24.50081731767396,24.24817934802074,23.5081454509323,22.85557257537438,32.603484359676706,0.005242058631435391,0.2522173901519023,-0.02874015227294399,0.07346233431061142,0.00677109399614437,0.0315807868555665,0.07877792983855375,classical
0.33005592226982117,0.22444353997707367,0.42632508277893066,0.4163694679737091,0.18138203024864197,0.17938241362571716,0.23259694874286652,0.32187557220458984,0.2131321281194687,0.25459903478622437,0.2816740572452545,0.18486090004444122,20.66472169844167,20.576892117853124,24.40166978020628,24.451361024198988,23.822483511609576,24.25507640351852,30.32252296948609,0.09672154940447666,0.23945337815616524,0.059211559242540755,-0.06885539936384359,-0.016431427251439954,0.043528966016023754,0.056246752344354216,classical
0.2860954701900482,0.1470567137002945,0.3283079266548157,0.3176001012325287,0.2172408550977707,0.41461625695228577,0.14921066164970398,0.1786421239376068,0.1086205318570137,0.24732710421085358,0.38103604316711426,0.16356708109378815,16.712205383668596,17.13520947498006,23.6579442722377,23.925394187812238,23.36879656978973,23.29762011523366,31.12624175752637,-0.0761884583710668,0.17384217847434105,-0.021271422291815667,-0.08394664896137832,-1.5039664940904451e-05,-0.00031296603663613084,0.08621732707366589,classical
0.539260745048523,0.2525769770145416,0.30717340111732483,0.1706230193376541,0.12692606449127197,0.2745549976825714,0.16169753670692444,0.300932377576828,0.24271748960018158,0.14864705502986908,0.14594440162181854,0.26820430159568787,19.757704107833053,19.728798174236285,26.168477967769675,25.946819351854543,24.46331881685039,22.067042300631268,24.648601423819073,0.05270108575089223,0.23005892504613537,0.04717903185710712,0.11419456589056565,-0.012281731186763048,0.01935082279123751,0.06075721734822119,classical
0.542743444442749,0.1896239072084427,0.19260942935943604,0.10465753078460693,0.2510921061038971,0.39665907621383667,0.13838577270507812,0.20750615000724792,0.12192662060260773,0.25890156626701355,0.1936998814344406,0.22985592484474182,19.519922139559185,20.644789506696362,27.3599496786511,26.15689215017898,24.480291076436252,23.221233823307248,27.725680008178113,0.0971750893298866,0.27822139824001874,-0.11487171133369359,0.17244054523620053,-2.6812944252152444e-05,0.033382893129405324,0.06596252960653519,classical
0.3120013475418091,0.2017824351787567,0.40739646553993225,0.14307305216789246,0.19520409405231476,0.1814541071653366,0.18625697493553162,0.4323345720767975,0.17801348865032196,0.2274375557899475,0.11537382751703262,0.20496830344200134,18.976775510653248,18.403392923096487,23.955048470699143,25.37716949510564,25.198611311223356,23.52324552917814,29.385367134247513,0.18847055047714492,0.1815651908208872,0.08347911558532473,0.01079334201880388,-0.0023903594904124865,-0.015200517251792264,0.08087606643948182,classical
0.3749145269393921,0.2515833377838135,0.44959571957588196,0.15482784807682037,0.13281239569187164,0.06838035583496094,0.17338645458221436,0.28823184967041016,0.14776501059532166,0.2555486857891083,0.13152630627155304,0.38000941276550293,18.216234473361805,19.904455121892568,24.621019660485775,23.379095366837362,22.88925034816855,22.475349432247118,28.740754521770672,0.24212203504733243,0.0840916520198336,0.0803845607742597,-0.027003558105533468,-0.013423124720796908,-0.012212034364210042,0.06845076251933488,classical
0.20793987810611725,0.11142614483833313,0.15264366567134857,0.17796285450458527,0.3892843425273895,0.139903724193573,0.28700920939445496,0.23639215528964996,0.15832124650478363,0.2495456337928772,0.1575126200914383,0.33167552947998047,21.74741936595036,18.65496592655439,25.537908010621525,27.57346175239987,25.023513730616582,23.38241111526562,27.2202241673619,0.16093221832000676,-0.06166594699564468,0.014912718289718215,0.028002191780095925,0.03139180510150758,0.025512489061824257,0.07571871374709976,classical
0.21899303793907166,0.23903004825115204,0.6500811576843262,0.26214805245399475,0.08808238059282303,0.05061650276184082,0.1422567516565323,0.27145636081695557,0.1393633633852005,0.25686171650886536,0.12608465552330017,0.1868789792060852,18.284100868489222,22.98603357327097,23.60078938611376,23.860276679935755,21.542222461312647,19.92429250738296,23.83691863012637,0.29249982227695037,0.11723493651283003,0.01966267696251155,-0.15456379964452158,-0.05963178831337738,-0.011034339642237155,0.04765745843000773,classical
0.2554384768009186,0.2950621545314789,0.2635166347026825,0.21951152384281158,0.5001592636108398,0.2187444120645523,0.16865673661231995,0.15742793679237366,0.17598561942577362,0.39851948618888855,0.1719219982624054,0.2516765892505646,18.823637617010153,17.57457592219454,21.862532206620884,24.025579432671762,23.005349104616958,21.26399571833581,30.04741150247258,0.1889042310131761,-0.04951809738428379,-0.08738032867663817,0.11710751700817908,0.036038270536596,-0.008506747991406988,0.08107885610015468,classical
0.27332964539527893,0.22677834331989288,0.14774683117866516,0.11288132518529892,0.2814650237560272,0.3676104247570038,0.15730825066566467,0.2674711346626282,0.30035316944122314,0.16189230978488922,0.3296573758125305,0.24184031784534454,18.798760066264048,19.188193952400695,25.93335015187065,26.618407264666068,25.595573228895567,22.731886903762927,26.035702242525165,-0.11558464975441154,0.11237663489864265,0.018845171182886696,0.02958918114359162,0.01730606345529125,-0.06222249187110601,0.0706663434116396,classical
0.3496221601963043,0.2340092808008194,0.28385865688323975,0.45923903584480286,0.1897839605808258,0.18581262230873108,0.16357028484344482,0.3559522032737732,0.3724370300769806,0.22250176966190338,0.3856504559516907,0.2058006376028061,19.09393554427123,18.55936823647728,23.0413492507212,24.886060681292207,22.362341259003113,21.596677789899353,24.487117120304486,-0.15803239165599683,0.11649956068222816,0.08724968692349742,0.06755283904425387,0.018978980836132774,0.017332912089046738,0.057628894165699926,classical
0.21471764147281647,0.12444894760847092,0.3588714301586151,0.34733808040618896,0.1614479422569275,0.3332136571407318,0.15378476679325104,0.26446789503097534,0.2861725687980652,0.28250160813331604,0.5175045132637024,0.18309269845485687,18.9139566543927,17.51134742676595,22.761338964807415,24.29996832160005,24.369948015048116,23.035042821271286,29.993184708041547,-0.1547392696069912,0.18316705108148143,0.027271917436274568,-0.05608938204820372,-0.02513756073112393,-0.02905185156745282,0.0697996725154679,classical
0.3023936152458191,0.2519040107727051,0.23004594445228577,0.19932575523853302,0.21009063720703125,0.39809054136276245,0.2628895044326782,0.18401429057121277,0.17211607098579407,0.29130735993385315,0.4094218313694,0.2905955910682678,18.314661208434128,18.16062448918533,20.648484813105657,22.395992418083605,21.98625177734429,21.76094751955665,30.91983094180716,-0.05802738678694981,0.07439100403640825,-0.09914449351131692,-0.030690542596543097,-0.005182817599115978,0.0035197243619528936,0.07953924074342614,classical
0.34291937947273254,0.22821387648582458,0.2676224410533905,0.2933236062526703,0.3407098948955536,0.5198721885681152,0.21405163407325745,0.26441532373428345,0.13232508301734924,0.23009805381298065,0.300983726978302,0.18007385730743408,21.13588991263503,17.580329697964995,21.570759571262663,22.240865945047602,22.083932277644955,21.98032169909989,30.127799125587135,-0.04419837661024095,0.18595968433539856,-0.08163154285764128,-0.01246793391881738,-0.003055649502014907,-0.0022114346036867074,0.06844094402552205,classical
0.12948156893253326,0.0942256823182106,0.30320948362350464,0.6254706978797913,0.27897846698760986,0.2416578233242035,0.15735456347465515,0.21552515029907227,0.30695629119873047,0.25619542598724365,0.3980293571949005,0.20050674676895142,20.021781810427914,22.18063171404781,23.50086181881759,23.56818465996908,23.95751016815672,22.693431122960842,26.871296083601738,-0.2967951802778006,0.11539113568268589,0.2318888522608224,-0.08471968550413664,0.01923950427043051,0.07533180345590279,0.04421683161736272,classical
0.23639003932476044,0.2521618902683258,0.4521263837814331,0.2687941789627075,0.13558095693588257,0.15832637250423431,0.1870347410440445,0.3092740476131439,0.20621682703495026,0.31037819385528564,0.34392282366752625,0.17914700508117676,21.47959183007703,18.055209215018493,21.47173615053895,23.24989243718142,22.697127222268065,23.450025597809738,33.048344680195925,0.001992726279785229,0.09901076695145977,0.07295201706850554,-0.11425844362986624,0.010399459700073612,-0.012926450910908147,0.07162893343967518,classical
0.34117773175239563,0.19690443575382233,0.3939378559589386,0.27619022130966187,0.19358862936496735,0.3010575473308563,0.26011720299720764,0.41824570298194885,0.22965030372142792,0.3844302296638489,0.3435116410255432,0.22985896468162537,21.62159053624964,16.10259775514484,19.588860930048124,20.889202596233943,20.392110086420445,21.483061736786727,32.15508924024746,0.01400377935219261,0.09484842093672605,0.02441111909065677,-0.050606879267383546,0.008344443678309202,0.009059464630987077,0.0682921560808198,classical
0.31265076994895935,0.17159560322761536,0.38512086868286133,0.14286361634731293,0.20861032605171204,0.1924358755350113,0.18028439581394196,0.4918081760406494,0.20510052144527435,0.22384166717529297,0.16179707646369934,0.2721236050128937,20.093241463448788,19.914216264652193,23.46617597206757,25.943347576440036,24.533395774902377,22.34716131689082,28.569112055556165,0.20108195418165692,0.1918358995296257,0.11307631123793718,0.019725554658723485,0.00976907562875187,-0.02574587436173215,0.08173216357308585,classical
0.4180000424385071,0.22000214457511902,0.16707362234592438,0.07941662520170212,0.14565777778625488,0.33462128043174744,0.1413421332836151,0.2781159579753876,0.17896483838558197,0.4402795433998108,0.3200833201408386,0.16473250091075897,20.26717689525258,20.980085925589236,25.20150767524402,25.723022272050923,23.539330524732307,21.394262799217895,26.92010441644832,0.0858705875426958,0.33287343469820996,-0.1924671073583202,0.11812037092504585,0.02154357335919962,0.06870668002459016,0.053432620963843776,classical
0.33190488815307617,0.23051168024539948,0.42744165658950806,0.16572347283363342,0.1921311765909195,0.1708817332983017,0.2949219346046448,0.4493192136287689,0.199302539229393,0.2820321023464203,0.14900395274162292,0.2615306079387665,20.18278881945057,17.0364821299214,21.130079439914965,24.042682609894918,23.39480622535005,23.239056036983087,32.774587330924824,0.20145223640239082,0.1410848748517347,0.10582075715396327,-0.0315452334993251,0.012619867932523279,-0.004139748661060683,0.08109509437838361,classical
0.36022162437438965,0.22209590673446655,0.47753170132637024,0.1748189777135849,0.24905556440353394,0.21824651956558228,0.17283156514167786,0.27047982811927795,0.14493519067764282,0.2824651896953583,0.12309543788433075,0.2669648230075836,19.746821665165587,16.805621367263832,22.181021450731613,24.060632347025273,23.49556553398737,23.174407999514305,32.08156701212031,0.1921083052607279,0.11579636624419835,-0.00856791545794706,-0.0026776995200144603,-0.022035628679582774,0.010290408054473323,0.09219376873066512,classical
0.25737810134887695,0.1909419149160385,0.3932623267173767,0.3089238405227661,0.17858846485614777,0.2807726263999939,0.22993774712085724,0.36812928318977356,0.33378034830093384,0.29609087109565735,0.31523042917251587,0.1874176263809204,15.501034820250975,20.06117075466143,20.908149713336602,22.774821150063026,22.838174468160457,22.93607612282687,29.15579260637911,-0.07399748188921744,0.10746020067053104,0.05688138402874553,-0.060699619365422494,-0.010454001915113278,-0.007584551497930047,0.06370465366395979,classical
0.29820945858955383,0.21783022582530975,0.3413793742656708,0.19949671626091003,0.2587994635105133,0.3584338426589966,0.37405267357826233,0.45468515157699585,0.4246540665626526,0.2349308729171753,0.18227267265319824,0.29427194595336914,15.748836566567329,16.173513014863836,17.92106159582098,20.02000781909951,20.914200547842864,19.601625070274,25.24536444696323,0.037977949934395,0.053813460607081906,0.08645834055947442,-0.021784435028508572,-0.028083170513126598,-0.025298764080324904,0.03944315545243619,classical
0.28836438059806824,0.7002135515213013,0.3240499794483185,0.21515150368213654,0.24517253041267395,0.3638654947280884,0.34992459416389465,0.15748630464076996,0.27296435832977295,0.18719707429409027,0.1583552062511444,0.13617071509361267,23.348727839907855,19.71045536044962,22.428786606604593,23.345679175141004,21.781166145464596,18.212905438179963,20.988357164531024,-0.2167218398465767,-0.29473235890755956,-0.28209450667434466,0.06764797953066201,0.06419328278271626,-0.08536830074110624,0.036572756549690645,classical
0.41295602917671204,0.2847735285758972,0.19142131507396698,0.26509860157966614,0.34100615978240967,0.3866993188858032,0.1956658661365509,0.3051151931285858,0.45608046650886536,0.2662351131439209,0.21291351318359375,0.33109501004219055,17.216425376729244,19.57114224400759,23.04985651787805,23.965401049130932,22.907060927555623,22.39954898541627,23.593930690870355,-0.1250289855268257,-0.03053853310072399,-0.04128750020167049,0.14446863326822432,-0.022706498360580453,-0.019074344426002397,0.054395966260634185,classical
0.3747839331626892,0.18028539419174194,0.19268864393234253,0.13394635915756226,0.20436571538448334,0.45927348732948303,0.24085110425949097,0.25105682015419006,0.2598348557949066,0.35838180780410767,0.37350279092788696,0.25933384895324707,18.462554899537917,21.159209780884016,25.01414279626283,25.149447519816594,25.770595701449615,25.976215171347242,31.764148709821207,0.05878589657234073,0.26200605587785625,-0.032000087461616596,0.013045140105960093,0.009363296797665484,-0.014215443188152406,0.07354051865815932,classical
0.33522829413414,0.3895406424999237,0.255095899105072,0.24257205426692963,0.3337390720844269,0.2653026878833771,0.2745470702648163,0.28455227613449097,0.468630850315094,0.3850959241390228,0.2585362195968628,0.33710217475891113,17.31757503101931,15.628100940081081,19.43417163120285,20.91476948061763,22.641097988747457,22.000008781602475,27.032945198378695,0.005740921164215753,-0.06334354872199364,-0.020633775597526372,0.0471667687416548,0.0050622522133704755,-0.01325689912960941,0.06112352269431554,classical
0.15398740768432617,0.3003429174423218,0.2999826669692993,0.4056825041770935,0.28208887577056885,0.11984527856111526,0.15469759702682495,0.26467323303222656,0.20738869905471802,0.2929093539714813,0.20922020077705383,0.18053916096687317,16.180113118911766,20.926335135210874,24.04666034373176,23.24669097037133,23.753460351926908,20.913284620551963,26.348248097498367,-0.04366695938768292,-0.03383058257497793,0.047112479602106974,-0.026830494139496237,0.04723690476649222,-0.0030889836405940357,0.059409440255220415,classical
0.22662453353405,0.24946869909763336,0.23456250131130219,0.21464978158473969,0.3832593262195587,0.2086743861436844,0.18581676483154297,0.2945038378238678,0.3395189642906189,0.5397999286651611,0.30003562569618225,0.23324742913246155,16.259895168161847,19.36160041567197,22.202389897808306,22.95379920563001,24.249601624075936,24.58859969634977,31.805116395758514,0.10032258367268554,0.0062146841861562075,-0.07159182904914836,0.022027600030086688,0.024151153222796276,0.013494261504278468,0.09391540385730858,classical
0.243539497256279,0.3189269006252289,0.4682124853134155,0.2685569226741791,0.31549882888793945,0.16610954701900482,0.22196170687675476,0.3160165548324585,0.2638932466506958,0.3872736990451813,0.2785169184207916,0.2868226170539856,15.398299913515078,19.743001099859555,22.337779500247542,23.137385740375677,24.393844112219842,23.746057116503334,30.46370700699557,0.12204090476550553,0.078636021073644,0.04189504711180672,-0.06098169734599239,0.026428206688658525,-0.01735076569640187,0.07583880147911833,classical
0.2958917021751404,0.19626593589782715,0.2354339063167572,0.32668349146842957,0.27839818596839905,0.21596162021160126,0.21335239708423615,0.156251460313797,0.2801269590854645,0.31394118070602417,0.3738803267478943,0.36417660117149353,15.812516317820759,15.908989544614961,20.652686020828103,21.6997983386351,26.373857137546498,24.956952293390284,30.18331060011236,-0.05048725361411013,-0.005964109776114123,0.026577643587701122,-0.030202713834621787,0.005986625283754639,-0.004550877002003738,0.10895658110982212,classical
0.17269057035446167,0.1635114997625351,0.20113974809646606,0.1761368215084076,0.2002076357603073,0.2945992946624756,0.5213290452957153,0.3206809163093567,0.36890172958374023,0.2467726618051529,0.18999113142490387,0.1506352722644806,15.989636533485607,21.948120139866067,24.76162090577828,24.774554476308264,24.905000691861716,23.08166421353453,29.104598507709348,-0.0514428301742715,-0.0806886465670307,-0.01210584336847169,-0.042059747270277476,-0.02376422617810396,0.02263990550284682,0.07262022368039443,classical
0.3352380394935608,0.24741016328334808,0.36139237880706787,0.2701859176158905,0.46463242173194885,0.3177839517593384,0.20734499394893646,0.23473063111305237,0.15832923352718353,0.2158758044242859,0.21419212222099304,0.19153866171836853,16.97309269728463,22.16326990242456,24.42948188921294,25.269155579795843,24.9155270139208,23.722508584356024,27.680659059465746,0.09696226549935258,0.07368482539361378,-0.018348403236838385,0.01242608243523165,0.02015411115668442,-0.03299864125852195,0.07881720381380511,classical
0.28111326694488525,0.15588146448135376,0.19329071044921875,0.17210297286510468,0.5790697932243347,0.21509689092636108,0.1576184183359146,0.29777634143829346,0.24062232673168182,0.43210944533348083,0.13525280356407166,0.2819565236568451,16.51608340316538,19.283109168800614,21.814245009524537,23.267559807234807,26.5496969794775,23.493513519763912,17.664351541316943,0.2795772834033849,0.022157510397935558,-0.004339717910981408,0.16721134799937012,0.03496235418754151,-0.006556507061870709,0.09386497754204894,classical
0.10373800247907639,0.05864821746945381,0.21183714270591736,0.3653622567653656,0.13899944722652435,0.17456598579883575,0.10676632821559906,0.24970075488090515,0.13247954845428467,0.1453884094953537,0.46673154830932617,0.13770823180675507,17.435635878875267,19.36783300985058,26.029009158527682,25.667384909115682,24.22189056920528,17.306410665599604,14.910248171157788,-0.25280916294224676,0.27756779995445907,0.12161536081690463,-0.18838857259469546,0.03993168884664922,-0.02544315076583116,0.05100896352958237,classical
0.3531106114387512,0.2085960954427719,0.18069131672382355,0.3758917450904846,0.2212046980857849,0.2741405963897705,0.20318837463855743,0.2661232650279999,0.2115890085697174,0.15682977437973022,0.3934081196784973,0.18229278922080994,17.76975370734239,21.506687381163136,26.361184528917708,27.066609482636558,28.198030056685237,25.808404238734838,19.49120839435245,-0.28050857621463504,0.15683777331200272,0.14794804630743455,0.048376565345340405,0.030730537781468416,0.07917711060862972,0.0717101248308198,classical
0.23919542133808136,0.13167884945869446,0.20788410305976868,0.2048111855983734,0.3335101902484894,0.2909036874771118,0.2422376424074173,0.25495585799217224,0.1745118945837021,0.28567206859588623,0.19294211268424988,0.27567338943481445,17.483907158039514,18.75877518645182,23.009653714547984,24.076169095661122,25.046594414979662,21.523007452115284,16.262964820113034,0.08096217116126399,0.04201411217982316,0.0030841695703563753,0.023083602036707555,-0.0023851754590811483,0.009875518557114113,0.06226149338942308,classical
0.18718822300434113,0.39000576734542847,0.5800110697746277,0.3247033953666687,0.33475521206855774,0.2757960855960846,0.2590218484401703,0.3475301265716553,0.4215935170650482,0.4297221899032593,0.36054372787475586,0.25121477246284485,17.178424482362846,14.227127817222906,18.46332422448005,19.850168913912956,20.71460793098293,20.557243280985055,21.25046416904922,0.031195803925338092,0.014937708699176017,0.006698891349073027,-0.06183684398747884,-0.017852727181533884,-0.03493088653580518,0.11157585315158546,classical
0.25869280099868774,0.2498617172241211,0.23660889267921448,0.19758687913417816,0.47278064489364624,0.232473686337471,0.3713313043117523,0.19657038152217865,0.12578417360782623,0.19598139822483063,0.13447754085063934,0.4287460446357727,19.732631526774277,20.66064929324697,24.891294579235524,25.228980757864704,24.04609532221238,20.661755014611135,15.883360899779726,0.3013141644841455,-0.1253828533581945,0.06290268433069245,0.015673886765981568,0.008853256231891603,-0.006430117545483019,0.06634016398395205,classical
0.22266489267349243,0.2644590437412262,0.31562694907188416,0.4324735403060913,0.3264709413051605,0.22343772649765015,0.3041890561580658,0.19914601743221283,0.30354729294776917,0.29209089279174805,0.3291715085506439,0.3433104157447815,18.090642214035764,16.96053938041789,20.780943061260363,21.89881091259956,24.387024629097453,21.91274181106081,18.48884199934999,-0.06345166039258039,-0.1025462892086892,0.06604486305617299,-0.010776917246044024,-0.013287380007067673,0.03151486915490234,0.08720002350983797,classical
0.5672501921653748,0.22129181027412415,0.2787291705608368,0.20264932513237,0.3409087061882019,0.3195980489253998,0.2697980999946594,0.5040021538734436,0.23177874088287354,0.24236756563186646,0.19719642400741577,0.3638124167919159,17.616106527914873,14.31873934342093,18.580806884682318,20.06895170230774,19.323272518713736,18.12476067295706,16.074190382883252,0.09916184220949016,0.13561420685289707,0.07584086222280007,0.06488024053342586,0.006307676237090822,0.008690356439658547,0.10944642813951239,classical
0.5364032983779907,0.6131538152694702,0.22302751243114471,0.15458250045776367,0.12131677567958832,0.22327439486980438,0.25293803215026855,0.25962966680526733,0.28328225016593933,0.19475379586219788,0.3753904700279236,0.19437605142593384,16.167728167315264,17.309029430911426,23.360361594715958,21.855693139017035,20.72096263342586,20.6267247050376,16.095310777674243,-0.2711759189647791,-0.03108271712652359,-0.07635049136645083,-0.0594450205014205,0.0521610335641069,0.015016044321133584,0.04948709698859242,classical
0.37507304549217224,0.39823946356773376,0.49174490571022034,0.41076046228408813,0.45233434438705444,0.3230750560760498,0.40875914692878723,0.4037613570690155,0.2865438759326935,0.3396206498146057,0.31262531876564026,0.3749493956565857,17.51094980433012,16.421265706474465,17.349715820578762,16.58479324811407,17.04090653475129,16.553706792389182,16.57041620247884,0.0853385250117382,0.009091048760929348,0.00996775665657785,-0.04822715059580179,-0.0051539488133939436,-0.006774147687733557,0.06010507872968266,classical
0.4450673758983612,0.34220802783966064,0.38326743245124817,0.35184937715530396,0.3969425857067108,0.3933643698692322,0.33778616786003113,0.33111682534217834,0.30967390537261963,0.4606699049472809,0.5096738934516907,0.3932877480983734,18.92758283145036,13.767831976024874,17.483511633909703,18.893539910273198,20.208692401821413,19.02417066147496,18.99303261602854,-0.0047280761050789355,0.06590324917279623,-0.06177029877970237,-0.03952985794671692,0.012764092008723943,0.014004204273137475,0.12693159984048724,classical
0.17962490022182465,0.24987301230430603,0.6558299660682678,0.23977674543857574,0.2251717746257782,0.2788578271865845,0.31652870774269104,0.5429538488388062,0.22178205847740173,0.3216712772846222,0.22339989244937897,0.19524049758911133,18.156363882445827,16.625324442905917,20.35185979032783,21.561308457900964,23.611415700067973,22.422522776955372,20.274099383919314,0.10311586843665103,0.14854061354185175,0.11807658088537937,-0.0852056882778899,-0.01643195799676964,-0.033303055524857336,0.08767017105137509,classical
0.5018398761749268,0.5039897561073303,0.4906271696090698,0.37640348076820374,0.2857235074043274,0.27733251452445984,0.20933453738689423,0.2514435648918152,0.21093471348285675,0.2110053151845932,0.24348673224449158,0.2723916471004486,17.891257370052067,15.705738229888803,21.037375971437918,21.367134483656255,21.899668230954514,19.21074247242259,34.61062309085616,-0.05022422558252461,0.07760323660104025,0.03373710893213609,0.055427940275315855,0.00033808657715892973,0.001992330849922048,0.11507495897545662,classical
0.09579189121723175,0.24041587114334106,0.1191248819231987,0.2918623089790344,0.2748318910598755,0.10071184486150742,0.1705014407634735,0.09195262938737869,0.2591814398765564,0.291589617729187,0.12482073903083801,0.17691843211650848,17.108032074289735,21.302750288821198,27.242699933749147,28.06582590901886,25.016166374994807,20.987760648921842,15.947963970601899,0.024348216896756016,-0.26306321459244625,-0.008347165029300286,0.048245465157845786,-0.003937283206235606,0.04590745703617942,0.05933844499226605,classical
0.16577628254890442,0.20631445944309235,0.6905310153961182,0.30281364917755127,0.2774481177330017,0.18392571806907654,0.32622647285461426,0.6212357878684998,0.27904874086380005,0.2835170328617096,0.15266937017440796,0.2671242654323578,19.98309195235247,19.251831486370403,22.696789210626243,22.0851883902134,20.672226737161655,22.6724073311752,20.177616890167467,0.30235226536954857,0.19293040870422887,0.23523849927544313,-0.12090044279178942,0.012728951713489823,-0.059281554424047984,0.09672226140528549,classical
0.3946046829223633,0.21213386952877045,0.3681987226009369,0.20349736511707306,0.21090391278266907,0.23706939816474915,0.14349137246608734,0.305463969707489,0.20854686200618744,0.24783086776733398,0.3078765869140625,0.20691560208797455,16.326127170490082,17.27976134617055,22.299575172917205,24.914719025133238,23.994578375034394,20.674166284312737,18.152971662873796,0.0020693252343600534,0.1777038295632767,0.02679344257865633,-0.0303380669707581,0.0008456063063542327,-0.015774445542172492,0.09522957149071926,classical
0.2587204873561859,0.15503031015396118,0.4030317962169647,0.14624664187431335,0.36034128069877625,0.41550517082214355,0.21998655796051025,0.3773573935031891,0.1704310029745102,0.37395814061164856,0.11160648614168167,0.19506585597991943,29.217482470744056,18.487819646331104,24.991036509679148,27.991752750393854,28.116408474250502,23.609984994066522,15.268142992318936,0.29276003918996885,0.23720543276526973,0.07716153673856457,0.0002829202847684258,-0.0007186368924732347,-0.034313653584041,0.08184394334880124,classical
0.3330004811286926,0.19723981618881226,0.30957522988319397,0.18915662169456482,0.3073437213897705,0.33595356345176697,0.24885550141334534,0.32618290185928345,0.24583302438259125,0.37574756145477295,0.21800504624843597,0.3040356934070587,31.09331071331101,15.579308186577432,19.81461280545475,21.839028819232183,22.875511901753004,22.716185156751667,18.747579659283495,0.10844360375629464,0.08151691855967828,-0.03685997573014899,0.03442225589475241,-0.028526809364585185,-0.004352702447324862,0.093266250362529,classical
0.40970125794410706,0.22990912199020386,0.28209614753723145,0.21545714139938354,0.31906798481941223,0.34033650159835815,0.26599639654159546,0.38257408142089844,0.249534472823143,0.3410259485244751,0.23356103897094727,0.3951985239982605,30.779516982003223,15.239469348117453,19.09219814174652,20.450829065819732,21.470224544189616,21.377140909438065,18.53508208344649,0.10804053011031604,0.07680676089842677,0.005650166688632266,0.059791856889785076,-0.02153755051841438,0.004197873152635453,0.1040197668938515,classical
0.4708942472934723,0.2192290723323822,0.3113468587398529,0.19055071473121643,0.3166286051273346,0.2058723419904709,0.20148925483226776,0.3940139412879944,0.23716706037521362,0.3773106038570404,0.17275351285934448,0.2845684289932251,32.78663891621095,16.23941252391331,22.73149721844519,24.396301407623056,24.342603541189668,21.689214491463233,16.782373694482164,0.17825968209746842,0.15499972845182836,0.04897523863631459,0.15426614787213483,0.005156676400090763,0.03582338166256758,0.0761046560808198,classical
0.43383458256721497,0.26041075587272644,0.33321312069892883,0.21783515810966492,0.24293917417526245,0.45365530252456665,0.33212336897850037,0.3025977313518524,0.21622145175933838,0.367491215467453,0.38444042205810547,0.2983192503452301,29.376838035374014,16.08100632905021,20.085117549074308,22.056129003836997,21.801817867535487,19.744614468288813,15.708797511557197,-0.012389838286608232,0.14120728562855722,-0.07248305271567648,-0.0412707719137952,-0.031938154418042354,0.008686557678831364,0.07402917754253674,classical
0.25645729899406433,0.17785882949829102,0.25018489360809326,0.16074110567569733,0.1769126057624817,0.4597570598125458,0.19218169152736664,0.13132314383983612,0.12051567435264587,0.18360885977745056,0.37733694911003113,0.2353488951921463,16.750763249672538,19.087554308184412,25.994097164911967,25.087196882776254,22.38206362222691,15.700707077124996,13.50458881980035,-0.1141534118854446,0.142571133574497,-0.05455626161338306,-0.1324572282485313,-0.03243244517913954,-0.015183617199367018,0.03604482369006187,classical
0.13230392336845398,0.21358495950698853,0.1177702397108078,0.3153218924999237,0.19747553765773773,0.056814756244421005,0.10487568378448486,0.19410166144371033,0.6013960242271423,0.2661769390106201,0.07038857787847519,0.11833213269710541,16.098660424214092,19.91004645127235,25.270057181295208,26.038860880386128,21.069163484446086,15.748338728839725,13.797070152037707,-0.12055961382654236,-0.12612999843523257,-0.008445991859365374,0.24618838980292634,-0.05987901968558658,-0.0001295497306037253,0.0422878752175174,classical
0.16385729610919952,0.3567847013473511,0.4898034334182739,0.283047080039978,0.13822628557682037,0.17687347531318665,0.18748652935028076,0.11605822294950485,0.0908452644944191,0.15316611528396606,0.18003644049167633,0.15022990107536316,15.666607154225348,19.479078556407757,22.82106107758766,25.075376047208337,23.664339645251054,17.712539846800468,14.09068388485137,0.02615301337166852,0.01665755209515794,0.018131590302102943,-0.12745250848950987,-0.01965439307896422,-0.01141745979250866,0.04750791521655066,classical
0.27204281091690063,0.16127923130989075,0.20644661784172058,0.18336442112922668,0.07015784829854965,0.10001760721206665,0.10604848712682724,0.28306320309638977,0.1878231316804886,0.12427792698144913,0.32079026103019714,0.23026235401630402,16.495073341873614,18.56932271386204,26.63850015548566,25.911899308066932,24.960912064063812,18.61100462348303,14.016118171082924,-0.06209519258387954,0.11970527930939276,0.1148722900318274,0.0227146154674373,0.015064201118390397,-0.02793295941047646,0.04502194811001547,classical
0.422258585691452,0.23196151852607727,0.2969479560852051,0.21176138520240784,0.3842816650867462,0.3156639337539673,0.1764904409646988,0.32422441244125366,0.163346529006958,0.1249690130352974,0.1699363887310028,0.387992799282074,15.488452679414847,18.49402744966654,23.37277732342771,23.808445701347445,21.754551284454504,18.069393784949014,14.74538214711315,0.0643295146498903,0.11128204435204783,0.05938384241200488,0.11467648673966836,0.0012704837580848353,-0.02959015624318919,0.04635726326856149,classical
0.41657787561416626,0.12562024593353271,0.15839964151382446,0.08214125037193298,0.29492703080177307,0.5272514224052429,0.15220189094543457,0.28848978877067566,0.14486798644065857,0.3988437056541443,0.3305208384990692,0.16731935739517212,17.820079780929223,19.982393884722473,24.372508403350352,26.50591556446809,24.048293760135735,23.552995562588,18.886834649491703,0.08168014324782447,0.28114764097191597,-0.173167375574711,0.0917392571392625,0.008654354160651741,-0.006171332786942915,0.09517254869972931,classical
0.3940443694591522,0.12450957298278809,0.17884206771850586,0.07495176047086716,0.23678746819496155,0.4317411780357361,0.15193940699100494,0.2922137677669525,0.11963983625173569,0.346219003200531,0.3284716010093689,0.16063128411769867,16.672588460259092,20.097749867317688,26.80983826849216,28.037312573263787,25.029038659890617,23.83365333730134,18.74063748618151,0.08009339359477062,0.28589486075926634,-0.1363738162435119,0.07568570556967551,0.016021486270509887,-0.002906315646757986,0.07925337151972157,classical
0.24000607430934906,0.1826012283563614,0.25239959359169006,0.1689557135105133,0.21241043508052826,0.27149951457977295,0.14149117469787598,0.21729347109794617,0.22599352896213531,0.5398873686790466,0.31449833512306213,0.16337962448596954,17.101293647884898,19.217126659221748,23.29188972432604,24.182762817056048,23.78451343433342,23.16332966856414,18.28022027575019,0.11294908874910639,0.11614482228456706,-0.12013261096173149,0.03182406948839008,0.005640814982070544,0.019515795415402045,0.07083778941898686,classical
0.4657166600227356,0.1924685388803482,0.17297852039337158,0.10416470468044281,0.18449005484580994,0.29391151666641235,0.1254982352256775,0.19324219226837158,0.09467209875583649,0.20315665006637573,0.22874175012111664,0.23851345479488373,16.11212998325342,18.107827911455274,24.14249153523645,24.023637704755714,22.957076499033153,23.521442214210555,18.686827499379536,0.05756976268356504,0.16946534912216935,-0.08677850762376389,0.0656590787830707,0.006204177239809263,-0.0068220799683131154,0.075862970079273,classical
0.3143886625766754,0.19955942034721375,0.3200724422931671,0.2659987509250641,0.24988307058811188,0.4726286828517914,0.2197723686695099,0.17568835616111755,0.1554306298494339,0.33545321226119995,0.40408855676651,0.23959366977214813,18.315310663871934,18.45026275442489,23.25115714080235,23.105325931625618,23.77062818758637,22.622118287264204,17.44084624747113,-0.022607098163069134,0.1561812963044538,-0.07740263088713623,-0.07512994592595935,-0.013687988698390137,-0.023995974659703642,0.06374241710170148,classical
0.42929452657699585,0.1525471955537796,0.28669700026512146,0.15262289345264435,0.19383607804775238,0.4607415497303009,0.14129742980003357,0.1185077652335167,0.06141116842627525,0.18982236087322235,0.24266499280929565,0.16624364256858826,17.17413246886574,19.180481670012338,24.370898051673173,24.59952096603608,24.23208455009267,23.557105876723522,17.473757616106447,-0.009623302389533647,0.29508301262329534,-0.14278034911305867,0.011554194199409616,-0.03174518304435358,0.0006028605514830518,0.0709397507008894,classical
0.2773733139038086,0.13728250563144684,0.30251187086105347,0.1472727358341217,0.2124796360731125,0.4497068524360657,0.14754916727542877,0.13920794427394867,0.10035686939954758,0.3157273828983307,0.4398851990699768,0.17940306663513184,17.94342387135925,18.58269487778604,22.088256259135537,22.2102041098267,21.483471419237368,22.562093556760022,18.21305153988935,-0.009928722152597387,0.2273919018437181,-0.12692457911171665,-0.057706578530238986,-0.00792341946955544,-0.03590582383883725,0.0721379845804331,classical
0.5362530946731567,0.26113060116767883,0.06872174143791199,0.09132113307714462,0.1702592372894287,0.2631107568740845,0.12940122187137604,0.24313487112522125,0.22020715475082397,0.11379785090684891,0.23360887169837952,0.277398020029068,19.02834054793265,21.030532601074587,28.344419587245806,26.205293002160243,24.449359049212127,23.33323430512922,16.422667102822427,-0.09886173176732922,0.20136056317760126,-0.019187081825961967,0.1569369492468216,0.02936587803980118,-0.03216063914163653,0.06086408787703016,classical
0.3050309121608734,0.2298654317855835,0.20068125426769257,0.4154830276966095,0.16574116051197052,0.18371866643428802,0.11599598079919815,0.3423256576061249,0.3925647735595703,0.20934699475765228,0.3668666183948517,0.19676902890205383,17.109974846037154,18.146408558838232,22.52851514425477,22.299049082944418,22.137956835335217,22.53336182265191,18.00836858075517,-0.16593745456911219,0.115861941754115,0.08891387922546701,0.08184635412302337,0.02445957022432781,-0.012282329118988468,0.07174562246229699,classical
0.1746213734149933,0.09397806972265244,0.28288915753364563,0.40239518880844116,0.19133800268173218,0.3296639919281006,0.1987074613571167,0.19234995543956757,0.2753004729747772,0.1643209308385849,0.15872009098529816,0.16379815340042114,15.352997731402398,19.833894122986454,24.88179179721868,24.70041512543898,23.59879715429894,20.45971053636851,16.687167693859134,-0.09786065284658901,0.12256870330473256,0.04685652328148044,-0.01851272337824361,-0.06329444760474554,0.04455203784272083,0.048334934503093584,classical
0.2574406862258911,0.23316572606563568,0.18210728466510773,0.40198829770088196,0.15885357558727264,0.1375802904367447,0.10117749124765396,0.29512932896614075,0.40296855568885803,0.1979338675737381,0.21297118067741394,0.11982911080121994,16.53056070384746,18.98373663667054,26.061043156974588,23.547201540196063,20.95844800309353,17.916575985359753,14.757775405625178,-0.22810316167664765,0.1295889336498893,0.10166839179089496,0.12912668440165392,0.016430266269210257,0.014626759930952488,0.041281857236078884,classical
0.12168775498867035,0.10355798155069351,0.3032594323158264,0.3554381728172302,0.12761086225509644,0.19596557319164276,0.14067359268665314,0.18200568854808807,0.2872038781642914,0.22796860337257385,0.4088299572467804,0.1591297686100006,14.75606253520017,17.16370892406481,22.31845038649408,24.297560566820074,24.119579974842075,21.639521648799143,17.475062045567867,-0.1565766751905509,0.11205196539571245,0.04622216479548834,-0.12756106758969915,-0.020311870630747336,-0.0022771589264232645,0.05208824258023975,classical
0.36722955107688904,0.3343808054924011,0.3953237533569336,0.4814547002315521,0.4931379556655884,0.38542094826698303,0.5560379028320312,0.5250975489616394,0.2924773097038269,0.27335867285728455,0.5734979510307312,0.5794690251350403,15.99821881604189,16.59927824449805,21.064907107537778,16.90862477817036,16.670543921754263,17.05535010551,14.021218986029492,0.03982201578974378,-0.0544194169425045,0.10986748937235052,0.026896460616366084,0.03012237920792547,-0.004750188760069026,0.03153360341744006,classical
0.16062086820602417,0.3595047891139984,0.4196627736091614,0.2222781628370285,0.3441300392150879,0.218642920255661,0.36199209094047546,0.2219053953886032,0.20787960290908813,0.2484356313943863,0.15740525722503662,0.2787960469722748,19.44480915108125,19.32670531577633,22.537770739543433,23.761973178733463,22.74473997070138,21.28956885622065,15.97454081009011,0.1823015130453855,-0.11353436035806677,-0.0628500392491954,-0.10291098569334708,-0.02028180747613404,-0.0317358430008615,0.06057444230955143,classical
0.22384320199489594,0.16997948288917542,0.2706894278526306,0.22445249557495117,0.28971782326698303,0.3166518211364746,0.3303952217102051,0.38719549775123596,0.28869250416755676,0.32387518882751465,0.31568294763565063,0.25047439336776733,19.717385013982565,21.503600117105933,22.24631431980154,23.547676224206356,25.569904210986856,25.99620744551391,19.77740526230117,0.05296168630509575,0.0905073315817562,0.027386756029703047,-0.03902808934297466,0.0051048983984842465,-0.014855478134756005,0.08737817514984532,classical
0.507993757724762,0.17903350293636322,0.19536004960536957,0.08823493868112564,0.22357912361621857,0.41003233194351196,0.1412116438150406,0.21639439463615417,0.15872825682163239,0.47608959674835205,0.2028421312570572,0.13810893893241882,19.91058870061741,20.075045639662356,25.717863037839347,25.341150196602236,26.340624478226758,22.083062350421084,16.30995063683773,0.20297618066525133,0.3850147393778095,-0.26238577012300396,0.13853073661119789,-0.0229346923183302,0.07876296159098241,0.050776340753093584,classical
0.2310686856508255,0.1438993513584137,0.20901396870613098,0.15660129487514496,0.11475830525159836,0.21161922812461853,0.1924801766872406,0.5910268425941467,0.2872438430786133,0.1923326551914215,0.4333430826663971,0.18544383347034454,19.86954501051964,18.81068806925074,24.004095995733323,22.89210820802332,23.683535548872186,22.32192092158132,17.12400706748585,-0.07039599134861252,0.3006810459206053,0.14280249176969012,-0.07047307375553434,0.05352565786237418,-0.04566302089561175,0.057944596505220415,classical
0.3375800549983978,0.2272903472185135,0.499259889125824,0.2968136668205261,0.3628969192504883,0.3490608334541321,0.20823751389980316,0.3922732472419739,0.21896706521511078,0.3210602104663849,0.2974401116371155,0.20600707828998566,17.92749236879654,14.882813173936553,19.215796079440306,20.529570989166398,21.981498274621845,21.66627993654355,17.207331631993178,0.07623371618931471,0.17110795493353187,0.003746729795024775,-0.039305974671736736,0.013385258170216248,-0.013989480570850345,0.09158955372679814,classical
0.19149181246757507,0.16623513400554657,0.3479553163051605,0.4619333744049072,0.23386496305465698,0.40100306272506714,0.20460711419582367,0.4280824661254883,0.4550878405570984,0.2613183856010437,0.4228486716747284,0.169850692152977,19.878409935950213,14.84387893575292,19.437355873683536,20.313945544477836,21.715393939373573,21.371227372011067,18.9440530564325,-0.17483345325695918,0.1391837310665062,0.06022881347778242,-0.010633650768119318,-0.015473475152841715,-0.02034917520233108,0.07683462333236658,classical
0.22882018983364105,0.21470531821250916,0.4021892845630646,0.16060195863246918,0.21918965876102448,0.12491974234580994,0.2908170223236084,0.4515518248081207,0.23989616334438324,0.4328087568283081,0.1850583553314209,0.34185415506362915,18.768816159697245,18.89679100117062,23.958395773199747,23.703282943996687,24.66358440016056,21.587480511494594,16.42720926431219,0.3589483594275136,0.03819765002321013,0.06546689537033279,-0.07570503550608289,-0.010674606494019998,-0.006753471616870915,0.05104483879543697,classical
0.34127750992774963,0.2535035312175751,0.2119688242673874,0.31102409958839417,0.14900946617126465,0.21924781799316406,0.14133860170841217,0.3971203565597534,0.55556720495224,0.27469027042388916,0.4616423547267914,0.21662117540836334,18.26508170273654,15.63502298873112,20.766022748447295,20.527281915508702,21.66359655113057,22.144239643273384,17.222759674119025,-0.21383585518875092,0.08003775448969622,0.04312153477423391,0.07789115364499795,0.007040638741455737,-0.008341332441426269,0.07056627030162413,classical
0.18509714305400848,0.0933556780219078,0.06119300797581673,0.18315768241882324,0.27486565709114075,0.08935507386922836,0.12421143800020218,0.07525401562452316,0.3685663640499115,0.3402616083621979,0.15639519691467285,0.655684232711792,18.20682108900761,12.999680415493534,17.509529639635783,29.19414269559014,28.80666771219487,25.985438656712837,38.04730639291956,0.12835860847089017,-0.11491363809560573,0.05803036437227977,0.1393223042957836,-0.03256063906540969,-0.0024927027755087794,0.16665269419470224,classical
0.16763657331466675,0.2868596315383911,0.13004183769226074,0.26356127858161926,0.15772606432437897,0.07338349521160126,0.17544427514076233,0.22751286625862122,0.48699378967285156,0.2737918794155121,0.24209991097450256,0.14779721200466156,19.69834910425363,18.721500975077134,25.37021290040929,27.166098435437707,28.181049265691335,26.92767160050044,35.77893298228139,-0.11657203498504859,-0.11388728000729087,0.040478126577347194,0.09688962268954954,0.019464685420810222,0.006696209877805755,0.15196460508507348,classical
0.14325444400310516,0.2933327853679657,0.13150554895401,0.24401438236236572,0.42186564207077026,0.17637786269187927,0.20664578676223755,0.14151272177696228,0.3386560082435608,0.23963533341884613,0.09838356822729111,0.2759023904800415,17.28026470591733,22.037135432161882,22.56771575334951,26.57125390097077,27.36256060901991,26.191891619005965,38.373303268315375,0.06886581935549688,-0.2106928859161985,0.00945359122185245,0.18015952701539906,0.03616668227983149,-0.030404332518409745,0.15240530440351896,classical
0.29026466608047485,0.09248527884483337,0.042802806943655014,0.12809784710407257,0.2810478210449219,0.12570612132549286,0.12636741995811462,0.0683506578207016,0.1019602045416832,0.39994803071022034,0.17941752076148987,0.3368837237358093,15.841369026691698,20.42803436638879,24.50036510859273,22.685046809688735,31.92644980559825,27.8186315955984,34.06687236249147,0.2310965035556942,-0.06664595307984375,0.008011949918112441,0.1901217233274371,0.008017683856960079,0.05869593907238401,0.13096813370069604,classical
0.25679048895835876,0.10057653486728668,0.21913307905197144,0.16466425359249115,0.42653051018714905,0.43179503083229065,0.2551146447658539,0.4145430326461792,0.11722245812416077,0.11127464473247528,0.06121617183089256,0.16445855796337128,18.109498352963012,17.23721128633658,21.238011578874147,24.941302290527275,25.80107842649499,23.421590606237583,35.81614163366787,0.0625412446766352,0.11342705509248308,-0.026342791305640646,0.11770213793384082,-0.009963635068744623,-0.021620785480052546,0.10824964955529776,classical
0.4266049563884735,0.33505117893218994,0.5312088131904602,0.3250083923339844,0.20112141966819763,0.2184724658727646,0.35218217968940735,0.44662633538246155,0.29512038826942444,0.4844524562358856,0.5486199855804443,0.26127657294273376,17.61686243056612,18.149692918383874,22.223374895624644,21.922875347415665,21.796094372872282,21.162229868962875,28.719212968847447,0.13048096005960622,0.1649411722030706,0.05949487828354979,-0.13904522581577694,0.018733041210796674,0.008534099072238146,0.07011877356438515,classical
0.2937870919704437,0.15847571194171906,0.3567838668823242,0.1690257489681244,0.12500418722629547,0.3362552225589752,0.13255901634693146,0.22168737649917603,0.1783367097377777,0.22476132214069366,0.38070663809776306,0.1548808217048645,17.965258754985413,17.939238286448983,25.419526296594974,25.78809032235202,26.12808766849748,25.312456166928524,30.107727531539176,-0.02690673163756208,0.1625636857880335,-0.000990233404240647,-0.1160681600461312,-0.007900577836326042,-0.023815296661455907,0.12435424521461717,classical
0.21394948661327362,0.3671391010284424,0.5994517803192139,0.25113147497177124,0.22109626233577728,0.17671963572502136,0.21976390480995178,0.29514315724372864,0.2117638885974884,0.4688016474246979,0.29086625576019287,0.19952043890953064,17.586383838347082,17.476313380468454,20.789840679061964,21.009567689998107,21.460906088812553,21.65711673609084,36.4410876028032,0.23110105792996552,0.10638042668811891,-0.05557955391503363,-0.19581560097124837,-0.04582023458053486,-0.022449275408673395,0.11757193179621037,classical
0.3503473103046417,0.23687826097011566,0.24383804202079773,0.11157792061567307,0.3790673613548279,0.19709229469299316,0.08264034241437912,0.17907872796058655,0.17025619745254517,0.3320763409137726,0.13538303971290588,0.2491927593946457,13.499979856247446,18.208182677625985,24.178789732567164,24.709173814103966,24.598081893537064,22.963552066352072,35.01379457833939,0.18051394323393788,0.04436830612441553,-0.08264069932628909,0.1086775956132318,0.018137624298883673,0.017827327887197045,0.08590993269044857,classical
0.3978668451309204,0.1438601166009903,0.11233401298522949,0.10269967466592789,0.3878664970397949,0.5836416482925415,0.2786880433559418,0.2832641899585724,0.1927138864994049,0.5177869200706482,0.31017738580703735,0.16863593459129333,15.67968506995799,18.681856004272436,21.483555267484938,23.963960821662724,24.473955974069177,23.647332030933015,34.82540628625214,0.02670617247013227,0.1604835607507547,-0.16078011369748996,0.035666064211589854,-0.019522865530397556,0.015149315347900786,0.12342262120552977,classical
0.3057226538658142,0.35224056243896484,0.3314848244190216,0.3521755337715149,0.3939369320869446,0.22778719663619995,0.42461585998535156,0.36581212282180786,0.25288641452789307,0.3207505941390991,0.29910972714424133,0.3802762031555176,16.995481788381902,18.416940781017896,22.534928164284246,23.5589675625918,23.44327116913268,23.75125652738019,31.683750783951304,0.05492951527354836,0.05871522408541997,0.05515241688182203,-0.054752304256884356,0.021348055727132435,0.025112279399808816,0.08068536107888631,classical
0.28090786933898926,0.42642566561698914,0.3355582058429718,0.3660879135131836,0.36974525451660156,0.3916054964065552,0.589739978313446,0.3942892849445343,0.4635731279850006,0.3292991518974304,0.3145763874053955,0.3453477919101715,23.765644637986018,17.340008593697142,20.867623429966567,20.055148835040853,20.09364456861904,18.863696573790172,17.678507336092775,0.05796016750709224,-0.11834296985900167,0.02091215532071819,-0.12735936507643034,-0.009293183562522945,0.020371687541037443,0.1072048611111111,country
0.3155817985534668,0.4151374399662018,0.3190988004207611,0.44664737582206726,0.41662508249282837,0.454822838306427,0.6393337845802307,0.4212630093097687,0.3800397515296936,0.2614918649196625,0.3887317180633545,0.5098788738250732,22.52371102327537,14.466340219759871,18.702241989148302,19.209025123470763,19.305560326277313,18.258371793069646,16.72841449353654,0.029826718276076202,-0.08484692315758144,0.058549873656193484,-0.01955245611562533,0.0012044852097358681,-0.002794703620299388,0.12698824499709976,country
0.2632967531681061,0.3307700753211975,0.25216144323349,0.2524799406528473,0.3602120280265808,0.2617184817790985,0.22777974605560303,0.22168616950511932,0.3736512064933777,0.4660133123397827,0.29311904311180115,0.2620476186275482,18.77929089718846,19.678940491637288,20.153043344507033,18.631183164595868,18.968375662940062,18.40445179450541,17.443319892630523,0.1311108800793836,-0.08587129141474248,-0.11270147328341916,0.10106600159907349,0.022627198216957908,0.02090216418660591,0.07416238114009939,country
0.3063270151615143,0.35659167170524597,0.6214755773544312,0.3440060615539551,0.33014699816703796,0.2327681928873062,0.36993125081062317,0.5071027874946594,0.3788372278213501,0.4702666699886322,0.2734431028366089,0.3329557180404663,22.196615279904233,18.112043137504678,21.765783250269717,20.79094135890714,20.463909020158972,22.134869444008057,18.77448028785175,0.1294855101727946,0.1254037683010586,0.09388637183603162,-0.030161486484467977,-0.00036065487910363946,-0.020111650470341455,0.1025643835864938,country
0.3137993812561035,0.2327737957239151,0.21850557625293732,0.36114880442619324,0.5383796095848083,0.35542598366737366,0.37827789783477783,0.322340726852417,0.4478793442249298,0.37981826066970825,0.41035565733909607,0.6344665288925171,22.338170624509083,15.698051958273744,19.609473544705136,19.32355251888997,18.620337889146736,18.174621599477245,17.003658863335772,0.0994280218009875,-0.07359995927544888,-0.020709070549332503,0.07998351860883703,-0.005288821461526515,0.0028666157897881935,0.12416100280572756,country
0.4400665760040283,0.4111131727695465,0.4956495463848114,0.3664420545101166,0.4426751434803009,0.3516550660133362,0.4036090075969696,0.5229219198226929,0.3706205189228058,0.4111712574958801,0.3325607478618622,0.4441680908203125,21.500016363261278,14.87280296933679,19.052750167181966,19.068913831213752,19.64813893696075,17.692584451504477,17.493496308756026,0.06275568652023221,-0.0141164821327953,0.04704558013931928,0.001919659499310213,0.006293767113177181,-0.00038324334642240033,0.13637249376438987,country
0.3872218430042267,0.323973685503006,0.4794761836528778,0.4100726544857025,0.45540767908096313,0.6417345404624939,0.4221312701702118,0.4380604922771454,0.2958624064922333,0.3834456503391266,0.4870379865169525,0.33480942249298096,21.88032850059514,15.983110177981764,19.335840731518143,19.49022216707852,19.35809154501529,17.98364406138984,18.483782588746735,-0.0211034087238023,0.08668819189051725,-0.02045031405227201,-0.02259067390555861,-0.0022243343080172546,-0.005828598722268222,0.1283081334879495,country
0.4749505817890167,0.42914682626724243,0.3860816955566406,0.5202969908714294,0.3613886535167694,0.3855161666870117,0.31289979815483093,0.4275358319282532,0.5793956518173218,0.3989006578922272,0.43052399158477783,0.3507538437843323,24.0270345637407,16.128659057158124,20.018998836819684,19.37452373693896,19.98043945990251,18.564707202403973,18.211418344927843,-0.1659112384101354,-0.05484237993505502,-0.03639756146336884,0.09581885867948198,-0.009161793831359464,-0.014317249482059287,0.11293582502902477,country
0.3556841015815735,0.36208784580230713,0.26729854941368103,0.3227211534976959,0.4840267598628998,0.38064703345298767,0.38942769169807434,0.28034839034080505,0.3909515142440796,0.2985551357269287,0.26630714535713196,0.46599701046943665,23.684453402564916,16.32546370024667,20.941022682758334,21.092005412907994,21.403773262551404,19.402761812699506,20.085740633483734,0.15505133155267717,-0.12396668822261757,-0.018200057832296314,0.1464149630251545,0.005914846407950888,-0.02887109349914034,0.10456258734097919,country
0.34357988834381104,0.329824835062027,0.4920904338359833,0.2811872065067291,0.35516926646232605,0.43174508213996887,0.4809282124042511,0.7535148859024048,0.4644761383533478,0.45571842789649963,0.3945998549461365,0.3724813759326935,20.32641530663307,14.988263481968083,18.621544783731657,19.18761498455644,18.71062235349128,17.71369194304997,17.10774558664872,0.01930083845779776,0.07470852783044388,0.04104356374016695,-0.017562214208962677,0.007390621171116587,-0.02688964276522811,0.15687278464988427,country
0.3555891513824463,0.2453646957874298,0.2505575120449066,0.2349104881286621,0.3667677938938141,0.31835898756980896,0.2702936828136444,0.4376264214515686,0.27982670068740845,0.280987948179245,0.2095828801393509,0.2476464807987213,22.70730945745052,18.66388819655847,21.467723782310333,19.468032516504334,18.87100866333028,19.370934230009023,16.633071916244322,0.10906102282304302,0.10664497012051889,0.07901833872746583,0.07646753153729852,0.005226261881160164,0.0017140228683035533,0.07654006851798144,country
0.24819335341453552,0.2587776780128479,0.40739092230796814,0.267475962638855,0.2684568464756012,0.24873527884483337,0.36654630303382874,0.37981978058815,0.2493407428264618,0.32244303822517395,0.2587314546108246,0.33494704961776733,22.737319760299616,19.04255024004598,23.438336828548845,23.129110584318923,23.286867044868696,21.073874668386768,16.999324454470297,0.1906838294079483,0.051873754904510634,0.038142135915290906,-0.14276931417222902,-0.006447739218238542,-0.044115855632157516,0.11016274531129157,country
0.42901554703712463,0.27573397755622864,0.26660194993019104,0.2164619117975235,0.3606274724006653,0.3928495943546295,0.3189798593521118,0.45254021883010864,0.25413328409194946,0.17228369414806366,0.1557004302740097,0.26337674260139465,23.521720026549197,17.168088877980285,20.31751484170708,19.395353415710797,19.220853461965646,18.469595521813368,17.05575960388474,0.09506630772732048,0.14506464056118393,0.04375753873614879,0.08633838352377748,0.013559397665953663,-0.000987546379610905,0.06405358782869296,country
0.2763579487800598,0.36968693137168884,0.28968361020088196,0.2681812644004822,0.5375936031341553,0.3639555275440216,0.34896382689476013,0.3043052852153778,0.3872936964035034,0.5407388806343079,0.3541663885116577,0.3763214945793152,21.48647476266471,14.37233392496013,18.693661279071623,20.686529230912942,20.879584140379404,19.135012885976003,15.530794343329584,0.10079090747727308,-0.06318172583201782,-0.08847252206339556,0.0190297280959006,0.014731307028360455,0.0025609534897186935,0.1295221716695669,country
0.24992941319942474,0.4367782473564148,0.4282820522785187,0.37774187326431274,0.47622254490852356,0.32921335101127625,0.32977691292762756,0.23325543105602264,0.3551768660545349,0.5130575299263,0.33403342962265015,0.31721922755241394,22.692841719923905,16.399348811040145,20.690324518776766,20.453710565121305,19.695285953080596,17.77090698634563,15.280115172558432,0.07211232231760961,-0.049761798220455865,-0.06139868033699817,0.01284352956485196,-0.0025037738673057528,0.009556609737108427,0.12478399313611756,country
0.3378777503967285,0.31778061389923096,0.3777042329311371,0.7605423331260681,0.36444100737571716,0.3031982481479645,0.32089725136756897,0.306119829416275,0.404933899641037,0.3272418975830078,0.42295488715171814,0.31134989857673645,25.26399102653066,13.959533738533182,16.882364988649318,18.683478426027516,18.686048865025686,17.892721222411943,19.78745833945719,-0.1733399897605143,0.037296890129147324,0.06322705751747369,0.03781131968299764,-0.019230941163932105,0.023219842840798578,0.09423639307811292,country
0.47893452644348145,0.23966966569423676,0.19934839010238647,0.15311437845230103,0.3226555585861206,0.6175608038902283,0.334623247385025,0.2787700295448303,0.22334736585617065,0.3684674799442291,0.37288179993629456,0.2822894752025604,25.18310586969779,17.81488137929767,22.011163279857612,19.572050713923485,17.157658495584307,18.506638573617618,16.928044072729012,-0.05845900111970788,0.1544790953144217,-0.09116684623301748,-0.04638038344079133,0.00039774021614152134,-0.002490949288496019,0.060195297394624904,country
0.2437705248594284,0.3855762481689453,0.5562794804573059,0.344677597284317,0.42201486229896545,0.28083908557891846,0.40746980905532837,0.39510154724121094,0.27666792273521423,0.40430060029029846,0.24758782982826233,0.3228110373020172,22.154363948903697,14.462432005627324,19.677468643039845,19.60553412897587,20.392056250868666,19.33606597380631,15.601996532604428,0.15530728277492148,-0.012840219166296152,0.0023527828903042404,-0.06389625180060333,-0.0020701697942088217,-0.009126026298971779,0.06387005752126837,country
0.5737068057060242,0.362133264541626,0.3118705749511719,0.26165562868118286,0.36042702198028564,0.5146540403366089,0.3217518925666809,0.4098609983921051,0.3131484389305115,0.394115686416626,0.29424262046813965,0.3207756280899048,22.25151641326858,17.73167282724675,18.965500792861807,20.23953660100661,21.632862767985724,20.443084478140204,17.49044911434229,0.02492169912752087,0.1818370048648028,-0.06330886455821794,0.08217730114419422,-0.007661202972241269,0.01600516111786605,0.09558907941802011,country
0.3791675865650177,0.25728753209114075,0.28697705268859863,0.24381783604621887,0.33184683322906494,0.2941925525665283,0.3320547938346863,0.4662167429924011,0.2868926227092743,0.2857150435447693,0.25773632526397705,0.3668058216571808,22.943486248011794,18.846083216500812,21.764290450560548,20.647202517895533,21.491729853630837,21.718664314044663,15.236251561413747,0.07671462070145814,0.13289457028623003,0.028300960408487643,0.06641578444330862,0.012632417191668946,0.004975155642730135,0.0509447656854215,country
0.3170749545097351,0.31210845708847046,0.46917539834976196,0.3918686807155609,0.3245226740837097,0.3755931556224823,0.29311081767082214,0.268542617559433,0.26861587166786194,0.40829259157180786,0.5672916173934937,0.3893488347530365,22.308238895035316,20.556325424605966,22.555896173513677,19.789640949359647,18.777051607491988,17.210035371912856,18.715949401233125,-0.13673091634362167,0.17587172064542128,-0.03963051383993654,-0.12954070821637845,0.020980763718838006,-0.011152607389154467,0.08680454853054911,country
0.35796645283699036,0.22975116968154907,0.22729714214801788,0.17803271114826202,0.28875261545181274,0.3148687779903412,0.2684481739997864,0.29880884289741516,0.2846413552761078,0.427829772233963,0.3073813021183014,0.28709059953689575,26.496400841789264,17.649889813555262,21.710567947149233,19.30965401154858,20.02309779820827,20.531044729793365,16.39691299441577,0.07357629419362192,0.07007424017530102,-0.06216777174979198,0.039480737779989214,-0.01017322961149944,0.009852443736194986,0.04564919881090487,country
0.26828622817993164,0.2939821779727936,0.3205893635749817,0.4404686689376831,0.31456851959228516,0.23191139101982117,0.293789267539978,0.31822314858436584,0.39630207419395447,0.28926369547843933,0.35120224952697754,0.34198370575904846,23.800676523022087,16.065159630526722,21.129393541991558,19.997686167666537,20.297267549596793,21.649942091928995,15.86841523711586,-0.09438383209806821,-0.06887151412824648,0.07060532615579838,0.018362373339800023,-0.001911101956678968,0.0005222486565429982,0.06805726749806651,country
0.30509698390960693,0.22888198494911194,0.25192129611968994,0.24595287442207336,0.33685216307640076,0.5548097491264343,0.4018779993057251,0.2885321080684662,0.23047566413879395,0.3191525340080261,0.28260019421577454,0.21906039118766785,26.942415177036533,19.982957423136757,22.76706014118296,20.70370044890185,19.556659772366768,17.132939787054347,15.544134714210433,-0.07902156569236313,0.33021897612932444,-0.2689082929936554,0.027383008415753467,-0.07986144997021218,-0.014253969509723588,0.03546364438321732,country
0.5198591947555542,0.2772069573402405,0.20144778490066528,0.20667870342731476,0.21526716649532318,0.20572645962238312,0.24924267828464508,0.41424819827079773,0.21719452738761902,0.18488264083862305,0.20171229541301727,0.3521355390548706,22.199268256557552,18.679068954966375,23.72951332083009,22.62461990741564,22.786943903350586,20.713430075503545,19.131569042889126,0.118056192879136,0.15571669158555884,0.09703027831328553,0.05292214652666006,0.004239583183983552,0.017614834265580342,0.08241794760247487,country
0.37209486961364746,0.3256292939186096,0.3540298342704773,0.3271189033985138,0.3808371126651764,0.24858908355236053,0.33649304509162903,0.4322110414505005,0.32965728640556335,0.3278931677341461,0.29511600732803345,0.4382810890674591,23.44571372453938,19.652658251066846,21.97198595644644,19.399080065761353,20.03571418183918,17.78500890018271,16.560111753732443,0.11706633349335367,0.029312189092537334,0.06641127397821261,0.06652015045051853,-0.004097811461837049,-0.015323830958259885,0.05727693892594741,country
0.34045183658599854,0.2998250424861908,0.4791751205921173,0.2920846939086914,0.2404143214225769,0.1940009593963623,0.3448468744754791,0.38079833984375,0.262355238199234,0.4149317145347595,0.2833320200443268,0.42607128620147705,22.202125831235502,17.943425549020983,21.167310697564268,21.786632827948498,21.024812067543934,18.914568275223523,15.7753663631239,0.18784723011411078,0.05231837428679544,0.03914170526040099,-0.0955995692304651,-0.030355789627431774,0.002832167203684377,0.05480418902262181,country
0.26727595925331116,0.36429131031036377,0.3319757282733917,0.4006054997444153,0.5926681756973267,0.3932308256626129,0.32996439933776855,0.28913411498069763,0.45097383856773376,0.5626845359802246,0.36107727885246277,0.35789546370506287,29.738578296653685,16.01189834401668,18.45628666339676,17.86637959112622,18.112114975864774,20.60412231719618,15.12885922363725,0.15873180462152447,-0.083532604292085,-0.08226550271200166,0.05045971071977113,0.02189224365263553,0.01452272632342965,0.09735036615429234,country
0.22448855638504028,0.34386247396469116,0.4130791425704956,0.2715223729610443,0.3400546610355377,0.32426363229751587,0.44878602027893066,0.36513370275497437,0.273120254278183,0.36588403582572937,0.2159471958875656,0.23324957489967346,27.644738551376264,17.31789755153431,20.877088539211474,20.26444782320894,20.44371220734629,21.452797468549473,16.26212849490425,0.17842049016053702,-0.02075991620074783,-0.021259071379583105,-0.11472336963836137,-0.01189652489987815,-0.0032402044077521125,0.05981539721094354,country
0.2693803906440735,0.39480602741241455,0.318460613489151,0.37485232949256897,0.3228481113910675,0.4374322295188904,0.3281419277191162,0.2516759932041168,0.393326997756958,0.2615905702114105,0.20934562385082245,0.15782520174980164,20.97092916991465,16.93829897122432,20.84955775844862,19.76407473209279,18.729555032899256,21.14238595097234,16.942989926769396,-0.12343413264514816,-0.022797490850346436,-0.07478449759718211,0.04255911981512633,0.0005374452883826999,-0.002965549584182822,0.054210547781322505,country
0.047439396381378174,0.13030222058296204,0.3481541574001312,0.1761942207813263,0.22960682213306427,0.14567646384239197,0.2610372006893158,0.27845510840415955,0.2221616953611374,0.5091875195503235,0.20452731847763062,0.10374400019645691,25.289973257167667,19.861058396974276,26.176988145002973,24.060967370308077,22.731243274566676,19.794361737200372,16.675072593134956,0.37676589576376857,0.030912926711850475,-0.012701189763446632,-0.16673620706618594,-0.013834848170046246,0.005597564152478692,0.0428343121616396,country
0.5477679967880249,0.2592790424823761,0.2713654935359955,0.16810734570026398,0.2645409107208252,0.35276976227760315,0.26718056201934814,0.49042007327079773,0.24895250797271729,0.3130037784576416,0.29037970304489136,0.28764310479164124,19.480518589283005,19.124486833928433,23.700010143794675,21.989438073897126,21.492620522508755,22.90749105434943,17.908701472268312,0.04889116652527321,0.25825972803227404,0.014084186073614434,0.08681002798744479,0.010459092970819138,0.014734705934756284,0.09532511298820573,country
0.37682101130485535,0.28788042068481445,0.21328093111515045,0.2994995713233948,0.4909483790397644,0.34727510809898376,0.2859063148498535,0.21514764428138733,0.27332553267478943,0.31126779317855835,0.34608539938926697,0.5254576206207275,28.208932163202878,21.2992049729674,24.326521522321926,23.502985055984947,23.31705927967431,22.389916809511018,20.217535092095087,0.2006049820152381,-0.28192172595666065,0.1314125677760854,0.09313454021565032,-0.008607486543874119,-0.028250088200620638,0.06758635742942769,country
0.23748961091041565,0.2540176808834076,0.20563088357448578,0.3649510443210602,0.3545134663581848,0.2921810448169708,0.46413204073905945,0.28063029050827026,0.35664382576942444,0.2437247484922409,0.2940850555896759,0.45420223474502563,25.525540812869885,17.258862667961182,21.90137578469692,21.400603881351696,21.781045300923218,21.0696499461152,17.95625888011571,0.02534286692077068,-0.1661449277172547,0.09005057091600698,-0.00725986185928061,-0.015920615897250245,-0.0015938281726628222,0.12363183065061871,country
0.278380423784256,0.3534829020500183,0.4532175064086914,0.35154780745506287,0.3954823315143585,0.3509974777698517,0.38176849484443665,0.32662034034729004,0.3036738634109497,0.4958731532096863,0.3239905834197998,0.29520905017852783,27.253343712842536,16.148594708674835,19.361491459857984,19.3650911797348,19.120604507562152,18.150096303385627,15.058459686079244,0.08490527997568191,-0.005393601245810001,-0.024912535255430752,-0.02880911263424781,-0.006802955265534828,0.004330452083561748,0.11928223789153132,country
0.4254257082939148,0.2990857660770416,0.2939600348472595,0.2778959572315216,0.4620693027973175,0.5493123531341553,0.3383689224720001,0.38342031836509705,0.33363011479377747,0.4296243488788605,0.39547985792160034,0.32228878140449524,23.775270679330127,17.122635747181903,20.36816588258719,19.526453016815033,18.000253572906125,22.133388854731965,16.803751926435616,-0.001452755888813411,0.10466315902743631,-0.03128335897487375,0.0217865104070372,0.003272902950570044,0.004314935485611279,0.10436530234918794,country
0.3695346415042877,0.5966697931289673,0.3655869960784912,0.3123062551021576,0.21815600991249084,0.30131688714027405,0.19629570841789246,0.314104288816452,0.6202409863471985,0.36532506346702576,0.24528591334819794,0.2314092516899109,25.683354630400547,21.528212436483436,23.699379646561805,22.792637947584243,21.448170860263474,21.28490745253929,18.66241847855023,-0.2731373728773343,-0.18418209225131904,-0.22818275678136496,0.13969314410311595,0.03679223298021457,-0.08707908167021546,0.08486652890564579,country
0.33466836810112,0.3990342617034912,0.33632951974868774,0.43355461955070496,0.35396525263786316,0.393062949180603,0.3393723666667938,0.30340054631233215,0.41531795263290405,0.39706310629844666,0.45696723461151123,0.32457953691482544,21.221295167281152,17.114242774494226,20.132905621853716,18.693883078242358,20.12946096637878,18.535250184316165,15.622818313234474,-0.2123257450707109,-0.0170882458012217,-0.005075565623213405,-0.002495151176639716,0.0069979634142229435,0.028038266814733055,0.08496433620939675,country
0.49622654914855957,0.3705557584762573,0.43212753534317017,0.34086182713508606,0.42038705945014954,0.32703813910484314,0.3627959191799164,0.394180566072464,0.24619132280349731,0.2853667140007019,0.28860682249069214,0.4427199959754944,21.316400130235476,16.165171627318685,19.72234618267478,20.39307449622221,19.697473820045854,17.599794569931255,16.20221883788945,0.09321205188338097,0.01612342668156505,0.05689876966109266,0.030905707045663394,0.0006634639122880929,-0.007161834033037557,0.12114926225348027,country
0.430532842874527,0.649524986743927,0.45897620916366577,0.45078587532043457,0.6284804344177246,0.3801822364330292,0.39379847049713135,0.3462918698787689,0.39520132541656494,0.48073360323905945,0.29234498739242554,0.34590163826942444,23.706166589178554,14.611312361867823,20.739169912082506,19.656362368885727,20.082104820862984,17.853881698664907,16.231767139216913,0.024233719875397974,-0.06236301886585206,-0.0648236082461991,0.031381271321438746,0.021409237455951382,0.01218509498179789,0.21236722375290024,country
0.34974509477615356,0.4196490943431854,0.562170684337616,0.34449487924575806,0.3353461027145386,0.24094577133655548,0.34119826555252075,0.42850592732429504,0.35506412386894226,0.4327649474143982,0.2937084436416626,0.3778661787509918,26.59990617709889,15.483997689124536,18.829898388006516,18.862140849748883,17.345453738835392,18.707786853495826,15.875211815437464,0.1159846375556335,-0.003403671828639219,0.016709720960055376,-0.03414843995729142,0.0033739175615213166,-0.010631032533870181,0.10630558778035576,country
0.36314284801483154,0.34772101044654846,0.3876973092556,0.43044549226760864,0.48979097604751587,0.30003127455711365,0.275143027305603,0.3311971426010132,0.47208860516548157,0.6176214218139648,0.40211302042007446,0.3860010504722595,23.315132681266476,16.45483359463775,19.56605394651564,18.021449203060367,17.73237807674029,19.305452095385657,15.403830867338494,0.19011308161790239,-0.0017384685954783725,-0.05960283391840319,0.0804209273534682,0.016243067421357678,0.04142194214923061,0.09586022090100542,country
0.45231086015701294,0.43192559480667114,0.417331725358963,0.32561561465263367,0.413381963968277,0.30981138348579407,0.24323375523090363,0.3131462335586548,0.3776714503765106,0.5494740605354309,0.45598554611206055,0.40998971462249756,28.252071953266547,16.611218419600092,20.199101289939776,18.316380061803734,18.911800152083263,17.74763941865023,15.786261847449662,0.13104307202550378,-0.0248645413066304,-0.04734517241218078,0.039673957880082066,0.007122481955061617,0.006653098979416001,0.08704434636020882,country
0.36353597044944763,0.37590140104293823,0.501563310623169,0.3407059609889984,0.38907068967819214,0.2987214922904968,0.41676056385040283,0.42508140206336975,0.39553987979888916,0.6596928238868713,0.3163146376609802,0.35454753041267395,19.542558973414906,15.217934173574085,19.361587068127164,19.44602253680335,20.401595285687165,18.020771911358995,16.10169590051534,0.11085553150350352,0.012872105844688755,-0.02762827222442235,-0.049546044737630905,-0.006123699418704247,0.012708384984108787,0.13428527407192575,country
0.2956182658672333,0.3605746924877167,0.2692471742630005,0.4463854134082794,0.39330750703811646,0.25788822770118713,0.4102812111377716,0.3449455201625824,0.4583204984664917,0.39692220091819763,0.33280083537101746,0.3548715114593506,22.740981154420933,18.909978113156686,24.026884048426485,22.682965169299333,22.90455990087286,22.359174734887517,17.622846705514842,0.04723477615031015,-0.245966219943022,0.02255264547677217,0.09809423164030198,-0.024959905359290803,0.008016705185182844,0.06650367966937355,country
0.310994416475296,0.2893471419811249,0.3232526481151581,0.5441288352012634,0.3041946291923523,0.2918875217437744,0.2581542730331421,0.38453781604766846,0.4531591236591339,0.3175601363182068,0.3852982223033905,0.2839246690273285,23.278329482367262,16.888033349773178,20.032192904190637,18.291476189204303,18.704662513368895,18.400007650127698,16.305569430575208,-0.07521588645665367,-0.01762048618916265,0.05122594417656968,0.055251517268985285,0.001266685046678465,0.003450064908004365,0.13297072880413766,country
0.23344705998897552,0.3672984838485718,0.4067128300666809,0.35911908745765686,0.5566785335540771,0.4547867774963379,0.4013780355453491,0.3329039514064789,0.42736324667930603,0.4840703010559082,0.259334534406662,0.20701730251312256,27.472987600909274,16.44546228011464,20.569660605128732,19.310969859909804,19.444401052165183,21.59454802662554,17.37443102212489,0.08920342861477495,0.027999443218734533,-0.07561883556297123,-0.09340983240419326,0.0010749196256289357,-0.013466360204480715,0.11588466139791183,country
0.4670243561267853,0.25875920057296753,0.34672603011131287,0.23274189233779907,0.2866348326206207,0.2681190073490143,0.26434651017189026,0.5305965542793274,0.31962040066719055,0.256587952375412,0.1921379566192627,0.29996201395988464,26.465097845200884,17.541944655274115,21.06112631698583,22.218127710950014,22.314339511939135,24.3772218255774,17.413459708222497,0.13004320587663618,0.04755380810641436,0.09574139140883407,0.03967537757366518,0.022071656105675425,0.004667298578385699,0.09410006706786543,country
0.32486096024513245,0.2776021659374237,0.32964929938316345,0.27966561913490295,0.2964973747730255,0.4974113702774048,0.2758985161781311,0.22075891494750977,0.1893056184053421,0.26886144280433655,0.43835973739624023,0.3355746865272522,29.390926564865257,17.037887872300708,20.826481884485975,18.2712585281073,18.67053892539973,21.543175310713398,16.363573648425675,-0.0026410453212822524,0.06181041390694396,-0.07504888244437118,-0.04812272136911412,0.01814693761135964,-0.013274597067800766,0.06396371084686775,country
0.2902291417121887,0.20588244497776031,0.4398447871208191,0.32480359077453613,0.31474927067756653,0.24294644594192505,0.30330443382263184,0.4253154993057251,0.26950204372406006,0.3305543065071106,0.3055287301540375,0.4339214861392975,24.85776473203264,16.257533754787495,19.617835011199876,19.50318633828386,18.782624383306377,19.44227230986981,16.119597726308125,0.1847531096292306,0.027537447616721125,0.1092807072987643,-0.0519339620162376,-0.010315394081531532,-0.03492269547813199,0.07579197481631864,country
0.4768100380897522,0.2975650429725647,0.3870544731616974,0.3083188235759735,0.39852049946784973,0.3019455075263977,0.2691241204738617,0.41659605503082275,0.32827457785606384,0.4452563226222992,0.2826290726661682,0.3016245365142822,19.783256448419063,17.80961846331482,20.597008433068474,20.56438757951797,20.374211469181617,19.320706757186354,39.145958266308384,0.1305826869564138,0.11251275963393363,-0.051040662808036964,0.06500277459572439,0.004866242308981241,0.018387630670540316,0.07894522186774942,country
0.2253895252943039,0.1267516314983368,0.10140562802553177,0.22874848544597626,0.38062676787376404,0.2788080871105194,0.2936916947364807,0.24616949260234833,0.4015689492225647,0.37860235571861267,0.2741122245788574,0.3599335551261902,23.979861516011702,22.542361606825594,24.40513168822241,22.81261819844825,23.33640045681348,22.439801677998464,37.07262458678627,0.17951837720209696,-0.22875887991288485,0.04244457102075997,0.17160814119955237,0.008091027004637038,-0.01936380957467202,0.0592791563950116,country
0.46255722641944885,0.25760364532470703,0.22323156893253326,0.25554031133651733,0.44415202736854553,0.5458828210830688,0.35554206371307373,0.39455294609069824,0.2773857116699219,0.26230907440185547,0.20410022139549255,0.2642562985420227,22.37263772653229,20.680953190150923,23.197522714795557,22.255329314335995,21.34112284891256,21.79621141973287,33.81614236509884,-0.058839400316854217,0.3557311707165237,-0.2321517126084063,0.11432186832575142,-0.05121377708399908,-0.023245101544212984,0.03546288911446249,country
0.2858164310455322,0.32458385825157166,0.38036444783210754,0.36855077743530273,0.5988277196884155,0.3419696092605591,0.30643147230148315,0.3565538227558136,0.34626322984695435,0.5380674600601196,0.3511955440044403,0.28208309412002563,20.08050705899938,15.248351326210678,19.053827083702586,18.545989499806534,18.528608721614404,17.44021186287348,42.3465631374167,0.1355770739317892,-0.02144522769080568,-0.05418688479064752,0.05502927658268389,0.02237393511018608,0.01213263631211299,0.10830818288379737,country
0.2526562213897705,0.2094496637582779,0.40570947527885437,0.3987172245979309,0.30076539516448975,0.32187420129776,0.2479710876941681,0.35138314962387085,0.3106745183467865,0.3010016977787018,0.408812016248703,0.24370837211608887,22.083019477592785,21.339994825495552,22.819210751649692,20.997563570740567,21.802788058643007,20.06016672289292,38.91172368654323,-0.26628312211933763,0.17250270783828697,0.0688379901217848,-0.1077122654404264,0.011016893296067178,-0.016231284385431057,0.06018472363205723,country
0.30251842737197876,0.31253552436828613,0.26011568307876587,0.4058380424976349,0.46981725096702576,0.276157945394516,0.31624680757522583,0.29551005363464355,0.4782436788082123,0.37018805742263794,0.32471686601638794,0.4735139012336731,20.46258838496329,15.862124140219182,19.547370928068336,19.570747059910698,19.443558621874168,17.84498099213999,41.06172570174987,0.0074110022088271854,-0.10827462036651749,0.013928959019372219,0.03310754735596117,0.006519921784153142,0.002540111680402033,0.08111548663476412,country
0.36177629232406616,0.24791817367076874,0.2080434113740921,0.1553444117307663,0.2722896635532379,0.6047759056091309,0.36410629749298096,0.28827330470085144,0.27749574184417725,0.4324760138988495,0.37617024779319763,0.24088574945926666,24.44739591917252,19.78664657128295,23.52666277247434,22.901341046323306,23.06881897403492,22.201196424461916,39.41820456872271,-0.10360149394143219,0.355952673886572,-0.2558655119137313,0.012650673514287487,-0.04426785967801214,-0.015507782654215862,0.05492503202339521,country
0.28782758116722107,0.3580058813095093,0.23301032185554504,0.3692227005958557,0.23074501752853394,0.2485567033290863,0.2638620138168335,0.27935558557510376,0.5625492930412292,0.39826199412345886,0.33383071422576904,0.21556323766708374,29.962809926030427,18.247199502127273,22.365655771948564,21.503020965406208,20.719875938745812,20.906139349095913,38.92611500694037,-0.29282841788023767,-0.04379661054327656,-0.02160174204778546,0.08054580041499082,-0.025773397145791486,-0.008916038835251189,0.07544530645784996,country
0.32264018058776855,0.21286585927009583,0.31858041882514954,0.5221742987632751,0.34628912806510925,0.41033726930618286,0.2865719199180603,0.3166404366493225,0.2690503001213074,0.2950211465358734,0.5648795962333679,0.3137097656726837,26.94302749970295,16.879188030567608,20.463700767022313,20.13709704716471,18.711198034814224,18.00384799707831,40.63973291616741,-0.2197466178192793,0.09948919170782813,0.10857134732170703,-0.03375010963670529,0.027509248231478056,0.01678482172953087,0.07328712599091261,country
0.18752585351467133,0.1342739462852478,0.21459072828292847,0.3944423496723175,0.25747546553611755,0.32046252489089966,0.2748151123523712,0.44903767108917236,0.4277941882610321,0.2903512716293335,0.28884536027908325,0.17292340099811554,26.560551927549845,20.787919624172254,25.18315003031816,22.35728951611549,21.057351926027305,19.380522280815377,38.602925573389776,-0.23020124769815878,0.1910486180608971,0.13683756586824722,0.07693130067226955,-0.0021733253512970356,-0.019041678969703622,0.0525349840487239,country
0.4870208501815796,0.27031147480010986,0.23199684917926788,0.2198602259159088,0.352751761674881,0.4908064007759094,0.41966181993484497,0.4470365345478058,0.3326267600059509,0.331173300743103,0.24757693707942963,0.27439582347869873,27.471318729430504,20.327996274911488,22.5165153201174,20.812166743395053,21.467470145617526,20.26982346043344,38.05827642466766,0.006927964795476517,0.44101055414139556,-0.12333843314714804,0.13486758240139146,-0.0425896660353876,-0.022886843253550112,0.04291625882153906,country
0.15066561102867126,0.29893410205841064,0.43747180700302124,0.25569799542427063,0.2916077673435211,0.15949773788452148,0.23850412666797638,0.2893418073654175,0.39235642552375793,0.6775438785552979,0.3522723913192749,0.231034517288208,27.57395764723721,19.04388177865925,23.54256474296281,21.170415961833122,21.592476735436758,19.883631778262515,37.30865090091892,0.39960851011667303,0.0617171226357478,-0.09054863039866576,-0.09210448787812023,0.016356298167532687,0.040436986308636354,0.04858304028905646,country
0.3350047171115875,0.38690438866615295,0.5766119956970215,0.4264226257801056,0.4424717426300049,0.3988727331161499,0.3467700481414795,0.3144313395023346,0.36114242672920227,0.5273617506027222,0.28203290700912476,0.28567200899124146,22.206589151911125,14.486756679257589,18.912559018616513,19.1725660142844,19.001268008319226,17.341183750046422,41.58796923296646,0.14516064257104752,0.033032459958247815,-0.059089572846670574,-0.04012153171325563,-0.019275153770924543,0.011274884917326018,0.10233551757057231,country
0.29379311203956604,0.3800634741783142,0.4755396842956543,0.33289238810539246,0.3783751428127289,0.2874734103679657,0.38613659143447876,0.2819230258464813,0.21917642652988434,0.28369635343551636,0.29944634437561035,0.38871103525161743,20.504120824130705,18.739194485602923,22.871829130120656,22.40035810463073,21.592416866863157,19.635063532597066,38.147970640086406,0.10779337630019767,-0.03566445908099272,0.09233306578849566,-0.10166463578747961,-0.0031349936860514452,-0.01025867265224532,0.05825803303847641,country
0.31386488676071167,0.21534273028373718,0.2361413538455963,0.25621935725212097,0.3320348560810089,0.5466318726539612,0.2787414789199829,0.28737738728523254,0.21055682003498077,0.19269098341464996,0.1537090390920639,0.13852764666080475,23.022693215272774,21.262061337801686,25.76767899981739,24.212403497893554,23.415426129772264,21.161074405225964,36.3591306323815,-0.05023653964607553,0.2620227426971056,-0.07140698656439784,0.04869252366279571,-0.03473558460228149,0.005297871831983149,0.06007520966260634,country
0.24510672688484192,0.22748655080795288,0.14052315056324005,0.2042216956615448,0.31658250093460083,0.28536632657051086,0.35695895552635193,0.27859604358673096,0.3763812482357025,0.33463799953460693,0.2672935724258423,0.3602485656738281,28.491524732332785,21.317966455616745,23.018181214996414,22.04566693768934,22.21871664585667,22.273670994284334,30.46829677353245,0.11728714615763591,-0.24937324505958328,0.03152423636982013,0.09281191341067553,-0.01638464340254307,-0.0065839333057818895,0.0386682497099768,country
0.16791386902332306,0.2483932077884674,0.331583708524704,0.2343480885028839,0.4513724446296692,0.2591572403907776,0.3257211148738861,0.3554099202156067,0.31347259879112244,0.6584513187408447,0.2704414129257202,0.231755331158638,23.470169435831476,14.954570230619542,18.673187911651617,21.22664708219764,20.57906224800072,19.815695420200502,38.95607087992208,0.17822403287221641,-0.030438019842678105,-0.07258211061709963,0.02440853739749369,0.01358881559695434,0.019308306018217595,0.09890433161736273,country
0.33969223499298096,0.3717191219329834,0.2966131269931793,0.3251621723175049,0.3191664218902588,0.3790879547595978,0.25317659974098206,0.2775208353996277,0.3787147104740143,0.30872732400894165,0.33976972103118896,0.2664964497089386,28.017817559911837,20.39610848392461,22.9580837197804,19.502569969758184,19.028735100825244,20.057294853842535,28.503519723093348,-0.2248886316395226,0.016133659875896548,-0.061513336016296175,0.00870283374495135,0.010840330250928797,-0.025220759782622483,0.035363948907579275,country
0.24501527845859528,0.38847941160202026,0.4613949954509735,0.3427125811576843,0.3290558457374573,0.3016628623008728,0.4495272636413574,0.28310438990592957,0.3142380118370056,0.45559969544410706,0.33892881870269775,0.28175264596939087,27.076283592421905,18.841744215653762,20.65730903816915,21.285395100434307,20.10046900390495,19.034134335967398,32.54371221183787,0.15936878862180678,-0.05778568852366847,-0.03919445845850927,-0.14039681621878333,-0.042491636299043116,-0.0024678650646515936,0.050235945959010056,country
0.20633196830749512,0.3748919367790222,0.5756731033325195,0.33493512868881226,0.2695332467556,0.225175678730011,0.33578333258628845,0.33937308192253113,0.3788772523403168,0.5798933506011963,0.3167928159236908,0.28851333260536194,25.472079552460816,17.69351189790445,22.26407401138836,22.346332808075747,24.301363255256856,22.937027008311738,35.55191461471365,0.28445356854226866,0.055651088497087,-0.0699609112230757,-0.11820436163811932,-0.013586113504948814,0.014134833946815431,0.06107367495649652,country
0.2973710894584656,0.3179633319377899,0.2713474929332733,0.4412645995616913,0.579888641834259,0.34415948390960693,0.33999815583229065,0.280106782913208,0.3960209786891937,0.3840094804763794,0.30529850721359253,0.42496782541275024,26.23442832222225,16.114876649166256,19.60612385131002,19.976903177404804,19.979265382082396,18.24023039675088,39.830144399105215,0.05044561647925761,-0.07879655245811389,0.027361543784285153,0.06011249440774742,0.007853894354593776,0.002106653806254309,0.09472278615622583,country
0.19654574990272522,0.23052027821540833,0.4250631332397461,0.2680799663066864,0.29553478956222534,0.18941238522529602,0.2868770956993103,0.2861897945404053,0.2584189474582672,0.3620637059211731,0.2837812006473541,0.42912790179252625,31.723131090244834,18.347157635373136,22.380248750726775,21.88010744854789,22.600397769627133,22.94907247066434,33.22779205497113,0.2190001916816613,-0.07563695404414407,0.05679952468051747,-0.08254400124933292,-0.038502593850638846,-0.030246992992548384,0.0605177971529389,country
0.24906101822853088,0.48537516593933105,0.3708350360393524,0.2356821596622467,0.3292686343193054,0.30311819911003113,0.4971598982810974,0.29908570647239685,0.32502299547195435,0.4969804286956787,0.29677772521972656,0.2521563768386841,20.528749077837393,15.858891894813269,20.192630527911632,20.54973750912984,19.72678039020516,19.938931564327156,39.57369001965458,0.09091028868339558,-0.10236010207991844,-0.060126366891825545,-0.03726644784771057,0.009304778462562035,0.012510850169167947,0.08226991492652745,country
0.3686874508857727,0.3023432195186615,0.24075931310653687,0.34533172845840454,0.38447296619415283,0.2947450280189514,0.4551456868648529,0.3404683470726013,0.3859897553920746,0.3653392195701599,0.3940422534942627,0.620972752571106,29.345079640055022,16.963303137574712,21.194868524517624,20.246762919927967,20.236225316845683,20.7381158430907,37.56528596084264,0.08957602280698809,-0.22667594751598227,0.11446802224459705,0.01819316232944297,-0.026320170235526377,-0.006275184653852132,0.06973622994006187,country
0.3517822027206421,0.30713018774986267,0.4947502315044403,0.3416016101837158,0.2651095986366272,0.20205725729465485,0.36185577511787415,0.5634568929672241,0.3419216573238373,0.37908363342285156,0.2828342914581299,0.36833587288856506,28.540813176085624,18.60461839024622,21.642781948131724,20.747072898908314,20.758723662634228,20.57459508233094,34.28471701497762,0.21729311906699394,0.20023947205693032,0.13108986203846132,-0.04727345934441662,0.004962212949722255,-0.008360934513999127,0.07112819025522042,country
0.21285071969032288,0.2946929931640625,0.3143745958805084,0.4008254110813141,0.637862503528595,0.3090861737728119,0.34711024165153503,0.45841842889785767,0.3868427872657776,0.5470702648162842,0.3180341124534607,0.23534125089645386,27.17031939331003,14.742034017934598,18.21979380890483,21.038219517681295,20.37970950189302,18.910308610828718,43.30221161677676,0.1792541355951123,-0.02704836613279737,-0.0961066238180218,0.05579488152783561,0.026834163317173577,0.03772662773660665,0.11371855060904873,country
0.2209649235010147,0.2955116331577301,0.4115091860294342,0.29060354828834534,0.32783225178718567,0.23501110076904297,0.2708342969417572,0.20817911624908447,0.2519179880619049,0.48061174154281616,0.2838139832019806,0.29028642177581787,28.612525849645866,17.404286182800018,21.86240525459008,21.532858093828093,21.093072110994875,20.935542285474153,33.15517876137403,0.2182397665288074,-0.03300155576573531,-0.07551010590542202,-0.06111406005504119,-0.01827257175403877,0.008019406489821919,0.06649877042246713,country
0.5937191247940063,0.24409162998199463,0.24988937377929688,0.20982852578163147,0.352829247713089,0.5138586759567261,0.2620905637741089,0.40026113390922546,0.29353994131088257,0.3988177180290222,0.2358393669128418,0.29310351610183716,25.583338411013752,16.117693003193022,19.828938417691273,21.175103709764798,20.358411342912937,22.690156030497104,36.909634397209615,0.04915944409883426,0.18623013035174843,-0.0507807725045056,0.10868413713224061,-0.012150007151972904,0.02190068320386337,0.08782189554331013,country
0.3763512969017029,0.39605963230133057,0.35797441005706787,0.4009655714035034,0.440800279378891,0.3135036528110504,0.32417845726013184,0.2580665051937103,0.3578648269176483,0.41394132375717163,0.4043310582637787,0.47051846981048584,24.890830194502392,18.00228573307969,20.197664374938554,20.32719859485156,20.025601124004325,19.31378865794342,29.34253517962148,0.1673287164301082,-0.17706872051758324,-0.05069207155116175,0.004900820678631129,-0.007486088725847649,0.0009240153793401156,0.049895697384957464,country
0.4094694256782532,0.218893900513649,0.29995793104171753,0.24163803458213806,0.4552445113658905,0.3520165681838989,0.2593187987804413,0.4712800681591034,0.25273409485816956,0.30825504660606384,0.18286612629890442,0.2720911502838135,24.022824304163585,19.27866139617345,23.085183056394442,22.650513316267656,22.85489320925037,21.04716333997207,32.190391885266436,0.23679473275804508,0.17039346414744047,0.03483375791015138,0.13456449556263111,0.02499046256462619,-0.004462564452129919,0.045760600952242846,country
0.30158212780952454,0.3503815829753876,0.6031534075737,0.461112916469574,0.27216121554374695,0.22472530603408813,0.38892513513565063,0.43454402685165405,0.34465867280960083,0.4927808940410614,0.3762005567550659,0.3971770405769348,22.291869678625456,16.15636511655817,20.33390280233278,19.654798740360402,19.810722428364652,18.658516848539758,41.42556423822299,0.12086039467774279,0.04751759216718438,0.03654957088164262,-0.09854708529565104,-0.025927904218150395,-0.0005843008062402293,0.08936113326566125,country
0.3228065073490143,0.3284369111061096,0.3426815867424011,0.3616274893283844,0.5062719583511353,0.30695968866348267,0.28852686285972595,0.3116171956062317,0.41639721393585205,0.5475090146064758,0.38754355907440186,0.42334240674972534,23.64034416718776,15.492297734220072,19.59364175979816,18.54227075445158,18.558660999475947,18.354111421149437,41.573873497935885,0.10940821674107704,-0.05426808528086419,0.005230989724927272,0.07081062690414663,0.0072450546812901145,-0.0016283282508809884,0.10104778434358082,country
0.35196632146835327,0.3303465247154236,0.4486076533794403,0.38224416971206665,0.39016154408454895,0.3512337803840637,0.4064597189426422,0.5469319820404053,0.3736110031604767,0.3780176043510437,0.3141196668148041,0.35698240995407104,24.16679704426381,15.020026809627897,18.764505025135737,17.40912656782333,18.313561148657143,17.332628515799076,41.90878258372981,0.07736299798561108,0.07026273634053436,0.048895471921652965,-0.0029649709906700186,0.006523995028810887,-0.003993671956815617,0.10606314651005413,country
0.2700067460536957,0.34188657999038696,0.24118487536907196,0.31907328963279724,0.39754074811935425,0.24862509965896606,0.2892286777496338,0.25571155548095703,0.4329466223716736,0.35623741149902344,0.2815916836261749,0.38755276799201965,26.482903400815,18.201830180389873,21.70506305970073,20.051039115099826,21.102882488271085,20.931593087825462,37.3716003796135,0.09693159188808118,-0.2693192531254835,-0.04902671080778448,0.10176438768772421,0.018446791835593175,-0.01798021344855872,0.059544633362335654,country
0.3408898711204529,0.2770022749900818,0.4412587881088257,0.27438896894454956,0.29255160689353943,0.2216777801513672,0.26490235328674316,0.40734538435935974,0.28244873881340027,0.39630040526390076,0.26360613107681274,0.37398049235343933,25.66708899269878,17.968944503136314,22.554215629899872,19.473162172419432,20.400198715277472,19.664158097521724,40.339151533279946,0.1436665391776185,0.07452023823114666,0.036109837040028465,-0.0041290023266891155,-0.003663835656664593,0.005165366237847706,0.0929928430732792,country
0.2252686768770218,0.3070790469646454,0.28534629940986633,0.3359466791152954,0.5213914513587952,0.3409133851528168,0.3044721186161041,0.21874091029167175,0.372366338968277,0.5061045289039612,0.3082522749900818,0.32915881276130676,30.073127322411494,19.13149704118988,21.98867660243331,21.337927139830647,22.128782372480952,20.653902924103104,38.4675811167838,0.3531911525637139,-0.14606938266947597,-0.2349978250841058,0.14991680254809656,0.05228179626991508,0.07079834395019108,0.06926758567768755,country
0.3892884850502014,0.33680930733680725,0.3984902799129486,0.4152907431125641,0.3579142689704895,0.4472714364528656,0.3229881227016449,0.3363432288169861,0.2737430930137634,0.37110841274261475,0.46463316679000854,0.35245972871780396,20.717139830829414,16.49078023677104,20.28445156741423,19.600389062020497,19.843334403342464,18.997733940865764,39.0671468502967,-0.008805140733863433,0.07866656215054448,-0.017268934228068078,-0.024904948290457692,-0.00502505145215419,0.0012358420909140148,0.07828473934164733,country
0.33368465304374695,0.2650756537914276,0.36504489183425903,0.273233562707901,0.37389710545539856,0.236192524433136,0.27036812901496887,0.48098838329315186,0.322392076253891,0.354771226644516,0.28096237778663635,0.38625186681747437,27.38129747728707,19.936832053414943,23.356438337929596,22.124828634661498,23.386330116887205,22.636782162690526,37.70200497783302,0.24876554518967037,0.1262429989061034,0.006508002848179206,0.0933423413882824,0.015786241054464575,0.06386731078431204,0.07395969281709204,country
0.27203604578971863,0.3312518000602722,0.2600984275341034,0.3852297067642212,0.46315789222717285,0.3148423135280609,0.35692912340164185,0.2984604835510254,0.4197453260421753,0.4171622693538666,0.3419398367404938,0.38298481702804565,24.93915804923022,17.361429305070228,21.383144262642084,20.1563587036354,20.485485583886835,19.416531024932382,39.174484020769135,0.11399416541748861,-0.21441010951731332,-0.01736080903871116,0.03800740940942892,0.008739215960180131,0.01851486520867287,0.06605051841647332,country
0.28966963291168213,0.39117199182510376,0.3504897952079773,0.2424086034297943,0.2949265241622925,0.24911236763000488,0.2649413049221039,0.21264708042144775,0.35778772830963135,0.5254479050636292,0.34370511770248413,0.343777060508728,25.00300299352744,19.774915836565533,23.014198399412905,21.752600361395878,22.39668267633228,21.714560680977392,35.58907181596497,0.29937639302310887,-0.13409649577602378,-0.027724152379031978,0.039322574810561894,0.004699257080728822,0.0042485194267238265,0.052491933729698376,country
0.29632753133773804,0.33763977885246277,0.2485341876745224,0.39834386110305786,0.484578400850296,0.3644062876701355,0.49687474966049194,0.334696888923645,0.416194349527359,0.2747828960418701,0.3263075649738312,0.47811102867126465,24.632436835535024,16.962234603102488,19.738347269942974,19.12158332431775,20.223076941399906,19.732057444032574,39.822223428204644,0.014529301754566614,-0.1318982811647427,0.04152499367493757,0.04938510719799107,0.0007729080816272553,-0.006219476825872415,0.09899685203982986,country
0.34929874539375305,0.30051618814468384,0.38512784242630005,0.47549280524253845,0.32240691781044006,0.402509480714798,0.30246976017951965,0.35982412099838257,0.3267752528190613,0.3132938742637634,0.3973396122455597,0.30645951628685,26.724565122326915,19.409853666150937,22.43452011751122,21.34413570787311,22.045423045320014,22.5689092632292,35.74494252658202,-0.26527572406461397,0.1281097347708288,0.10356210131696596,-0.006302039605714662,0.0021941723843057204,0.018079399725289824,0.06473823895494973,country
0.27093806862831116,0.28668203949928284,0.471886545419693,0.40748849511146545,0.45179566740989685,0.2680198550224304,0.36809757351875305,0.5437890887260437,0.4019443988800049,0.3756677806377411,0.26920852065086365,0.32977521419525146,21.315443813977215,16.12422114163434,18.651501195818053,18.265574706084394,19.042397185808753,17.831823521979015,40.673402465764084,0.07723996295686038,0.004722963784143854,0.04733193136048652,0.018138827957725707,0.00931882943019211,-0.0030637345426591145,0.12120930611948956,country
0.12035799771547318,0.20695315301418304,0.3276321291923523,0.20994840562343597,0.2503284811973572,0.18343262374401093,0.3200157880783081,0.3818940818309784,0.25914591550827026,0.35534873604774475,0.1925889402627945,0.20454591512680054,29.962501141293227,22.838145675230898,26.346535620795883,24.425777441627368,23.71894545380082,23.68056771719896,35.99912600575349,0.2981793636366894,0.01713021418654023,0.027055224686088855,-0.12177444527077676,0.010739028408569338,0.008773072440575562,0.06812788512664346,country
0.45733118057250977,0.2830207943916321,0.29925522208213806,0.2636023163795471,0.35557806491851807,0.3660518229007721,0.35775843262672424,0.5968128442764282,0.40332308411598206,0.3812659978866577,0.26290780305862427,0.3737173080444336,25.671916461120873,17.007871587007106,21.645612162690703,20.697366184942954,20.74089437784158,19.620319331548828,39.53980882730515,0.13349962047021632,0.14953458266190914,0.08599549020897691,0.07934751448042143,0.01061587340385917,-0.01040387105078586,0.0629996102813225,country
0.27286142110824585,0.2664943337440491,0.45479342341423035,0.34610068798065186,0.3365730941295624,0.39494267106056213,0.287332683801651,0.3829343914985657,0.2582891881465912,0.3722321391105652,0.33310437202453613,0.2406046986579895,25.51334994794487,18.676654583340426,22.829546575531186,21.12707759199139,21.057651805068073,21.054575858242668,39.49506474057443,-0.004192446014828117,0.18668827853122713,-0.025682752576713607,-0.031308281677649215,-0.006833095202927546,0.004178693455738379,0.0673669518561485,country
0.24959196150302887,0.2898823320865631,0.582302987575531,0.25230321288108826,0.21655406057834625,0.1878163069486618,0.36395302414894104,0.504189133644104,0.2816988527774811,0.3942220211029053,0.2427680641412735,0.3438026010990143,23.823446717308027,17.927573879406665,22.23605476895372,21.257654675022206,21.852977262832994,20.65993310899176,41.1700300571377,0.19763360813115388,0.1432177493674838,0.13362552583713172,-0.05015450789703372,0.01298670395555988,-0.014420630347108962,0.09741305346094355,country
0.3550262451171875,0.27426978945732117,0.3445212244987488,0.2676854729652405,0.29551780223846436,0.47887542843818665,0.32771211862564087,0.39834389090538025,0.3701420724391937,0.44605550169944763,0.34833672642707825,0.27004164457321167,26.874389337057902,19.098609043327574,22.776695324200237,21.152372158867074,21.586556262067454,22.037771513386254,38.52916568123673,0.018628790069372306,0.3564970816585161,-0.08035337976169217,-0.036975689547112285,-0.004528673936529746,-0.032376539968627535,0.0671992821925754,country
0.32353293895721436,0.1854816973209381,0.24050886929035187,0.18323054909706116,0.3011690676212311,0.322747141122818,0.25861164927482605,0.4367869198322296,0.2355181872844696,0.2623489797115326,0.18010005354881287,0.3224877119064331,25.297275977619556,19.77465450635842,25.19132661401103,22.94187343793294,22.931491757932292,22.68380804976815,39.04888630787939,0.10747634453538553,0.19340060458602634,0.0354614929070628,0.10961493788926624,0.006456001879305309,0.0009464341849096156,0.06172207318252127,country
0.3206048011779785,0.44356364011764526,0.3225172460079193,0.33497247099876404,0.31816112995147705,0.42859676480293274,0.6385536193847656,0.35485050082206726,0.338736891746521,0.29747337102890015,0.34246718883514404,0.43053004145622253,23.81695882530371,14.99633542068479,18.679850017311104,18.923305703044143,18.752798819128813,19.149515802353,43.18395508771911,-0.03424091272363241,-0.10353799870207332,-0.02443863774886785,-0.04412892055161132,-0.0033369578433710373,0.017160617604517512,0.10824587321152358,country
0.3177260458469391,0.39294812083244324,0.509209394454956,0.43429136276245117,0.49327215552330017,0.4802428185939789,0.5751981735229492,0.47856369614601135,0.4293988347053528,0.4126306176185608,0.3679240345954895,0.4555291533470154,17.996968110409107,15.284204931846586,17.888036029934987,18.681494123748514,18.197139379680227,16.091756391759212,16.343923641940943,0.12419376474621126,-0.042804018266502514,-0.026858799155222175,0.036841473870771246,0.017666016304725776,-0.0032110683586253227,0.09652545382318953,disco
0.39817705750465393,0.32069435715675354,0.36278656125068665,0.45692768692970276,0.5894337892532349,0.4127786159515381,0.35375088453292847,0.38463857769966125,0.4298189878463745,0.4682847857475281,0.3253443241119385,0.4241640567779541,18.142452924179576,14.96532436704525,17.854837905692325,18.99784995342543,19.60911435416985,17.75724212848111,17.008132679338896,0.045674725949587,0.014822380997226617,-0.015425627839432713,0.045967504525193686,0.0019395636592040872,-0.0029757141511881444,0.1885523173483103,disco
0.3198031485080719,0.31203219294548035,0.37158799171447754,0.3714718818664551,0.5163387060165405,0.5070172548294067,0.5735118985176086,0.4311746656894684,0.3646213710308075,0.4441274404525757,0.33521270751953125,0.39702069759368896,29.491224009389843,14.842892840755928,19.261321316940467,18.556541333920563,17.915753857628175,16.739449683096375,16.106028076619953,0.04155935189224439,-0.019516318705704677,0.016822969533750693,-0.009275449980093671,0.0036262213519472116,0.007959403063056104,0.153338438950116,disco
0.6607909202575684,0.45809614658355713,0.35554027557373047,0.39239993691444397,0.4072502851486206,0.4312429428100586,0.352006733417511,0.4851202368736267,0.48392802476882935,0.6146949529647827,0.6952075362205505,0.6057289242744446,16.27497973761733,15.467031787550644,17.496001130459295,17.52381572176963,17.82680693405512,17.1717000183644,19.32672711967804,-0.00834579781523378,0.06534017150179554,-0.0023652328442344043,-0.01949401374378228,0.01815114608440986,-0.0003017822319776082,0.1495607339559387,disco
0.2964240312576294,0.3480670750141144,0.2833246886730194,0.37249913811683655,0.4299752712249756,0.3213023245334625,0.41713303327560425,0.32015639543533325,0.4537317156791687,0.4162038266658783,0.3895156979560852,0.5371541976928711,22.06433239211863,15.203961355510497,19.095093357886448,19.421127839798917,19.566890757033466,18.036858034015985,16.251664290737452,0.004958440252162518,-0.04151188341166062,-0.010076998137312275,0.020703825089800895,-0.004551748614859411,-0.0010942024652747405,0.16901441959106728,disco
0.4608181416988373,0.3729085326194763,0.452808141708374,0.386066734790802,0.49693337082862854,0.4007258713245392,0.37628844380378723,0.5524574518203735,0.4851255714893341,0.5380486845970154,0.39453914761543274,0.4596858024597168,19.98378778756562,15.067192060882237,18.048402196769228,18.630328543283746,18.51188667707217,19.29423612091041,16.90902068240181,0.04154163625597541,0.04412547329797911,-0.04079786862078985,0.030710966679556452,4.4475462767621034e-05,0.009073808843848011,0.1446281579262452,disco
0.45097050070762634,0.4813973605632782,0.3970455527305603,0.5354031324386597,0.48675811290740967,0.33895254135131836,0.42672064900398254,0.5259806513786316,0.6557652354240417,0.41836997866630554,0.4541507363319397,0.5169851183891296,19.835857091238193,15.814956602358679,17.676585204770706,17.611043746802352,17.463577864731235,18.972106839103045,18.46417215103496,-0.058179629938918995,-0.02817635351213646,0.0380574030742589,0.05744719555585618,-0.006479476914402799,-0.009609922924787032,0.16364521401295437,disco
0.43320757150650024,0.48304328322410583,0.3572281002998352,0.34059542417526245,0.4447271525859833,0.41409263014793396,0.4180946946144104,0.3551177978515625,0.4727926254272461,0.563166081905365,0.4195213317871094,0.477411150932312,25.473085658879747,16.30550807404675,19.46623180703243,18.700917157545856,17.58118112150884,17.345071908048055,16.63768477427406,0.04054152299915888,-0.019743833462816687,-0.09617066935240673,0.03906371197551592,-0.001849932379740433,0.027001947835116592,0.1402915488447409,disco
0.42070311307907104,0.49952247738838196,0.39799484610557556,0.44637778401374817,0.3825836777687073,0.5157536268234253,0.4917931854724884,0.41706281900405884,0.5771908760070801,0.45680463314056396,0.45252132415771484,0.39317813515663147,17.199455721797822,15.596608029817883,18.08928797488355,18.326375860751202,18.80144983911799,18.40662389669015,18.405492967119073,-0.054967614704794374,-0.011406926237443401,-0.008496171270739128,0.015730193382368383,-0.006564259115984683,-0.0030735261728262876,0.1643124669216705,disco
0.556584894657135,0.48000195622444153,0.5722886919975281,0.49309754371643066,0.3801825940608978,0.5343368649482727,0.3870203495025635,0.3859247863292694,0.28994470834732056,0.3031238615512848,0.44463446736335754,0.47897377610206604,31.233853768873903,14.916630986626625,17.378430061937156,17.294242546391274,18.815474585844605,17.012127065668448,16.263055417440533,-0.019211462976437624,0.098664012639073,0.002964842838378179,-0.014143058394888176,-0.009393667590062747,0.0045149971422007084,0.1706677028953983,disco
0.4399580657482147,0.4549556374549866,0.391627699136734,0.468842089176178,0.4247164726257324,0.5013721585273743,0.3925003409385681,0.382561594247818,0.4989951550960541,0.4208813011646271,0.48987874388694763,0.3858972489833832,16.35493884044653,13.95217271884182,17.53552404805895,17.42704225498966,17.799374861280814,17.380995226196358,17.696330769073818,-0.05342191174677692,0.020601982039222224,-0.020863032811202595,0.002015080326002217,0.0016149435113873955,0.008473992355640374,0.15030263619006187,disco
0.3547341227531433,0.2668346166610718,0.2646496891975403,0.28719428181648254,0.3309382200241089,0.2603342533111572,0.27287235856056213,0.4559594690799713,0.4710041582584381,0.6162574291229248,0.4862615764141083,0.41537633538246155,33.59128998014552,16.90308665291907,17.590392763422404,18.383867146021473,16.10824277082174,16.308478572275707,16.95065583042839,0.07312784842385381,0.0390702499304121,-0.03462753706083734,0.04603839727451364,0.016176627355418687,0.03215143597149633,0.1309711547757154,disco
0.5504568815231323,0.42338991165161133,0.37314465641975403,0.3485911786556244,0.4113398492336273,0.34198638796806335,0.3415883481502533,0.4805067181587219,0.4619186222553253,0.5225585103034973,0.42807209491729736,0.45688119530677795,16.991258536901103,14.88340460101563,18.327035949880162,17.944899363692542,18.351980786195742,18.04326276516149,17.39747465535481,0.03092135833188949,0.020837437333338954,0.00034181872687404004,0.03006532570393171,0.008020385929445208,0.01241692637393746,0.1314991138599537,disco
0.2690444588661194,0.3115397095680237,0.38584470748901367,0.41768190264701843,0.5815197229385376,0.49504247307777405,0.4732857644557953,0.4810374081134796,0.44396182894706726,0.4586539566516876,0.3594037890434265,0.3820780813694,30.013978648616668,15.007085980914791,16.23035258176523,18.04354775681818,16.69076513957637,15.856205601958266,15.272203419559757,0.039882803380292084,-0.04887885571718969,0.004250845499480203,0.03563142369651823,0.007643478092785034,-0.011208000302254249,0.1595289992991106,disco
0.5521475076675415,0.3281584680080414,0.2911868691444397,0.38045135140419006,0.41945192217826843,0.6166235208511353,0.4280034601688385,0.41209864616394043,0.4307480454444885,0.4084431529045105,0.5546968579292297,0.4125521183013916,22.570070825270633,15.461363686648838,17.577604801618087,18.423500272600883,17.581745835261174,17.565018035442954,17.556725512726523,-0.08901827058448511,0.0719766229621481,-0.04425208189383433,-0.014750342529221413,-0.011161186789825297,-0.007584222219740206,0.156306688999613,disco
0.3926202952861786,0.3219159245491028,0.46536704897880554,0.3907291293144226,0.5191588997840881,0.3971121311187744,0.45207521319389343,0.4786776304244995,0.2987620532512665,0.44640064239501953,0.31371644139289856,0.5006524324417114,27.676685621458002,13.835060784453372,18.349271952141866,20.407490385382715,18.808131715087427,18.36728283675624,15.043171981839794,0.14115826288446306,-0.02731650100464676,0.003248125640278864,0.010237952715905059,-0.0012621079509172793,-0.004488692942312396,0.09022704889307812,disco
0.45442309975624084,0.5076147317886353,0.45746049284935,0.4528290033340454,0.5279259085655212,0.4066704213619232,0.41206642985343933,0.340208500623703,0.3356088101863861,0.43387773633003235,0.41845405101776123,0.4747382402420044,20.722925805837882,15.011911682821296,18.42494402701181,18.09789626571316,17.938232597933204,17.610133426245355,16.913187815884047,0.028033215417377258,-0.10448447912514948,-0.036192175250686076,0.014565768448271723,0.01585679664943084,-0.013065108940561952,0.11424808429118774,disco
0.4863830804824829,0.3611513078212738,0.5284544825553894,0.43105825781822205,0.38022103905677795,0.4326060116291046,0.374439537525177,0.5200359225273132,0.2692868709564209,0.2842137813568115,0.4468981921672821,0.3397795259952545,29.55527062743372,14.124236435420096,18.34700617740554,17.56980740949211,17.722498956722653,17.201264505855843,15.321025234943994,-0.01490957152158626,0.054503816389357154,0.028597500618930318,-0.004934241930390398,0.0027787791070669793,-0.006076785039274783,0.12072102486948956,disco
0.36183178424835205,0.43809327483177185,0.2967354357242584,0.3402077555656433,0.29752570390701294,0.28126728534698486,0.4092406630516052,0.36534491181373596,0.4911602735519409,0.32735675573349,0.38477930426597595,0.4480411410331726,27.79372492500358,14.960186884913567,18.937817108212,19.763143055488154,19.984465952741377,18.362395915341338,16.585845804176923,-0.02916684856598253,-0.06087016765482144,0.058139995763284276,0.06481830617132012,-0.0006108035639995311,-0.013287266686829545,0.14358338771268367,disco
0.3693777024745941,0.37306031584739685,0.5337566137313843,0.5034803748130798,0.4406803548336029,0.47497865557670593,0.36040186882019043,0.4374731481075287,0.3849598467350006,0.5148168206214905,0.5766543745994568,0.3709382116794586,24.26901315934618,15.476135335673202,18.262854919618242,17.750168982555163,19.398043644586814,18.970157751909557,16.06351750503236,-0.028503704208468584,0.026542065245997733,0.016996437849365935,-0.023845609160801653,0.008975262989799657,0.003380037825453779,0.10365534971964424,disco
0.3422386348247528,0.34231987595558167,0.32239872217178345,0.4118335247039795,0.29344090819358826,0.24744686484336853,0.3470507264137268,0.2453538030385971,0.2858530580997467,0.29688581824302673,0.4125247597694397,0.5633515119552612,26.16820269623058,16.808043445202824,20.638837555893964,20.271500604062062,20.64715357645605,19.161568720994744,20.225166625334747,-0.012818769486570293,-0.042631083988976255,0.04992104727092027,-0.030921221293699237,-0.005807767595458204,-0.005526010509600536,0.10326298760150812,disco
0.7455489635467529,0.525488555431366,0.39328867197036743,0.3328516185283661,0.2859533727169037,0.22942893207073212,0.23891501128673553,0.41193416714668274,0.35565122961997986,0.35722261667251587,0.4308856725692749,0.5083490014076233,19.699323826437794,15.85664133072572,18.17012695008994,18.655178429460317,17.806859962904223,16.63619973847687,15.228255509366246,0.02528053644409143,0.10876804721569856,0.03795965267122019,0.07573818771654056,0.018446513760980447,0.023735476027863016,0.12404534029389018,disco
0.34103235602378845,0.36171281337738037,0.46618103981018066,0.4411327540874481,0.5042935013771057,0.4753973186016083,0.5736875534057617,0.4395107626914978,0.3156939446926117,0.4674912989139557,0.4280542731285095,0.41048890352249146,27.5841174718397,14.380887181365072,17.871558172035645,17.119528674648915,16.800359778388863,16.09059347458109,14.7728270626335,0.044551573193750506,-0.05374694409994494,-6.10913755773378e-05,-0.025576566611773318,-0.0059006722435341885,0.005170850849970435,0.17288668249709976,disco
0.45452678203582764,0.3732590675354004,0.39863815903663635,0.4515172243118286,0.3900616466999054,0.4730483889579773,0.4580968916416168,0.5332930684089661,0.4680408537387848,0.4107789099216461,0.4314757287502289,0.38199084997177124,26.904194496790286,15.615563527434682,16.97281951421719,16.67854512959571,16.61182035867013,16.64097024163052,15.922384313505315,-0.037321169017087874,0.04751195983777092,0.020427785405409328,0.01188615621524924,-0.0019159920798491274,-0.009848097135253038,0.15097822409126063,disco
0.286717027425766,0.36967065930366516,0.27406999468803406,0.37176838517189026,0.311117947101593,0.48725175857543945,0.5516753196716309,0.3753364384174347,0.5085595846176147,0.2827167212963104,0.37627658247947693,0.27769026160240173,29.75201749667825,16.141935178737757,18.926103833427824,19.113686793081744,19.46628099061435,17.548978064922615,15.208348220301092,-0.05709505605125454,-0.026922825757625165,-0.01647258608991671,-0.01669571184526566,-0.004114352279941215,0.005337940778926147,0.12021650534126063,disco
0.5332145094871521,0.49431607127189636,0.3436996340751648,0.25740793347358704,0.25198182463645935,0.42738303542137146,0.3301829993724823,0.37259191274642944,0.37753331661224365,0.2804158926010132,0.32195940613746643,0.3048098385334015,25.220644962946164,17.208652975598905,19.31161779219805,18.81980539851031,18.303388643254095,17.961473814949617,15.658623308461642,-0.03393868375578734,0.03817833745792432,-0.0452864901504818,0.051774938967531194,-0.003969843011940814,0.0073595520685882845,0.09966035564095127,disco
0.34151750802993774,0.33510348200798035,0.459163099527359,0.36466798186302185,0.4271810054779053,0.5091317296028137,0.4308951199054718,0.5165431499481201,0.3716790974140167,0.3894023001194,0.3743126392364502,0.29491502046585083,28.672667392929203,15.247930253770154,17.606517100671777,17.943466263580916,17.818827323843745,16.75353640649559,15.722786577077931,0.0215782603836705,0.08141839166493374,0.012795020952209905,-0.00028780936238349944,0.001452247501406876,-0.006892037138916189,0.13159576203596288,disco
0.4445352852344513,0.4229237735271454,0.4480343461036682,0.4500235915184021,0.5210269689559937,0.5122193694114685,0.4539695382118225,0.45546114444732666,0.491138756275177,0.5591912865638733,0.5522805452346802,0.5142360329627991,26.0376965557733,15.518354368930877,17.658318683659918,15.705861715810464,16.531080812186033,16.77396317458568,14.58278124976145,0.05714378138984859,-0.011500204910594048,-0.05524784602276692,0.018134442952512455,0.008508198251738932,0.003160669016367333,0.10118297745069606,disco
0.41889688372612,0.49849191308021545,0.6146531701087952,0.5235766768455505,0.4530894160270691,0.46475449204444885,0.4560588002204895,0.5770917534828186,0.4764772057533264,0.4510459303855896,0.4745236933231354,0.3887039124965668,26.501845272061097,14.126163042568809,16.594809268607975,15.651802389800094,16.529667611428604,15.330050244342122,14.78279423770491,0.024569299670877162,0.050751665123280665,0.016915913420597336,-0.026288047153430773,0.004070371590408915,-0.00746221050161979,0.19837511480085074,disco
0.3110235333442688,0.36772406101226807,0.3528395891189575,0.3997701108455658,0.48791295289993286,0.4413207769393921,0.4724142849445343,0.43085452914237976,0.41895851492881775,0.3147706687450409,0.294369101524353,0.3166314363479614,28.14654708450764,15.629984569938989,18.2315620499544,17.806677248542503,17.868749902657697,18.341727981784537,16.202721797584886,-0.007959402415443217,-0.04846284063585755,-5.94679571618394e-05,0.020004833320246315,0.0028406612759807317,-0.0033200039576569023,0.13853592662412992,disco
0.493269145488739,0.42275819182395935,0.4943019151687622,0.4710123538970947,0.47001728415489197,0.34168195724487305,0.3574788570404053,0.42243027687072754,0.43605753779411316,0.5156059861183167,0.4362366795539856,0.5405810475349426,26.613475268365242,15.247114279678003,16.654549677474325,16.04192509965381,17.769649790390787,15.739151515879248,15.65146571368312,0.06789445882766672,-0.009681527427098133,0.020774872990847928,0.00878497986130153,-0.004968669594731767,-0.00399922854457934,0.15077543443058777,disco
0.3535051941871643,0.4103187620639801,0.46098989248275757,0.3189781606197357,0.37540382146835327,0.3205753266811371,0.5033432245254517,0.5408626794815063,0.4233773648738861,0.45087218284606934,0.3611777722835541,0.4867575764656067,19.778562644781584,15.497438377571827,18.058366850043054,17.825284615677656,18.271581158349218,17.7711987358198,14.77613601986045,0.047507785584886116,-0.03470760518395568,0.01567415400550089,-0.032554288470378716,0.006685397272427067,-0.00443210033555811,0.17375184285576178,disco
0.37948012351989746,0.2942013144493103,0.3922879695892334,0.3571873605251312,0.46776771545410156,0.434623122215271,0.3031645119190216,0.3216327130794525,0.37639036774635315,0.5939797163009644,0.24307720363140106,0.2571222186088562,27.747346576873475,15.793658966301468,18.75931279981262,19.889199262815485,20.334321974137474,18.861424528819306,16.70831916028744,0.06314232422502855,0.04793238239977933,-0.035958854252528774,0.015234479455929782,-0.004353662193750978,0.016875485646879133,0.12325117519818252,disco
0.4586601257324219,0.29084429144859314,0.3376213014125824,0.27619287371635437,0.45758670568466187,0.638024091720581,0.3689171075820923,0.37891098856925964,0.34541091322898865,0.5005536675453186,0.3376443088054657,0.3122729957103729,26.136340208245006,15.41251900432693,19.845296438970923,19.575388924399586,19.48369991504835,18.977266133265648,18.12377746010603,0.039644254222401816,0.10758384441124767,-0.09006609665683697,0.01976510778225063,-0.008672590683173474,-0.004027514008996754,0.1244871725154679,disco
0.23292896151542664,0.373714804649353,0.5172090530395508,0.37882518768310547,0.36420080065727234,0.3503980040550232,0.48755863308906555,0.39396774768829346,0.30736833810806274,0.3553515076637268,0.23649421334266663,0.2942426800727844,27.64686903234965,14.882555447889123,18.642179707005855,18.486859499377047,18.486058276432058,16.808421694083886,16.416464513039905,0.08288348310768928,-0.003700585125230986,0.01608475273632051,-0.08357174161386557,-0.015474867941654433,-0.004973158817623043,0.18081285044470224,disco
0.2740805745124817,0.29105961322784424,0.358361154794693,0.5784603357315063,0.449413925409317,0.4531659781932831,0.44890096783638,0.37573516368865967,0.39332422614097595,0.37679412961006165,0.5111477375030518,0.32002249360084534,30.380853357038834,14.647399832517099,17.57890544429489,17.450523573442958,17.572487689683317,15.962483683749614,14.685788995741799,-0.03960758233372389,-0.01854618737500908,0.020409400175107107,-0.012572291539802237,0.0007594092314135473,-0.0021158425200064612,0.17633637253480278,disco
0.525870144367218,0.4097827076911926,0.44978126883506775,0.32549750804901123,0.40041351318359375,0.4946349561214447,0.375032514333725,0.5291290879249573,0.42428019642829895,0.5326151251792908,0.36449867486953735,0.3858124613761902,26.657043192134047,14.179806221862666,17.507642463940115,17.436812462796954,17.90902887302124,16.3328791380243,17.221077737258643,0.047161586103838776,0.05472753228308272,-0.01330108531193978,0.01026955123037065,-0.008210897713089763,-0.0014477007729213616,0.16203007178074247,disco
0.3984149694442749,0.502234935760498,0.41656890511512756,0.4165407717227936,0.45228031277656555,0.5760639905929565,0.7405219674110413,0.511284351348877,0.4018822908401489,0.3451426029205322,0.3956037163734436,0.2969684302806854,25.009242291041353,14.066448179034683,16.033997227678412,16.343903532945117,17.735644585666467,16.03281657178127,14.975831188106337,-0.03405408033507705,-0.03793542015512596,-0.03345151556611115,-0.030336759220996132,0.0070104733578471206,0.009433878180898646,0.19001126860982212,disco
0.4002189338207245,0.3337913155555725,0.3741683065891266,0.335909903049469,0.4153851568698883,0.48489490151405334,0.4015856087207794,0.447517454624176,0.3618178367614746,0.30214038491249084,0.2822021245956421,0.3075959086418152,26.060555852803688,15.260783899564764,18.9999637028895,19.779328683218463,18.362729923809255,16.96169730854758,14.817352762758578,0.007050974081192622,0.05095971325438985,-0.011825791568036724,-0.0007899539287323179,0.00787683298953253,-0.0038404418184361934,0.16820212804524362,disco
0.2424037605524063,0.193881556391716,0.3395780026912689,0.2925291359424591,0.44180163741111755,0.2701471745967865,0.333744615316391,0.5243589878082275,0.33921292424201965,0.49004659056663513,0.23676538467407227,0.38825979828834534,24.988624130841835,15.614465434878227,21.229732797198185,22.270657404031414,20.787942505524704,19.914335107904748,16.280862431733997,0.10491507244768043,0.03615140862962456,0.050896886484056346,0.013708095942830439,0.022084916681475695,-0.006614482341073464,0.10115843121616395,disco
0.34805336594581604,0.35831308364868164,0.5207783579826355,0.39601758122444153,0.436871200799942,0.560911238193512,0.4873262643814087,0.5967426896095276,0.37619197368621826,0.33944401144981384,0.34009212255477905,0.2891038954257965,27.66399542642923,14.64125449097132,18.484864101904844,18.593068858022214,17.42598750490325,17.59972833607141,16.65537340028815,0.024414020151643328,0.032008947581992506,-0.04424056530356046,-0.0063945859359483504,0.001740972057467482,-0.02031807082994032,0.1264267026778809,disco
0.22459138929843903,0.3639415502548218,0.4232467710971832,0.32929807901382446,0.41298818588256836,0.30044978857040405,0.36541497707366943,0.32173267006874084,0.3556385040283203,0.5750914812088013,0.3130140006542206,0.2827553153038025,29.768286698940386,18.018915549773105,22.661817017666188,21.495280539220126,20.13603013236801,17.96408724875644,15.245860855543688,0.23805662288705093,-0.04757187352743028,-0.07285518202050516,-0.06995323788207573,-0.013433026823250057,-0.0069984082158328015,0.05384424243522815,disco
0.3853222727775574,0.3342258930206299,0.6355283856391907,0.39836636185646057,0.3455296754837036,0.2576841711997986,0.3254925012588501,0.5447060465812683,0.40535685420036316,0.3871028423309326,0.3196176588535309,0.3896181881427765,22.800974748313603,15.048838585340771,17.971276547028175,18.234108839628014,18.272361031771307,17.272081778941804,16.811478545203595,0.11120194040812414,0.02713870830637875,0.02669761175028992,-0.05843957935367002,-0.016884770818543893,-0.014042411408295643,0.12164094221287702,disco
0.5090174674987793,0.3527255952358246,0.41143158078193665,0.36222195625305176,0.4482586979866028,0.376323401927948,0.37596219778060913,0.4456288516521454,0.4406484365463257,0.49796029925346375,0.41331034898757935,0.4088723063468933,25.047393597846607,16.300179339559644,19.855438962865826,18.63972276770667,19.369789291517836,19.02444611560763,16.182318342214064,0.031272001291257345,0.05246954536251475,-0.02025128164734173,0.03320584101753688,0.007673147389805895,0.01250088738085961,0.1347388129592034,disco
0.4217284321784973,0.28933048248291016,0.3219524323940277,0.5320194959640503,0.37964311242103577,0.40125107765197754,0.2610882818698883,0.4110563397407532,0.44945859909057617,0.27015289664268494,0.36533689498901367,0.29961222410202026,25.541448258850778,15.520804745669576,18.722643858609594,18.48694130525151,18.506649453058348,17.72155268557046,15.312548440841201,-0.0919489427719803,0.04831809769934789,0.03856305476517186,0.04379611141253639,-0.0024331614341437163,0.0070210736992568175,0.10958987396075019,disco
0.5148985981941223,0.37194809317588806,0.5359413027763367,0.3951120376586914,0.3183682858943939,0.40615153312683105,0.35578760504722595,0.5117635130882263,0.3144526183605194,0.2779954671859741,0.4782699644565582,0.40686100721359253,27.39973945997371,14.147349487535479,17.670567142860154,17.46360947777264,17.029560684405887,17.291203268984905,15.496448971228538,0.003400053690117452,0.08117788166199064,0.017429513561453544,-0.02416435054345652,0.005536329692021361,-0.008254038959407366,0.10971902491782676,disco
0.3170258104801178,0.3360312581062317,0.48670127987861633,0.3633103668689728,0.312979131937027,0.40887296199798584,0.4064862132072449,0.6067847609519958,0.3885621130466461,0.319384902715683,0.30085045099258423,0.2715787887573242,20.638857894951347,14.31522220240434,18.18118283206899,18.85344901968629,19.48474271164367,20.326706446945867,40.917992331210264,0.028296742094169203,0.058161536590339936,0.06496383854795215,-0.017033716621942238,0.005081230741019348,-0.011992912287179195,0.11419814626836813,disco
0.23562750220298767,0.1540748029947281,0.1838565170764923,0.15777194499969482,0.23703500628471375,0.22961962223052979,0.21479028463363647,0.3352985978126526,0.24226321280002594,0.294700026512146,0.1796257048845291,0.18211804330348969,20.737726458645323,19.681392227193374,23.69103963794221,22.80104442708431,22.67063561640591,23.65172468740463,32.6986608867548,0.18497583062973139,0.058233509463219785,-0.00524377212690445,0.04470227328572061,0.0031718570279889217,0.012541465488084604,0.08700922636310905,disco
0.35417497158050537,0.33452269434928894,0.5220290422439575,0.5457648634910583,0.5623042583465576,0.47966670989990234,0.4126986861228943,0.31447920203208923,0.26528990268707275,0.34372496604919434,0.3543986976146698,0.4280393123626709,22.498430717287395,15.049584610560533,18.104017054775053,17.75309507532196,18.310584838544024,18.64097718665084,41.6984667050451,0.08548260309976284,-0.0231979963991381,-0.00024616002477613317,-0.012019232765405154,-0.006772003641671824,-0.006898415444544114,0.15433765951276102,disco
0.43714720010757446,0.36642277240753174,0.3418537974357605,0.4458022117614746,0.349880576133728,0.35500600934028625,0.4676310122013092,0.33694520592689514,0.49487143754959106,0.39011648297309875,0.46161308884620667,0.6076700687408447,21.495096856994653,15.639580244857422,17.125325755054263,16.993677711935412,18.27638225637169,18.764451756017404,42.68892409025336,-0.000706694435624967,-0.09959944394140843,0.06363460482930068,-0.0026237915507006156,-0.008258444128343487,0.0017603367652775767,0.13527580904389017,disco
0.6393336653709412,0.35220614075660706,0.3784462809562683,0.5529976487159729,0.380214661359787,0.4103981852531433,0.42108356952667236,0.6164492964744568,0.3874852955341339,0.3311311900615692,0.5056347846984863,0.4382092356681824,23.636040771766165,13.442653982739103,17.7153186509222,17.227812413443193,18.250702897170324,17.180715243227283,42.7745801483777,-0.029867134271059522,0.1101241960583799,0.0475393380978406,0.0309730148200759,0.0023361872360659073,0.007028674729865687,0.12873971323955916,disco
0.6304536461830139,0.3566090762615204,0.38979825377464294,0.5548453330993652,0.39184486865997314,0.42037662863731384,0.43868935108184814,0.6395102143287659,0.3939381241798401,0.34648892283439636,0.5197391510009766,0.4428439140319824,18.30178236818406,13.40478371683813,17.421643466504058,17.10330109983732,17.848959568527036,17.15186520493461,42.1071375740734,-0.030970087244094693,0.10912802448230814,0.04584767834095416,0.031100186214645973,0.0020779271962981403,0.00657483148197694,0.15762987601508122,disco
0.41456103324890137,0.38013017177581787,0.5316739678382874,0.33715519309043884,0.3886699676513672,0.40067705512046814,0.3850476145744324,0.4406825602054596,0.3440432846546173,0.49198177456855774,0.45797497034072876,0.42347031831741333,15.927158810754854,15.487473077989254,17.411964874496274,17.982030126871603,18.512099015329436,19.279195307869948,43.844793660531835,0.01176883684860381,0.04268085229889857,-0.002964898020502059,-0.016005422796100545,-0.0009695916127230844,-0.004629739684435219,0.16977497522718485,disco
0.364280641078949,0.4351576864719391,0.4430132210254669,0.5565718412399292,0.4097583591938019,0.4039454460144043,0.4521280825138092,0.5164557695388794,0.6600019931793213,0.5457087755203247,0.47069334983825684,0.3562939167022705,18.075061586787562,14.176544097545998,16.80195591858792,16.54949726562965,17.399778057859876,17.181766584517625,46.33009826539033,-0.015214619555165083,-0.014188450954179168,-0.0055589148960580904,0.012027131831482062,-0.003845897878012614,0.0016568410775731634,0.15421266253383603,disco
0.40753835439682007,0.2957662343978882,0.3477008640766144,0.43626928329467773,0.5245266556739807,0.3767538368701935,0.2649860978126526,0.39539095759391785,0.47423255443573,0.5276591181755066,0.3982826769351959,0.3667011559009552,20.738022481936298,16.47661240884594,17.87809979914863,18.893066321370295,18.20184148732309,20.50895288380875,37.992592191463125,0.053861537072443705,-0.0008253012843838357,-0.011670816943268835,0.06472507843492752,0.00744501993928911,0.00725598951221113,0.11460297032095901,disco
0.6206454634666443,0.44652000069618225,0.4564485251903534,0.3886052072048187,0.42583340406417847,0.43848660588264465,0.4101799428462982,0.5691263675689697,0.4084571301937103,0.4597506821155548,0.4803861081600189,0.4535320997238159,17.387473248284458,14.872882272439757,16.94335949164894,17.518287168594696,17.89231657375187,20.118661138369983,40.75600005839382,0.02019746140018672,0.061253500627056263,-0.012637340558054743,0.03109381796773406,0.008702026858836975,0.009980600433854868,0.11039008120649652,disco
0.3233930766582489,0.2785438597202301,0.307917982339859,0.287878155708313,0.36308062076568604,0.3534964323043823,0.5174716114997864,0.48838740587234497,0.3143627643585205,0.34689801931381226,0.3132684826850891,0.4062325358390808,17.071108681155835,15.07723482733279,18.774103935869658,18.8805777790035,19.30932648470414,18.25330158887549,37.59666023599077,0.05805774750660859,-0.027040942016359242,0.026925737372464613,-0.006039889852033449,0.0002319951436957101,0.0045465925634224505,0.07692752138921113,disco
0.414376825094223,0.27856966853141785,0.3367582857608795,0.5817558765411377,0.34625574946403503,0.35043251514434814,0.2585487961769104,0.3922000229358673,0.5199590921401978,0.3246200382709503,0.3456594944000244,0.2921852767467499,18.966488428496845,15.476469642352637,18.596563175038156,18.21567721004199,17.640538219259483,16.840119887749697,38.70221476301363,-0.0517556702996762,0.029268823536229414,0.020294170554407392,0.030811955174178954,-0.01702278067884262,0.0024813876774706723,0.0924305454853055,disco
0.39347726106643677,0.3738133907318115,0.43857985734939575,0.37775325775146484,0.4665938913822174,0.46186694502830505,0.37365999817848206,0.3865576684474945,0.45720237493515015,0.5255322456359863,0.3799218237400055,0.3728804886341095,23.80028131795957,14.06864437796312,17.472698815033542,16.75583891636604,17.891148152891436,18.1963884159468,41.12633428062374,0.012193372919098363,0.02553186450903775,-0.024673336073871545,-0.016296633387421145,-0.009023475889621964,0.0011906336001873423,0.11094558137567673,disco
0.37901613116264343,0.44851040840148926,0.49613329768180847,0.3171376883983612,0.3252245783805847,0.31348562240600586,0.4389882981777191,0.3678310215473175,0.34926658868789673,0.4510086476802826,0.4405703544616699,0.5183361768722534,22.437512120395095,14.39903703499517,17.649589026460006,17.376385964695938,16.488307545853335,17.000444934166378,40.35780768921202,0.04757806522226163,-0.049252061409982825,0.01701806866681249,-0.021042591745966066,-0.002396672578119701,-0.0019814911322223014,0.11017558488012374,disco
0.5877527594566345,0.3992269039154053,0.39005985856056213,0.3451229929924011,0.4034750461578369,0.4379579722881317,0.4075980484485626,0.5446558594703674,0.3822568953037262,0.43029338121414185,0.4576551914215088,0.43279632925987244,22.184456693559873,14.863701508690784,17.27604300827506,17.551362440055858,18.27000308287555,19.49075525351073,39.79348022611093,0.02241635055540117,0.0741005836980454,-0.01099806033184349,0.03426452199168551,0.010269580040605344,0.011123084956571227,0.09297320608565351,disco
0.43290191888809204,0.32164910435676575,0.3663853704929352,0.3444401025772095,0.3215559422969818,0.3351742625236511,0.332990437746048,0.3529141843318939,0.2696355879306793,0.2449278086423874,0.23906181752681732,0.31800615787506104,16.843315079696158,15.728974617055401,19.023665624666474,19.995101106712525,19.370803959876795,18.633168565814135,43.55392595667036,-0.014464505723375662,0.02181423308685173,-0.005925769412750779,0.013424797993432424,0.00591869997996021,0.002177981984976659,0.11583368075696056,disco
0.4757342040538788,0.38168710470199585,0.3847977817058563,0.4101560115814209,0.40454280376434326,0.501085102558136,0.403843492269516,0.5069087147712708,0.3353866636753082,0.4120000898838043,0.46618977189064026,0.4414925277233124,17.032948593592934,15.884512450621543,17.975608385882385,18.008741850594483,18.298845709805267,17.6678503979011,42.11155051311313,-0.009268139987805745,0.05813740934321214,0.005579533064067744,0.022778219437516133,0.005206966044468473,0.015417250067396103,0.12762833526682135,disco
0.6459964513778687,0.5420225262641907,0.5185096859931946,0.5625624060630798,0.5450289249420166,0.6050518751144409,0.502005934715271,0.508825421333313,0.523486852645874,0.5250015258789062,0.5329394340515137,0.5655920505523682,22.035953835891423,13.18799556987936,16.721268356840426,16.043143925712634,16.183704532283677,15.825925683383984,39.72139437163726,0.011384650435738343,0.024766325080201955,-0.041729288540164014,0.005985188408129698,-0.00017931997249607477,8.82300880304993e-05,0.0997170007975638,disco
0.6106066107749939,0.44274476170539856,0.3671351969242096,0.2938365638256073,0.3623237609863281,0.3751436173915863,0.381573349237442,0.4518353343009949,0.2895543575286865,0.25123175978660583,0.3127351403236389,0.5213062167167664,19.505773001371796,15.85462671377446,18.16136156186856,18.455131071471282,21.182500506709715,18.880506530961988,39.81131316997048,0.018875478676488703,0.10979637423916257,0.02468764854268055,0.10361336738055546,0.016498245457090527,0.018475652461308265,0.0648764531370843,disco
0.4191324710845947,0.4241342544555664,0.44465136528015137,0.3704512119293213,0.42820438742637634,0.5006524324417114,0.682410717010498,0.5090169906616211,0.40798622369766235,0.4790438413619995,0.435208797454834,0.5498682260513306,15.76484405898095,15.726859002454775,18.938929287009554,17.364436465059356,18.270367004210325,17.317189920041063,40.30558032872628,0.054893580954597704,-0.04209641710573977,0.019838244830706658,-0.043382058042546044,-0.0032114781810259,0.003692595925605636,0.07361868897428461,disco
0.42518967390060425,0.44804587960243225,0.45855003595352173,0.44786277413368225,0.586299479007721,0.43585988879203796,0.4063926637172699,0.4388613700866699,0.4388412535190582,0.51893150806427,0.39414742588996887,0.41012367606163025,20.776337735233344,13.963419723255225,16.79027752820409,17.610631790567535,18.737399999102266,18.857265224053666,43.39868011258747,0.04112839530276057,-0.03441992945881899,-0.014440435290982172,0.04048846428385548,0.008694839219684856,-0.004300673796211141,0.13856991371809746,disco
0.3029976189136505,0.41753172874450684,0.3544203042984009,0.3095782399177551,0.5722630620002747,0.3301628530025482,0.3364880383014679,0.24086302518844604,0.34553250670433044,0.5174044370651245,0.3120073974132538,0.3398880660533905,19.806080936076665,15.244075662583914,18.663739806397405,18.380038017773128,18.281807461568548,17.293343804688334,41.01226993274541,0.08080123062144352,-0.06393845406959656,-0.05141364914715903,0.03207918929407168,0.011102503908046093,0.005566702427433299,0.14323520881670534,disco
0.3845162093639374,0.6064063310623169,0.36654067039489746,0.35200896859169006,0.3902243673801422,0.4415104389190674,0.5619337558746338,0.3915219306945801,0.43625861406326294,0.30849942564964294,0.3697573244571686,0.3847164511680603,23.02308614375704,15.882145567097822,18.331339699709417,18.686405102979865,18.158606575144645,16.602525780977437,42.765832784589946,-0.05133489556411877,-0.11532771595738119,-0.058724151866630124,-0.013446652695640356,0.006189978773671537,-0.011539627779894613,0.1626135168938515,disco
0.5612372159957886,0.29555439949035645,0.3674168288707733,0.5488536953926086,0.40156039595603943,0.4900508522987366,0.34871572256088257,0.39531052112579346,0.2768915891647339,0.2805933356285095,0.33511999249458313,0.37111541628837585,20.174322936036987,13.123626472191205,17.1626770798952,17.12346919797136,18.962533590920206,16.61204649637132,39.05632474504115,0.008394685305438857,0.055193306979112,0.03617539774404628,0.022967517746170098,-0.011426017823435657,0.009268340865353225,0.0836037195475638,disco
0.6378009915351868,0.35673511028289795,0.38104867935180664,0.5422378182411194,0.38191694021224976,0.42357921600341797,0.43372097611427307,0.615548312664032,0.3932987451553345,0.344247967004776,0.5118427276611328,0.44435614347457886,17.509579573568523,13.643736059808635,17.46112408204946,17.035458555647782,17.74364156768835,16.929902384013207,41.72193878756335,-0.030105106406260358,0.10975610277470703,0.043006371886794244,0.0292852147534914,0.001336541352308491,0.006313744480797319,0.13458360523008508,disco
0.49286699295043945,0.3538466989994049,0.3822910785675049,0.5729228854179382,0.5571476221084595,0.6482788920402527,0.3813985288143158,0.32601845264434814,0.34239310026168823,0.3587999641895294,0.4112018644809723,0.39968955516815186,20.820009047170075,14.036441857916273,17.707566323574483,17.903930274708316,17.750247076660816,17.021824877606758,42.949354984246646,-0.03205924815059118,0.042142880650169134,-0.05349686144860513,0.023510399874521498,-0.010810711746066484,0.00700578625851988,0.155900310566512,disco
0.3388374149799347,0.4878465533256531,0.6150215864181519,0.40254464745521545,0.4725682735443115,0.3665258288383484,0.41106435656547546,0.34948471188545227,0.39911678433418274,0.5688201189041138,0.40232330560684204,0.3973643481731415,17.503380572462667,16.29132529169536,18.576314991314263,18.527483402243348,18.659183649257454,19.368539874363428,41.30899657632862,0.10498543206259257,-0.007582211122717552,-0.026310114508346676,-0.06129687813406696,-0.01524636314534383,-0.0028619822305580287,0.18406730350928074,disco
0.3843840956687927,0.3990078568458557,0.6498639583587646,0.3505546748638153,0.4091961979866028,0.5110661387443542,0.4486531913280487,0.621006190776825,0.3440900146961212,0.36890289187431335,0.4468657672405243,0.42242762446403503,19.01898958669793,14.003511911740604,17.426180051472116,17.55161422459349,17.478124739510868,16.896336144691055,43.33074217442272,0.0065744008524931995,0.0795172407979126,0.051097184137282,-0.023009741325896713,0.0015143909054939197,-0.015023178710513615,0.17634505812548337,disco
0.47343966364860535,0.30147117376327515,0.3401806354522705,0.544106125831604,0.5159399509429932,0.6323168277740479,0.32094964385032654,0.2805154025554657,0.32220569252967834,0.3492588698863983,0.3967277705669403,0.35657283663749695,20.363820915419293,14.0907775061852,17.647429239657622,17.70081867870117,17.711278139061143,17.028973848181337,44.40399786800121,-0.04280534680568738,0.0942770164217107,-0.03850215663938956,0.039442623875407055,-0.010119617095303107,0.014643276020616573,0.15107338795436967,disco
0.4797136187553406,0.4323301911354065,0.4261434078216553,0.3654805123806,0.3611963987350464,0.3894622027873993,0.4271612763404846,0.589569091796875,0.5173078179359436,0.4133260250091553,0.3606650233268738,0.3880676329135895,23.534057575050223,13.946574642793104,17.257638694993297,17.01148347986637,17.297319318137674,16.373195085176842,42.82482393225845,-0.0028210006147162798,0.021181515836296766,0.01064569129675539,0.024424353124658585,0.0005003424586216056,-0.0052211134916362876,0.12989565206883216,disco
0.3116033673286438,0.22100523114204407,0.39563944935798645,0.43908143043518066,0.4430933892726898,0.5079959034919739,0.2988441586494446,0.3620499074459076,0.3087894916534424,0.3353307247161865,0.330544114112854,0.2842073142528534,17.986840144930444,16.99040107120056,19.34583187712139,19.700803894222656,18.97379904520467,19.096116703545253,41.47652550125089,-0.007302967753487024,0.054140842445436786,-0.003104958189140313,-0.0024047807746408432,-0.006508378559535245,-0.004248085002827587,0.12186072542053364,disco
0.5510129332542419,0.3788813650608063,0.40718477964401245,0.3429388105869293,0.4291161000728607,0.3774123191833496,0.34266963601112366,0.49802204966545105,0.41100648045539856,0.5215595364570618,0.3290388882160187,0.40002304315567017,22.979790607724834,13.943797073677022,17.811517981759547,19.17030626966116,20.760879000843875,17.4307925808936,42.74604898293363,0.10965859919793303,0.06973292998919249,0.016108255442995194,0.02827326063144502,0.003943081102030473,0.012858839076421498,0.11758099502126837,disco
0.4403878152370453,0.28732091188430786,0.24693919718265533,0.28368079662323,0.4297725558280945,0.6027058362960815,0.3738156259059906,0.3066292107105255,0.2530774176120758,0.24080774188041687,0.23572909832000732,0.2823461592197418,19.17462346869957,17.01790284226516,20.270373020111354,18.626339850715265,18.069710363018153,17.43430382281817,38.54133201548386,-0.015240241489708354,0.06119122548395703,-0.062277723602195766,0.037779642766728995,5.3138570096335996e-05,8.52429731522422e-05,0.09612456496519721,disco
0.3884015381336212,0.42420539259910583,0.4062434732913971,0.44752752780914307,0.4850475788116455,0.647628903388977,0.5115928649902344,0.4333931803703308,0.5574081540107727,0.39180174469947815,0.3902122974395752,0.35248082876205444,24.33199543490132,13.62779772667555,16.46321082830586,16.981927558726607,17.228331693225485,17.78773424799488,40.553022578625765,-0.04442213603806415,0.010203697867889869,-0.026350615095211846,0.029376230729140095,-5.268267403897865e-05,-0.0010564581358521244,0.09976307219160867,disco
0.3540671467781067,0.45487740635871887,0.2854880690574646,0.30536994338035583,0.3395310342311859,0.5425770282745361,0.48534372448921204,0.357393741607666,0.4614102840423584,0.351668119430542,0.42608699202537537,0.30091267824172974,21.957514042561073,16.211273476403186,19.03983959089714,18.317365813712097,18.524644055518756,19.644873940891753,38.964453893859236,-0.09392083902445703,-0.014361001971376146,-0.041447291548284,-0.04210725950317756,0.005964122671206149,0.006481133013162758,0.08474190956109823,disco
0.41588643193244934,0.3455454707145691,0.3402838408946991,0.3760949969291687,0.5528625249862671,0.43159979581832886,0.2458599954843521,0.3315076529979706,0.31537213921546936,0.3461318016052246,0.27990177273750305,0.32087036967277527,22.1245193937776,15.888563685015555,19.467939950987773,19.450281551686942,20.147810860805805,20.855744307240705,38.362314076933124,0.040023069376690916,0.030411769585910936,-0.018786262730907347,0.05545616627880418,-0.0019195460787969445,0.0026222034994936505,0.11640202049497293,disco
0.622713565826416,0.3912730813026428,0.3539315164089203,0.4308065176010132,0.3498261272907257,0.4196789264678955,0.36344507336616516,0.4848189055919647,0.4531554579734802,0.34321916103363037,0.40771210193634033,0.45202887058258057,17.317880372829908,15.395684940153071,18.598779198673615,18.53121565553451,18.68875551600718,17.74744199973064,39.93714596442166,-0.02384476703370639,0.050368729055283376,0.016720191688670644,0.02340990015538216,-0.000989811848145891,-0.004676284417596432,0.1381975662219644,disco
0.3228355646133423,0.3959420621395111,0.4376274049282074,0.4568500816822052,0.5520724058151245,0.4651709198951721,0.3966814875602722,0.4173766076564789,0.48892784118652344,0.38328880071640015,0.3083729147911072,0.3450513482093811,18.184369209095255,15.118430042286809,17.372801014936417,17.955285805194496,17.98521069877431,17.005034243997855,38.73266464970213,0.024555425565721215,-0.046714520495173446,0.013242862595724273,0.04005010680303443,-0.002807771842334731,-0.018038467410087515,0.08998536289153132,disco
0.47936123609542847,0.5560316443443298,0.4944166839122772,0.4271854758262634,0.4394972026348114,0.3983481526374817,0.4718463122844696,0.4277592599391937,0.5221759080886841,0.5616907477378845,0.6588281393051147,0.6061524152755737,17.29696619820968,12.720324523457245,17.1035683094016,15.557984270437611,16.630375026042266,19.141892738918088,37.865957989210756,-0.004303043966313174,0.0013976529515536285,0.00779103739684051,0.013112592150018233,0.002099337286752286,0.0023102729458128815,0.15141816814095127,disco
0.647757351398468,0.5290027260780334,0.5141125917434692,0.5567103624343872,0.6331911087036133,0.5829207897186279,0.5214382410049438,0.5594167709350586,0.5432294011116028,0.5296595692634583,0.5351448059082031,0.6645641922950745,19.265216073076655,12.264098557320729,15.012923400132081,15.937140880126432,15.75731410673916,15.367574843215051,42.13719307288179,0.0025537991302374023,-0.0020322311862294336,-0.013994566796596988,0.013906439494021587,0.00421633430026883,-0.0053208772178050655,0.1586842311968291,disco
0.4679529070854187,0.34802865982055664,0.3947674036026001,0.4299384355545044,0.40039902925491333,0.33325454592704773,0.3390847146511078,0.48096930980682373,0.3968096673488617,0.3928818702697754,0.36636799573898315,0.3915773034095764,23.314284609950498,16.101675685105835,19.508211454740607,19.673271982044824,19.309951732402975,19.3428989235661,39.196021165667524,0.021248494800578045,0.08006995890194833,0.03360407608608018,0.04606876855504339,-0.0029783300278029643,0.010326342486141848,0.09446561714520495,disco
0.45013242959976196,0.36842969059944153,0.3585473299026489,0.39023357629776,0.3807772994041443,0.4814898669719696,0.42094263434410095,0.40607932209968567,0.3866505026817322,0.339020699262619,0.32014182209968567,0.31352996826171875,25.899678446431224,15.074627653421244,18.599578989785392,17.73494595767948,17.958835538470094,17.37448398005287,41.32254178887605,-0.01323124961313677,0.03787969256556838,0.002835735376154878,0.019966437829239014,0.0034702794975177706,0.006992097632139808,0.1002388915071539,disco
0.4983636736869812,0.3421419560909271,0.4761147201061249,0.310628205537796,0.3602902293205261,0.4031834304332733,0.35363468527793884,0.5766754746437073,0.3634946942329407,0.4089776873588562,0.3013417720794678,0.38084447383880615,22.047406145456957,14.764238953938328,19.035924392092,19.573667144450862,19.40157377530095,18.96796200918894,40.53697096462034,0.04600523550130185,0.06285423728939232,0.016809153310775794,0.010613848045410414,0.005449322840316481,-0.0011899689599951804,0.13140618957849962,disco
0.5649430751800537,0.3776799440383911,0.3964921534061432,0.3425680696964264,0.41246458888053894,0.44935351610183716,0.41090303659439087,0.5714747309684753,0.3788788318634033,0.4220198690891266,0.4373842179775238,0.39284223318099976,22.099651994001384,14.891634467243955,17.001795918863163,17.603410837252124,18.1391122909049,19.85114863682168,39.94709390723667,0.023527271811494953,0.08305957366958712,-0.009104671131038838,0.032821388618425484,0.012541442466287142,0.010075893969406903,0.11182509184068058,disco
0.44562196731567383,0.44414085149765015,0.6390336751937866,0.4014130234718323,0.4779038429260254,0.6105749011039734,0.5512667298316956,0.5485899448394775,0.39522793889045715,0.44542551040649414,0.43753209710121155,0.42741405963897705,20.222564830112134,13.268528143395706,16.2973404162473,17.316631848107722,18.02349618437121,16.70331871672176,41.0532077010637,0.026550551683013207,0.03417035870978337,-0.010295064853359232,-0.0057045300372311515,0.00463046630353247,-0.009445793414236327,0.14611353804137664,disco
0.5551003217697144,0.5278938412666321,0.5074419975280762,0.47931596636772156,0.32387515902519226,0.3232404291629791,0.3277896046638489,0.4735226333141327,0.33531177043914795,0.23476409912109375,0.45124828815460205,0.4595666527748108,20.86291902252029,15.390752095367155,19.056755661226767,19.23275822404596,19.78699761719012,20.146154183920896,37.95625567378951,-0.00972599587084087,0.07130376894467268,0.0312632391991328,0.01237864267262514,0.008436950099517764,0.014288267093348312,0.09160579200502707,disco
0.3050149083137512,0.39782440662384033,0.3050592243671417,0.3975152373313904,0.585395097732544,0.4031893312931061,0.3100912868976593,0.3280333876609802,0.5292631387710571,0.2415725290775299,0.2242029756307602,0.42262375354766846,17.281888895387517,15.84425540507269,18.72354242719129,19.55395257453808,18.706350657809878,17.68480543161519,41.391021454813696,0.007878650549370187,-0.09795690592489464,-0.010490941543532976,0.07464003125428918,0.014371608604129532,-0.027875870599124036,0.11746997051430781,disco
0.5157284140586853,0.4109082520008087,0.45749667286872864,0.3529833257198334,0.4038093090057373,0.5225186944007874,0.33458447456359863,0.40741902589797974,0.3100844919681549,0.4560604393482208,0.38664621114730835,0.3404536843299866,19.06974990481882,13.373463776629583,17.42732166252342,19.74808075039068,19.4559931554701,19.05666847710199,42.066188371338086,0.03310897952585516,0.005047822995476371,0.0014676181563477925,0.020169455280033107,0.0018797417817471656,-0.000659440746005042,0.13702236803944315,disco
0.7009883522987366,0.43861109018325806,0.35868266224861145,0.3415370583534241,0.4024430215358734,0.3874150812625885,0.3248097598552704,0.440425306558609,0.33546143770217896,0.34208863973617554,0.44633767008781433,0.4863896369934082,21.720583271332792,14.080193753705599,17.0442158723359,17.567866439852022,18.776079456091495,18.338372739194668,41.56094302809783,-0.015247633704504437,0.10650042308037283,0.012379323762581395,0.04215098669275643,0.008647887524851555,0.016746468068088285,0.09355627356438515,disco
0.42181891202926636,0.39375412464141846,0.5708181262016296,0.4795595109462738,0.4345780611038208,0.48535600304603577,0.4372256398200989,0.5348373651504517,0.5001469254493713,0.5171356797218323,0.43690818548202515,0.40439486503601074,23.22110841893098,14.610668921088491,18.943278139032405,18.960658215256196,19.83628069753314,19.295104928772275,39.53610382513082,0.044783259443341474,0.03689809452606238,0.03938946382582692,0.017760963916017624,0.004716417419387967,-0.008400553731897444,0.11803151283352668,disco
0.4286756217479706,0.3748859167098999,0.43671169877052307,0.35265085101127625,0.3849831223487854,0.3304665684700012,0.41993770003318787,0.5241119861602783,0.41405189037323,0.4125897288322449,0.3879990577697754,0.5323725938796997,23.52214638521067,14.981742942771977,18.707473747340316,18.802536307092527,18.27715777496349,18.213731577488197,41.3618818280358,0.03377923492453404,0.028311629968662686,0.017084174345075063,0.01267732206043406,-0.0029038427011564907,-0.0003744630727913733,0.13436042331303172,disco
0.37501010298728943,0.33039984107017517,0.36080676317214966,0.27493953704833984,0.29718977212905884,0.595325231552124,0.33002007007598877,0.2699034512042999,0.3992059826850891,0.4615517556667328,0.8023649454116821,0.4829847514629364,24.3974818762392,15.661903646329732,18.093117910080455,18.51123015183223,18.83290459688959,17.482548062428037,42.308996083725454,-0.07887689080519077,0.048118375499612016,-0.03602559257900869,-0.09178309180908491,0.018069982282173262,-0.02794355969214833,0.12045063865525908,disco
0.3863362669944763,0.45183196663856506,0.4692085385322571,0.4278793931007385,0.5168331265449524,0.48543137311935425,0.6252052783966064,0.4391731917858124,0.3153541684150696,0.32965290546417236,0.34622856974601746,0.4990837574005127,24.269002597181046,14.045017551180937,16.733034972497926,16.739399268879065,16.74706512421011,16.974805382045762,42.55908931547096,0.04518551552386544,-0.041323174159974996,0.0255109000452617,-0.015611959042204906,-0.005086577693735032,-0.0027631233390118075,0.11256940919856923,disco
0.3863362669944763,0.45183196663856506,0.4692085385322571,0.4278793931007385,0.5168331265449524,0.48543137311935425,0.6252052783966064,0.4391731917858124,0.3153541684150696,0.32965290546417236,0.34622856974601746,0.4990837574005127,24.269002597181046,14.045017551180937,16.733034972497926,16.739399268879065,16.74706512421011,16.974805382045762,42.55908931547096,0.04518551552386544,-0.041323174159974996,0.0255109000452617,-0.015611959042204906,-0.005086577693735032,-0.0027631233390118075,0.11256940919856923,disco
0.3754904866218567,0.35759541392326355,0.47837623953819275,0.4515603184700012,0.6140512228012085,0.47052064538002014,0.45571354031562805,0.46837419271469116,0.4652331471443176,0.5391836166381836,0.4175224304199219,0.4359000623226166,16.861378236367482,13.21496492741022,15.793577501455932,16.21704533383297,16.125088288244754,16.176874423425463,42.203502644434515,0.03883340364282925,-0.0065615268916118154,-0.0032857116470255032,0.018982675329876353,-0.0009266401876399252,0.0017049106584151844,0.147308750845901,hiphop
0.4932144284248352,0.5511517524719238,0.7130407094955444,0.8043496012687683,0.6252230405807495,0.41586071252822876,0.2988280653953552,0.24181683361530304,0.26997652649879456,0.330262154340744,0.3477388322353363,0.3950270712375641,27.534728918545667,15.261157962789403,18.801533201141776,18.114679151986188,17.918666634909798,18.62717546986173,40.26147466494904,0.18278353610299297,0.1013433399117622,0.00673265579788245,-0.21754114484675205,-0.08344028248400072,-0.05497637361324806,0.09770647537219644,hiphop
0.39225032925605774,0.40130436420440674,0.41632869839668274,0.37566840648651123,0.3437179923057556,0.37097105383872986,0.3066549599170685,0.2878971993923187,0.3618450164794922,0.4698920249938965,0.6071159243583679,0.5172950625419617,22.483702488610064,14.54530165681012,18.536525861370567,17.679038217712918,16.443353761469247,17.253055919480456,36.524434514023845,-0.0697994260025033,0.053753876081478094,-0.012701845534105641,-0.10383022073886815,0.024838049098562447,-0.02024088690344785,0.05871157192575406,hiphop
0.571495771408081,0.5505546927452087,0.5816283822059631,0.5056281685829163,0.3839317262172699,0.34286755323410034,0.3355492055416107,0.33405110239982605,0.3359871208667755,0.49890005588531494,0.555194079875946,0.6111457943916321,18.524251148411658,14.087506980907875,17.739597490984526,17.067977295022466,16.686119381553667,16.93801005098776,36.62922235727809,-0.059651355870712304,-0.008359976659671186,0.03174284115226243,-0.0141691880031257,0.01260642798190763,0.009915223168691792,0.10350127489365817,hiphop
0.4028531312942505,0.3771097958087921,0.4704471826553345,0.4102829396724701,0.4713200032711029,0.4553740620613098,0.3936852216720581,0.4696400761604309,0.5286830067634583,0.5219036340713501,0.457317590713501,0.4334935247898102,22.691852729320882,16.391448651019022,19.14240690295734,18.60437039526648,18.693575100961095,17.006585796735564,36.47686700026938,0.030837693918815155,0.007661559078437771,-0.037330805944179465,0.015350462125479953,-0.015749553476117607,0.006962706360098759,0.0998514386359242,hiphop
0.43487057089805603,0.4696844220161438,0.4831034541130066,0.4797588884830475,0.48781922459602356,0.5239951014518738,0.5371997952461243,0.5413909554481506,0.5058325529098511,0.5443017482757568,0.45666584372520447,0.42430171370506287,18.361912625466537,12.257585860020601,16.11729983979985,15.707120496067576,16.36716766236471,15.4651216257478,42.03907438667429,0.03033315255969539,0.00022848557245701615,0.023480577114897313,-0.0003782704556099674,0.020075674046637786,-0.012378538889221243,0.12458309164733179,hiphop
0.4253648519515991,0.3998856246471405,0.41215935349464417,0.48367321491241455,0.528262197971344,0.42201662063598633,0.38719505071640015,0.4296853840351105,0.4912000298500061,0.5675494074821472,0.5249425768852234,0.4993606507778168,17.97381170672624,14.203930360195937,16.74112166350186,16.194685297854658,16.58351963180984,16.162408232969305,38.753959103157136,-0.029487990217527345,-0.006034631961946136,0.023316969343065454,-0.01781672362615613,0.005733906462109413,0.01894485013241097,0.12817024059841453,hiphop
0.38821184635162354,0.37673890590667725,0.4293147623538971,0.5307582020759583,0.6233507990837097,0.3743967115879059,0.3315266966819763,0.3520698845386505,0.41296371817588806,0.48875007033348083,0.44899797439575195,0.43483221530914307,21.85533740020131,14.489697466278,18.51953660096762,17.780397955774543,17.646581558234434,17.10439498154356,37.784420085192046,0.06503550226821236,-0.02305587180997721,-0.028018831748627872,0.05696518422944973,0.014522309653431365,0.02006142282259218,0.07863669458139985,hiphop
0.39989927411079407,0.3514687716960907,0.320451945066452,0.3790232837200165,0.42399030923843384,0.4362337589263916,0.4841397702693939,0.507542610168457,0.5721114873886108,0.5597265362739563,0.5111296772956848,0.49762335419654846,22.04039891077255,15.3811131523217,18.160610931046055,17.226744749609516,17.309579735458176,17.130396776354353,42.14217328729631,0.01317288409489114,-0.0008991461548230143,-0.00025479247172695854,0.007791843940917658,0.00046918484600922116,0.006498776861356286,0.17704972387374324,hiphop
0.6223042607307434,0.530113160610199,0.540693461894989,0.5957188606262207,0.6398888230323792,0.635942280292511,0.5602837204933167,0.48081517219543457,0.44367265701293945,0.46527227759361267,0.5595349073410034,0.652823269367218,16.34656505265391,13.131785197023177,15.709220939851514,14.998826894419674,16.096260113254203,16.300115092092067,37.81930402823187,0.024716282784592564,-0.02609125699423118,0.0525070867743932,0.05311605472575746,0.020053803767888338,-0.003828745876991357,0.09830917983855375,hiphop
0.40573835372924805,0.41246217489242554,0.4038718044757843,0.4252781569957733,0.41758134961128235,0.40481871366500854,0.4271073043346405,0.4790048897266388,0.4651169776916504,0.42144906520843506,0.43842530250549316,0.426186203956604,19.835355528144685,12.982763611295377,16.047897975682446,16.48813328463492,17.64494445161244,16.294270262538298,42.371265340800754,-0.011033044703272177,-0.004708792769241459,-0.004431285158560844,0.018294053281853948,0.01069691598096592,-0.012191836076463737,0.12542634921210363,hiphop
0.37315329909324646,0.3799993097782135,0.44649583101272583,0.45615822076797485,0.42514583468437195,0.481002539396286,0.42088139057159424,0.409927636384964,0.4843674898147583,0.5554940700531006,0.4863429069519043,0.40959253907203674,19.87394048929951,13.158430019660663,16.4026813206547,17.763836145728554,17.616079340765953,16.730840636447017,41.81333436320678,0.04890202464719207,0.027037370315233893,-0.03718657395964513,-0.01106628704360916,-0.005945500177868575,-0.015716275084102543,0.09415142534319412,hiphop
0.20171968638896942,0.30671077966690063,0.33320152759552,0.5110329389572144,0.4339144229888916,0.3791154623031616,0.395235151052475,0.4241878092288971,0.40345144271850586,0.38921919465065,0.3121085464954376,0.21569396555423737,18.450756658149974,14.062019744277826,19.342018458964642,18.32302503101869,17.029230690760578,17.42005005776655,41.806258476407834,-0.021980493316430642,0.011847245338571769,0.020659499723184593,0.0325655822065202,0.002390958270088763,0.0061274176954716104,0.08725355580529776,hiphop
0.2912731468677521,0.23415720462799072,0.3706427812576294,0.6091389060020447,0.5559195876121521,0.38689130544662476,0.19242236018180847,0.21521247923374176,0.2638651132583618,0.21400244534015656,0.3029191792011261,0.4475509822368622,14.809041247725757,15.50467228400054,18.58866296849973,18.808445880045337,19.100702546770435,20.02506878905109,35.76224458097325,0.0029071716336732337,-0.011305066714447807,0.049821890867549255,0.014758884888041458,-0.0007330174395448234,-0.006257850010155434,0.09662455288089714,hiphop
0.472602903842926,0.4072061777114868,0.3916167914867401,0.592894971370697,0.5055887699127197,0.34622299671173096,0.4184040129184723,0.6357824802398682,0.7768682241439819,0.5868494510650635,0.37289348244667053,0.3706040382385254,22.565214821344878,14.100524765697546,16.940229098227366,16.49411453760582,16.26946923587412,18.015675386161025,41.99905615345867,-0.07390263559403644,0.013026345067523433,0.08427921201016715,0.09890040599403228,-0.01716873597194481,-0.0028434972979606574,0.1338294693783836,hiphop
0.5482807159423828,0.541689395904541,0.49732574820518494,0.444097638130188,0.4706740975379944,0.42535683512687683,0.3610928952693939,0.34608572721481323,0.34792360663414,0.33897915482521057,0.3611406683921814,0.4034985899925232,19.16293574827269,13.950485384861363,16.571073895329892,17.350947240857174,17.13024912030037,16.029535052408534,42.39671127559226,0.008315306509033425,0.0174580590763633,0.02466490484013439,0.0719594937221241,0.003933868835237024,-0.012073955653135897,0.11600965837683681,hiphop
0.5218080878257751,0.5469655394554138,0.5545405149459839,0.5380688309669495,0.4349467158317566,0.3924269378185272,0.3945727050304413,0.45045191049575806,0.4881458282470703,0.4356926381587982,0.3986932039260864,0.45263928174972534,23.652868749324202,12.879707430388967,17.90942664412008,17.94433332242091,17.18371489100429,16.98295426372936,38.77839399559026,0.02362606633056585,0.07077285388599715,-0.001203949650359581,0.020827244283675914,-0.017511514714618263,0.02343524053256328,0.11039989970030936,hiphop
0.5545915365219116,0.534660279750824,0.5223500728607178,0.4879324436187744,0.4421308934688568,0.45200875401496887,0.47865283489227295,0.4643418788909912,0.47466564178466797,0.5319623351097107,0.42918384075164795,0.40108850598335266,21.95635391056484,13.224535344548945,15.366799412182718,14.917309570024344,16.35685458422534,15.894984454296475,41.47064291777649,0.02243607846586884,0.02204195448085178,-0.02136188925568788,0.04726235711571088,-0.006215284180828302,-0.004064663036021255,0.08037456798627224,hiphop
0.473385751247406,0.4924338161945343,0.5351676940917969,0.5817540884017944,0.6135002374649048,0.5652256011962891,0.4417194426059723,0.3593413233757019,0.33217132091522217,0.34396588802337646,0.3787619173526764,0.4227830171585083,20.666278183093134,14.198004077715021,17.400730883202538,16.174013159190544,16.71322336927557,16.665545833527354,42.26490741646698,0.0007788325661091699,0.008969439687556369,-0.008459339252538636,-0.005853051089949274,-0.002325552054949652,-0.00017716690277777715,0.14572457463263727,hiphop
0.4262765645980835,0.426491916179657,0.4601189196109772,0.4284355342388153,0.3727472126483917,0.36050912737846375,0.3670720160007477,0.44283527135849,0.4974207580089569,0.4917900860309601,0.48385730385780334,0.42726078629493713,16.87341290087402,13.242514329203296,17.14837516179375,16.83821117046982,17.352906000845312,16.46824142061235,34.368616078229024,0.009412290119223433,-0.01139763615999335,-0.005738683998562091,-0.00419928521862953,0.007250291250319968,-0.008241228458211555,0.10013617495649652,hiphop
0.39441344141960144,0.3447648286819458,0.3700406849384308,0.42117443680763245,0.44165652990341187,0.5111086964607239,0.5308725833892822,0.5859917402267456,0.6578713655471802,0.6405653953552246,0.5343101620674133,0.450224906206131,26.50334251980851,16.333288766174647,20.82834285761043,19.3789949588463,19.363115300639514,18.597339296382152,42.37242160306628,-0.0426412840138403,-0.01918992986241918,-0.021417575922549267,0.1401825947442134,-0.0399542368646162,-0.016065315115200724,0.1080872667730085,hiphop
0.36045557260513306,0.3625335693359375,0.37593090534210205,0.43957391381263733,0.4244687855243683,0.49810048937797546,0.6433131694793701,0.5429437160491943,0.4752788245677948,0.3835044801235199,0.33012551069259644,0.3247212767601013,20.015698291290132,14.26666860057065,16.89893138314539,16.884005272795417,16.80739802230748,16.278620192678158,43.868797638699476,0.011863132199114975,-0.004594566418747001,0.03233707678480508,-0.04247399196259208,0.005214915286703373,0.016022757863682083,0.11971916086620263,hiphop
0.47455358505249023,0.47324031591415405,0.4057534635066986,0.33570539951324463,0.3734019100666046,0.48442542552948,0.41483527421951294,0.38240960240364075,0.4405440092086792,0.44274774193763733,0.5497996807098389,0.49693846702575684,20.423838572541605,14.797956173881651,18.05492577121915,16.797956314824546,16.910110515742236,16.257489291284976,40.95199337497541,-0.023904363103592816,0.024882078253820574,-0.07370262986664179,-0.04734541767054266,0.03238147124841534,0.0023042777450922192,0.07539659162316319,hiphop
0.3219894468784332,0.2765483856201172,0.38003966212272644,0.3329099416732788,0.34480494260787964,0.4864823818206787,0.4281753599643707,0.6186100244522095,0.42234256863594055,0.40512654185295105,0.2909891903400421,0.26455506682395935,22.10584353804104,14.29633549343848,17.358948226642603,18.382568867767546,17.203756979801316,16.671248594298554,42.45747764322907,0.035328899845271086,0.04974886142246057,-0.0023661937293791542,-0.004647036955302804,-0.005535732827041281,-0.013812925694661594,0.10665716538573086,hiphop
0.316243976354599,0.3377127945423126,0.389713853597641,0.39917799830436707,0.42049092054367065,0.5006445050239563,0.5498884320259094,0.5234138369560242,0.5170071125030518,0.4962525963783264,0.38923871517181396,0.33063605427742004,15.123649734814535,14.285161117970613,16.958359573450448,16.8882307480352,17.984636632863072,17.832893567420914,37.94072628200108,-0.0037374601282648204,-0.002644220389839686,-0.013004638522587103,-0.010898739698776277,-0.006066385002557661,0.0010090527900445483,0.13885955928557617,hiphop
0.38059791922569275,0.34507837891578674,0.3768441379070282,0.44895264506340027,0.5296095609664917,0.5727358460426331,0.580429196357727,0.6236076354980469,0.6710848808288574,0.6169397234916687,0.5043883323669434,0.43780580163002014,20.412905906171517,13.911130203638209,17.098279270214558,16.972031366393733,17.00423222989058,16.514368922580527,43.3439479150931,0.04168681183721914,0.02835282520766283,-0.056839720667278715,0.0792635392818285,0.0008048095529323169,-0.021840674865865543,0.10742489607501933,hiphop
0.49228039383888245,0.4527147710323334,0.4845970571041107,0.4813687801361084,0.4762555956840515,0.49783334136009216,0.48485562205314636,0.5161237120628357,0.47279250621795654,0.4285966455936432,0.4371519386768341,0.4827689528465271,18.76221055222654,16.277878112913736,17.521508187926763,16.24310843290549,17.720536377517558,17.371182041723394,18.502481814344325,0.006295040561551807,0.015516422549297084,0.003410850480676904,-0.008851690170859476,0.00207634174127473,-0.008682232032193926,0.17268506904625383,hiphop
0.5399264693260193,0.541446328163147,0.5649954676628113,0.40905654430389404,0.31403660774230957,0.29950276017189026,0.32181066274642944,0.32818853855133057,0.3323547840118408,0.4075637459754944,0.49293529987335205,0.5841904878616333,22.096943581546526,14.080127686995931,17.897377205260348,16.65048149867468,17.85510431212519,16.953705719165026,16.949941973009896,0.06349348662333329,-0.028069278452655888,0.09772196163327213,-0.025426303017855853,-0.022301755929879902,-0.029419645058272405,0.10254357665639445,hiphop
0.6322662234306335,0.3575137257575989,0.26376107335090637,0.23196233808994293,0.24062439799308777,0.24408848583698273,0.3122391998767853,0.42427775263786316,0.4248006343841553,0.41410499811172485,0.42565587162971497,0.523021936416626,18.518773472536964,18.148700175230722,18.797772627791193,17.601043808779792,17.61293777328842,18.317010320495363,16.658511495131215,0.022950558577610265,0.04768476269270438,-0.06496453815775845,0.0821688420284029,-0.0015943779126770363,0.039628452875659345,0.11452140129543696,hiphop
0.3631032109260559,0.3807480037212372,0.3600773513317108,0.451072096824646,0.5139423608779907,0.37649205327033997,0.3941788375377655,0.46384987235069275,0.581997275352478,0.5024580359458923,0.4579659700393677,0.427213191986084,20.567013035309387,15.689599515561163,17.200629986219685,16.417104135717583,15.992151124978871,16.188693577930984,17.538206817914556,-0.06851199101033667,-0.052792013280830725,-0.004510920983241629,0.146619436637262,-0.029139806300713587,-0.032865755163511944,0.11533292717889908,hiphop
0.6900166273117065,0.6027597784996033,0.49231281876564026,0.49258631467819214,0.49576935172080994,0.5284978747367859,0.537736177444458,0.5296404361724854,0.4737055003643036,0.49641329050064087,0.5522133111953735,0.5791454911231995,20.214625252790853,11.71361331577101,13.5991062079444,13.964998385056912,14.029905323860852,14.596195769484554,16.74283029506151,0.001026926464135894,0.008041736261851182,0.0012824672684126437,0.018105961120206807,-0.010954532459497813,0.01219822447718181,0.172685781008314,hiphop
0.43892425298690796,0.41009587049484253,0.4578365087509155,0.4018745422363281,0.4990418255329132,0.47774121165275574,0.3737168312072754,0.4664868712425232,0.5463935732841492,0.6818477511405945,0.5474817752838135,0.45670774579048157,20.03248044909142,15.195173395485707,18.107952219545606,16.81296297677279,16.796856808118743,17.739892574663333,16.012033787887724,0.00952010907993252,0.025437810907308196,-0.023944741995838126,-0.03556348054436257,-0.003465274419529585,0.008428519773340281,0.13644361938854488,hiphop
0.5252236723899841,0.5453065633773804,0.4868883788585663,0.4984973073005676,0.5087469220161438,0.4416782557964325,0.47426360845565796,0.4262896478176117,0.47757869958877563,0.4295812249183655,0.4141101539134979,0.4757993817329407,18.269666922376167,14.685196846052047,16.74912307320321,16.78563713247831,16.558084569126773,15.454104484957748,16.48177921134877,-0.0026628918818701057,-0.0014564732062464737,0.00021135698599596521,0.0007282695263736347,0.0012988010606479383,0.0009806997770833478,0.07872191436531008,hiphop
0.46897220611572266,0.502744197845459,0.5414110422134399,0.5864391326904297,0.5350968837738037,0.583652675151825,0.488680362701416,0.40471571683883667,0.44730332493782043,0.4440050423145294,0.5183685421943665,0.47520560026168823,19.34911744670787,14.731987898171445,17.14235626398199,16.342551008877372,17.67532328145455,17.64898983714345,18.06570306468572,-0.04716074835513512,-0.030999273657464518,0.08768717196984918,0.003463974464684293,0.007249550694666904,0.024375617471523597,0.15281550480769232,hiphop
0.448473185300827,0.4734051823616028,0.48249661922454834,0.5117855668067932,0.5015431046485901,0.4880901575088501,0.4570441246032715,0.43768399953842163,0.4602925777435303,0.43210896849632263,0.4995579719543457,0.46120694279670715,17.68201440238189,12.456773692659418,15.896677968631924,15.716836158259202,16.644494765475134,16.312256382565007,16.588336977397386,-0.03365216603828673,-0.02112111225483698,0.006629927523462186,-0.01067937663631428,0.00035128135589105144,0.01316206460333362,0.1693078753591954,hiphop
0.5865857601165771,0.48768919706344604,0.39753255248069763,0.3331417739391327,0.34343284368515015,0.3875950872898102,0.4824504852294922,0.5347705483436584,0.6560826897621155,0.7556761503219604,0.7174620628356934,0.6717326641082764,20.213382087271786,14.978717831444698,17.115372567920684,15.645485828388038,16.29844359229393,16.446777168846655,17.702591055307487,0.053218752475088386,-0.0007937837757544815,-0.07974040467020886,-0.003333401363129732,-0.0013405736710529318,0.03610336371051626,0.103432186901341,hiphop
0.4259452521800995,0.40836864709854126,0.5074017643928528,0.6048986315727234,0.45704349875450134,0.4322844445705414,0.445308119058609,0.5271313786506653,0.641148567199707,0.6606383919715881,0.6260074973106384,0.47689977288246155,22.54600856987968,13.460268479667876,18.183023393972647,16.66310517248445,17.23313024847167,17.941755008418692,17.20362332971525,-0.029450447699907505,-0.017712818417678522,-0.029435527875003867,0.0926999300125646,-0.029221652515834744,0.004136192675672879,0.12188535748106061,hiphop
0.40801554918289185,0.4338872730731964,0.4557250142097473,0.37138405442237854,0.37020641565322876,0.41116759181022644,0.3916017413139343,0.48260223865509033,0.4075559675693512,0.35202112793922424,0.4174790382385254,0.40831422805786133,17.8550577828078,15.719067264357188,19.059507110024587,17.95179689018937,18.31851163219211,17.64369199833231,16.01797018684546,-0.003273153259771954,0.004614120045333808,-0.014252984326925783,0.012509461022405384,0.005809542256081154,-0.0028990266084402876,0.21422600023674243,hiphop
0.2912124991416931,0.277915894985199,0.38519591093063354,0.30483368039131165,0.33007675409317017,0.43471264839172363,0.47384023666381836,0.48255863785743713,0.4344489276409149,0.5318369269371033,0.48052239418029785,0.3530634939670563,18.220142844749972,15.032834733803595,18.294901858827448,18.807268550920828,17.66626873409541,18.0175709684755,15.986181810350784,0.01323264504748041,0.08172663309512185,9.03785644996557e-05,-0.004441013603796447,-0.00922760858482426,-0.023977594057655406,0.09738436612215909,hiphop
0.44133031368255615,0.4062557816505432,0.41258180141448975,0.4118701219558716,0.3844173848628998,0.3753105103969574,0.3583429455757141,0.41108477115631104,0.340442031621933,0.3920076787471771,0.4095138907432556,0.37028801441192627,22.39907926089953,16.920225054397395,20.007257210051385,18.92827094129165,18.17081408373571,17.653057261456752,15.766530868900162,0.014693728396676549,0.047428911471332366,-0.03347052485597424,0.015809480750678995,0.014213128881537926,0.018251385784595092,0.11156375769412878,hiphop
0.2411532998085022,0.41018593311309814,0.3293274939060211,0.5230969786643982,0.32424840331077576,0.3356133699417114,0.4095722436904907,0.3029974400997162,0.2891145944595337,0.2695251405239105,0.35794854164123535,0.3564542531967163,25.006645949999868,16.00986641123356,22.360214737661046,20.531836478187962,20.339308665399397,20.156723425118653,16.518932916781875,-0.10639727594403461,-0.06844892934128133,0.03752386188698976,-0.038103386799974284,-0.01004815721313914,0.028039464238011555,0.10350008877840909,hiphop
0.4046139717102051,0.46746933460235596,0.42733076214790344,0.36230772733688354,0.40020105242729187,0.4046376943588257,0.4459453821182251,0.5230178236961365,0.537503719329834,0.44088494777679443,0.3377363979816437,0.3534875512123108,23.00943360320674,15.452535244356493,18.103227710732945,17.330293491175816,17.40756154080691,17.62718013406028,15.893043746080425,-0.0157305786812045,-0.04154425316309755,-0.008484384942461613,0.03483418463305985,0.0071588809593174495,-0.006143020029236189,0.11936627012310606,hiphop
0.4276829957962036,0.4963015913963318,0.6600814461708069,0.7613102197647095,0.5923467874526978,0.4507039487361908,0.36705437302589417,0.36974966526031494,0.3411484956741333,0.3039519786834717,0.28927668929100037,0.3333304524421692,25.12836157926762,15.166344204731825,19.536705249592345,18.52294379063383,18.08531248665687,18.999928479244623,17.371521907241238,0.15258137523679488,0.10907692976671814,0.04280721461823717,-0.16489061762536456,-0.06014052143307149,-0.041768315963087256,0.10171046401515152,hiphop
0.4206990599632263,0.4287186563014984,0.31774964928627014,0.40252482891082764,0.6397544741630554,0.3526686131954193,0.30887773633003235,0.4089588522911072,0.550957441329956,0.6613036394119263,0.45310163497924805,0.39057257771492004,21.5586330698276,15.874331717796844,19.978106657851683,18.10224176174083,18.54632415085155,18.318858074660355,15.92113766199451,0.09703502246446857,-0.03541995167816816,-0.11487577564195932,0.059585829836908806,0.02717567624412299,0.02003933611100146,0.061756110913825754,hiphop
0.30448707938194275,0.2798897624015808,0.35002630949020386,0.30710771679878235,0.3626699149608612,0.3300955891609192,0.43149247765541077,0.42306071519851685,0.3662426471710205,0.4224231541156769,0.3263106048107147,0.3485570251941681,19.48630588400262,17.17245839369872,20.425105853187485,19.903338238510514,20.293248228316248,22.133639119344192,16.247072761100707,0.1263675877664662,0.05543034731151775,0.009526507447078416,-0.055609972685025655,-0.01860051882114999,-0.007705014952454907,0.1407455906723485,hiphop
0.44133031368255615,0.4062557816505432,0.41258180141448975,0.4118701219558716,0.3844173848628998,0.3753105103969574,0.3583429455757141,0.41108477115631104,0.340442031621933,0.3920076787471771,0.4095138907432556,0.37028801441192627,22.39907926089953,16.920225054397395,20.007257210051385,18.92827094129165,18.17081408373571,17.653057261456752,15.766530868900162,0.014693728396676549,0.047428911471332366,-0.03347052485597424,0.015809480750678995,0.014213128881537926,0.018251385784595092,0.11156375769412878,hiphop
0.5370967984199524,0.5019103288650513,0.48237910866737366,0.5026732087135315,0.5398428440093994,0.5188389420509338,0.42625683546066284,0.40777015686035156,0.45032617449760437,0.517344057559967,0.5299191474914551,0.4943608343601227,24.00863479440327,14.506456193290083,17.141447774726263,16.449056678502405,17.35876836720225,16.101732326350785,15.997657280798114,0.016685503571935382,0.000588388283739608,-0.02159287487657303,0.008982728849822623,-0.008714567410309767,-0.009827227763506034,0.09147097653228925,hiphop
0.37857750058174133,0.3703491985797882,0.38840851187705994,0.41027405858039856,0.48054060339927673,0.5237538814544678,0.5401577353477478,0.5696452856063843,0.5307611227035522,0.44362446665763855,0.3776441216468811,0.37925851345062256,27.019687323458243,15.586779146146496,19.24237321935242,16.10976610331151,15.719252111939058,15.596851177250985,14.370596546053564,0.01503573272358829,0.016952673803285374,0.01091481823321444,-0.004718166208421119,0.016047107162617612,-0.0007591393386565471,0.10929758495262955,hiphop
0.321636438369751,0.2857178747653961,0.279777467250824,0.362200528383255,0.534328818321228,0.49267134070396423,0.4529375433921814,0.46118173003196716,0.46705955266952515,0.5874798893928528,0.44270652532577515,0.3107352554798126,24.11794738740349,15.528924355804142,15.223394266944263,14.545235745544977,15.374339894943857,15.621908172239815,16.444745242551523,0.041608734861743296,0.026979005351501096,-0.035741923804044146,0.042204402250288826,-0.0011118953793207089,0.018778275576155787,0.07751058886794276,hiphop
0.5012044906616211,0.5056044459342957,0.4841471314430237,0.44031956791877747,0.40564602613449097,0.39782124757766724,0.3821738362312317,0.418353796005249,0.5200251936912537,0.6289024949073792,0.5779030919075012,0.5464317202568054,28.741663931225556,15.363709916919442,17.89180317990299,17.286875560272566,17.142922010060513,15.727591994980404,15.344844263324637,0.055009278878349194,-0.022515516374968486,-0.07571666707030494,0.06113602579711755,0.030271319062651972,0.0021331494685611608,0.10873717553654293,hiphop
0.4206627905368805,0.4090426564216614,0.3904658555984497,0.4745948016643524,0.4581601917743683,0.46071380376815796,0.431028813123703,0.41009923815727234,0.3883095383644104,0.39163652062416077,0.45600923895835876,0.43292349576950073,26.92411379495327,16.421987329836394,18.73953628031999,17.25009357295458,16.941991234206377,17.138312336339393,15.485459780378362,-0.028902396135404487,-0.013272529822852779,-0.008642033954732505,-0.044294278024301886,0.017182519920391156,-0.013961865712707735,0.04243024337780356,hiphop
0.3992195725440979,0.37695714831352234,0.4193708598613739,0.4738783836364746,0.4660300314426422,0.33061784505844116,0.2883433699607849,0.31881454586982727,0.32025495171546936,0.4583672881126404,0.4464024007320404,0.4236719310283661,26.18580373087663,15.487675050039359,18.129129185197677,17.91917062238827,17.828185665738257,16.893265172582193,17.356392594971425,0.04467396218608816,-0.017480807621409855,0.0011285140156765776,0.03640735328733357,0.011433086455127577,0.023777620818996082,0.09950325973994587,hiphop
0.5279812812805176,0.42498764395713806,0.44299694895744324,0.4383113384246826,0.35608193278312683,0.3783971667289734,0.3659473955631256,0.3746406137943268,0.4206174910068512,0.5098491311073303,0.6314613223075867,0.6635509729385376,27.778002816729337,14.423259644987079,16.66205536927034,16.825516012145094,16.727658324332413,16.177229816008992,15.394564446107813,0.004499875837650533,0.0404475435105559,0.010491398862531741,-0.007737477153701226,0.005108018462993171,-0.005634282369163683,0.08233033642691415,hiphop
0.5519639253616333,0.4730015993118286,0.44837686419487,0.47044453024864197,0.4452729821205139,0.46058428287506104,0.4014486074447632,0.500209629535675,0.607269287109375,0.5619406700134277,0.5944076776504517,0.566032886505127,26.815890529855118,12.967005260742768,17.399134741201635,17.978001994279065,17.482836995313136,16.538716840065803,15.08742009103189,-0.0007980791613537297,-0.003354710664107529,-0.004652733537848043,-0.014401740478805759,-0.011560891980876429,0.011760651486171652,0.10707709481341841,hiphop
0.5653088092803955,0.5088068842887878,0.4180116057395935,0.3700939118862152,0.3665114939212799,0.37630948424339294,0.41410917043685913,0.441189169883728,0.44219905138015747,0.4431668221950531,0.49063509702682495,0.5285938382148743,27.586793410725484,15.116047468731738,17.26534888445588,16.26517457476567,16.299898439475335,15.38491080850102,14.536268991285096,0.026206688654109182,0.01390602879651242,-0.008670381760860407,0.012231996337676077,0.005863843290183082,-0.006946739687368966,0.1262363749516628,hiphop
0.2788323760032654,0.37647804617881775,0.4515286386013031,0.585602879524231,0.5627367496490479,0.44938865303993225,0.4093746542930603,0.3308936357498169,0.27969327569007874,0.2813143730163574,0.36217179894447327,0.31865790486335754,23.94410088063921,17.948644529903405,19.67784949398002,20.677853049440955,20.022270717980337,19.54292097616704,17.049051531139487,-0.0993488432237972,-0.018565817463790282,0.048801139603554,-0.03671495558237354,0.021133249754039653,0.03888956183453839,0.0724604843387471,hiphop
0.47873654961586,0.3931666314601898,0.36263367533683777,0.4076159596443176,0.49291613698005676,0.571563184261322,0.551952600479126,0.5220282077789307,0.492949515581131,0.5210753083229065,0.546462893486023,0.5581839084625244,26.830096803623103,14.841362878432694,16.16450663765262,17.052317913390134,16.26958282790132,16.501613697472663,17.99434151929883,0.01154653767349532,-0.003795389416855665,-0.040442785760279855,-0.0179642467815015,-0.00035670201762653156,-0.015527012891388926,0.07014558560518175,hiphop
0.2011692076921463,0.2090301662683487,0.29326003789901733,0.3937899172306061,0.4180259704589844,0.35124319791793823,0.44648638367652893,0.6300105452537537,0.65789794921875,0.6026107668876648,0.36766597628593445,0.2369164526462555,26.44793887391491,14.311196209909308,15.44692031782989,16.35663125592891,16.505477811854096,17.006848247948476,15.661687480159033,0.01924597597137459,0.019584291349351073,0.041770316038081796,0.06191160819260574,0.016227017677448035,-0.0025249655871332063,0.051442110160479504,hiphop
0.5053122043609619,0.5012203454971313,0.4764099717140198,0.44611719250679016,0.47723978757858276,0.43460604548454285,0.4494190812110901,0.5069233775138855,0.5428014397621155,0.6286969780921936,0.5826739072799683,0.5230273604393005,23.224833796072048,13.577649611715175,15.250514405776972,16.05587201774982,15.74387913787335,16.27964111044811,17.029239017195287,0.002161408357659143,0.003575870974288463,-0.005098508479332013,0.030177166665294016,0.0059351231423378685,0.005457068874147046,0.13613681542440062,hiphop
0.5267751812934875,0.45202839374542236,0.4463719129562378,0.4730874001979828,0.5490087270736694,0.6857737302780151,0.5459889769554138,0.4488328993320465,0.45336809754371643,0.5034811496734619,0.45533058047294617,0.4564897119998932,25.289833501521034,14.503433096354211,15.942246146413122,16.51103176617346,16.48721659758942,18.116291066126866,16.035604432398287,0.031565963802911975,-0.023886408237636485,-0.02442635966310752,0.034688507528703255,-0.0032099651025708728,-0.0025969974801797,0.06298488254060325,hiphop
0.4686901867389679,0.4220055341720581,0.4369005858898163,0.4000503718852997,0.3092530071735382,0.27299484610557556,0.3259517252445221,0.42995256185531616,0.5778403878211975,0.5836494565010071,0.5225820541381836,0.5254212021827698,26.819293313423284,14.281909551787743,15.56624896119864,16.583668915981384,17.11139887457434,19.064229225115323,17.118427891545434,-0.08311245155761042,-0.09849822530071471,-0.029971336997751775,0.060415282105048825,-0.0025161927546345025,-0.027796688441717274,0.053872942647911835,hiphop
0.5904846787452698,0.48197248578071594,0.4028052091598511,0.3606411814689636,0.4592398405075073,0.5011083483695984,0.4807765781879425,0.4839943051338196,0.4585988521575928,0.44529739022254944,0.5017275214195251,0.5159807801246643,25.62483510223728,15.52774598889439,18.604516803240642,18.917952538247615,18.75838773204741,18.375011517555606,17.268487134591265,0.031027793199310504,-0.024735416861553845,-0.010638618847529988,0.009370740949646206,0.0023890517822280255,0.006968269507456166,0.0673042645494973,hiphop
0.44464126229286194,0.40865519642829895,0.4487549066543579,0.48274266719818115,0.5504996180534363,0.4928252398967743,0.5064525604248047,0.48137933015823364,0.4706251323223114,0.45350608229637146,0.4535912871360779,0.46870747208595276,24.490328735910925,15.404536348498658,18.3403690819497,17.29095363290346,17.729717891075687,16.97610474066694,15.506174247763132,0.01484929551360193,-0.021153128963153373,-0.02328592776958334,0.013037871561471785,-0.0039938745591489196,0.015107015598160542,0.1095162352571539,hiphop
0.4063092768192291,0.4039359986782074,0.3544872999191284,0.39241787791252136,0.38468822836875916,0.42483991384506226,0.5347683429718018,0.44558024406433105,0.44590941071510315,0.4920929968357086,0.582088053226471,0.48016318678855896,24.74726029506992,16.474265829000064,19.216330265312926,16.53994037459564,17.420220028146424,17.495440414539623,16.077351084127187,-0.019951691494787427,-0.0009639887136333107,-0.021129282581787874,-0.01561032807669121,-0.005798329516150834,-0.00659478435470026,0.1221979529195669,hiphop
0.35337623953819275,0.3475711941719055,0.3345222771167755,0.36427921056747437,0.3753524124622345,0.3900070786476135,0.3744746446609497,0.400528222322464,0.5558928847312927,0.554044783115387,0.4606216549873352,0.3878878951072693,26.516488505319487,17.29130172349107,19.878473686405254,16.969310510030187,15.849643679328048,15.94911505685323,16.355753114896533,-0.013714066919346016,0.0037732603100917423,0.012077381371967231,0.04013768286348435,0.0037412392552482123,0.004722711211682674,0.07979187814191802,hiphop
0.44593697786331177,0.4837823510169983,0.5236552953720093,0.5316554307937622,0.5000842213630676,0.4418832063674927,0.39823928475379944,0.3184719979763031,0.28582763671875,0.3168928921222687,0.3620953857898712,0.402528315782547,24.45590447838938,16.871167768224595,18.29532020616552,16.092648825987144,16.05297651562896,15.559001617897593,15.489180919137697,0.02702288298521645,0.0022334258989742143,-0.018492472338240633,-0.019054320283963245,-0.009704438340509812,-0.0019368663426972549,0.0885514851604795,hiphop
0.621803343296051,0.539045512676239,0.3485303819179535,0.28169742226600647,0.24986015260219574,0.21835097670555115,0.3740118145942688,0.32209569215774536,0.378170371055603,0.4335559010505676,0.4953078031539917,0.6552940011024475,25.168337960857357,13.947430121861322,18.78207101415107,18.697260734271257,16.25898437973549,16.410929114270818,16.62726727916672,0.015431512857288556,-0.043933638508201284,0.019001569590269753,-0.013952800241995737,-0.0058495149311363955,-0.005082605017870604,0.07937459215487239,hiphop
0.552840530872345,0.48355913162231445,0.502922773361206,0.44177478551864624,0.404899537563324,0.4289278984069824,0.4577706456184387,0.5269854068756104,0.5469915270805359,0.5432608723640442,0.5380533933639526,0.5520517826080322,24.485588306833712,14.939246826771496,18.277416911318337,16.98631233036826,16.610971510507085,16.082243184099305,14.651713744431637,0.004895867591700832,0.02155715545112109,0.025916003075421645,-0.028553719342054744,0.014492319795908632,0.00040429043860889694,0.12687080070572312,hiphop
0.33387085795402527,0.3323521316051483,0.34667161107063293,0.40497836470603943,0.475756973028183,0.45104357600212097,0.4438665509223938,0.44614654779434204,0.4726223051548004,0.580490231513977,0.45054712891578674,0.3269194960594177,24.117481144142065,15.114172412038627,16.16277292440558,15.25908089448855,16.135654469923292,15.679184422532746,16.325237381859388,0.027173560181622192,0.01987294347200845,-0.026401897290201624,0.010428657655136423,-0.00018970380536990225,0.019391817921104185,0.0956740471529389,hiphop
0.4270184338092804,0.4106213450431824,0.42449289560317993,0.41980668902397156,0.41566240787506104,0.43120867013931274,0.45428282022476196,0.5110462307929993,0.6025877594947815,0.6810541152954102,0.5901115536689758,0.5061599612236023,28.35352098583737,15.614374191341717,18.706576729110214,16.485162085648835,16.881071922955993,15.808632916448099,15.366631831133187,0.025406783257306494,-0.010999738571190945,-0.04308284756893909,0.039274386406860935,0.023719178688716234,0.005102002749951362,0.12088227474864656,hiphop
0.3391306698322296,0.294564425945282,0.3190646171569824,0.33408331871032715,0.42030975222587585,0.559354305267334,0.5391252040863037,0.5136610269546509,0.4810907244682312,0.45283544063568115,0.4968762695789337,0.420930951833725,28.38802413829191,15.905723968977371,18.294600721220203,16.02992850526563,16.137288263391653,16.484398873023157,15.290985308758525,-0.010906708123107022,0.036019009455053694,-0.04681152325665206,-0.047652158345984026,0.017777293289781816,-0.023589324829336428,0.06922378008990719,hiphop
0.4830397665500641,0.5362859964370728,0.5636816620826721,0.4996081590652466,0.3823140859603882,0.3496888279914856,0.35134202241897583,0.3862106204032898,0.3462526202201843,0.3288528323173523,0.3011161983013153,0.3167005479335785,29.813966240310787,15.99953476415051,18.107608570136616,15.57467468734472,16.541209661053827,18.038894181383306,16.529302901189368,0.0009152967266399375,0.025226960927167252,-0.061444048740960946,0.006255617079289496,-0.016094635122994368,0.020010602487429793,0.1075113743474478,hiphop
0.42918580770492554,0.3895597755908966,0.38120412826538086,0.51173996925354,0.5009119510650635,0.4799017906188965,0.46938127279281616,0.4510948359966278,0.4137360453605652,0.3737030029296875,0.4366633892059326,0.4189019203186035,26.509160361866034,15.761768992080981,18.172368324622088,16.844390910756523,18.274868840499405,16.707285060939135,15.085717416798968,-0.028000058322437783,-0.005433695917479659,-0.00773877372327067,-0.03517558946499678,0.01813313694090065,-0.009092559492718257,0.051527455529775716,hiphop
0.3359549045562744,0.3069896399974823,0.4031052589416504,0.4597988426685333,0.5423230528831482,0.4772517681121826,0.524778425693512,0.5161811709403992,0.3703839182853699,0.3128184974193573,0.379644513130188,0.44112443923950195,25.82998872430487,15.224688496960932,18.424914386845312,16.742973589151035,16.234773392661214,15.275143831758475,14.51957185822777,-0.02179472614548232,-0.057407051971790246,0.08471287582833129,-0.014941890354499554,0.017293517919495058,0.02283667849682197,0.08562104239172467,hiphop
0.3751370906829834,0.42144644260406494,0.5087844133377075,0.5483673214912415,0.5274146199226379,0.5137695670127869,0.4449717700481415,0.4647563695907593,0.497396320104599,0.5545445680618286,0.43965741991996765,0.39075541496276855,26.916709471058436,14.79741340757678,16.605702527831316,15.666676838657585,15.737425900456955,15.045855278716262,18.13593732275158,0.08148872547489126,0.04762707320843238,0.039149876693313976,-0.06294556290965767,0.00199468263154769,-0.022490293702127923,0.11074241408062645,hiphop
0.44031402468681335,0.3819408714771271,0.4022688865661621,0.3886045515537262,0.37331539392471313,0.4056684076786041,0.4527534544467926,0.532965362071991,0.5381712913513184,0.5294469594955444,0.4925311803817749,0.47554510831832886,24.7454903046016,16.770524104529784,18.365355513862795,16.817747556057157,17.004384159629005,16.339292039513257,15.484705481536876,0.014564540853640798,0.013167001312520151,0.01424647484202277,0.04937156543426627,-0.006638569812339723,-0.006187028593361379,0.14681442744586234,hiphop
0.5563219785690308,0.5460546612739563,0.49240627884864807,0.359115868806839,0.400107204914093,0.3836668133735657,0.42714178562164307,0.3393475413322449,0.31991878151893616,0.36454248428344727,0.3979930579662323,0.5122031569480896,19.76464906615081,15.928659340690482,18.68960880055477,17.44639153455159,17.799080026465635,18.41795023053153,14.817258535641486,0.04851919363366413,-0.05195048415378104,0.05800295689151158,0.015294603624561757,-0.006674424241779032,-0.018649648805851172,0.09665249782482599,hiphop
0.5263528227806091,0.44880855083465576,0.43549519777297974,0.5317105054855347,0.41276273131370544,0.3369612991809845,0.3856360614299774,0.5020663738250732,0.46899479627609253,0.44293275475502014,0.5102315545082092,0.5314951539039612,23.02619694198486,13.884741262341867,16.70513146303535,16.772785679569363,16.633483999457304,17.200281822272586,15.434819741547942,-0.008332080422073177,0.046064102486012705,0.022113252222272797,0.061329893768553856,0.006379624190320151,0.021349454200297192,0.1376235619682908,hiphop
0.5563219785690308,0.5460546612739563,0.49240627884864807,0.359115868806839,0.400107204914093,0.3836668133735657,0.42714178562164307,0.3393475413322449,0.31991878151893616,0.36454248428344727,0.3979930579662323,0.5122031569480896,19.76464906615081,15.928659340690482,18.68960880055477,17.44639153455159,17.799080026465635,18.41795023053153,14.817258535641486,0.04851919363366413,-0.05195048415378104,0.05800295689151158,0.015294603624561757,-0.006674424241779032,-0.018649648805851172,0.09665249782482599,hiphop
0.4395346939563751,0.4940233826637268,0.4557049870491028,0.43344053626060486,0.38190293312072754,0.3654429316520691,0.3571457862854004,0.3722802996635437,0.3870587646961212,0.44847896695137024,0.5280019640922546,0.46588143706321716,18.303562411326247,15.566549483786059,18.07843618580664,16.454641949159402,17.195112197933092,20.002287707946955,15.453865222686881,-0.010007305448747918,0.0013232461647006268,-0.0020585566606414283,-0.029863267251033384,0.004537293379041746,0.005522313685144183,0.17229266362142304,hiphop
0.3759765625,0.33858948945999146,0.32648220658302307,0.3433697819709778,0.33520492911338806,0.33211463689804077,0.33600571751594543,0.4022410213947296,0.5467947721481323,0.5716484189033508,0.5040326118469238,0.4322599470615387,21.044032209942248,14.79504914045604,18.099135897132914,17.01126742524906,17.02745047859273,17.03373529430381,14.75145963571336,-0.021134976271945043,-0.008073074450409468,-0.019158611143237095,0.011553215514075788,0.0023547488592806213,-0.007077482805572203,0.15493130075406034,hiphop
0.7078931331634521,0.7793775200843811,0.6688941121101379,0.4768216013908386,0.44019871950149536,0.38350436091423035,0.3676052987575531,0.395216166973114,0.549360990524292,0.4991167485713959,0.45673495531082153,0.5238271951675415,18.172519073342286,15.020374823185803,16.84510314508439,16.098005076993335,16.430071415979473,16.68976084656668,36.957862073205554,-0.01722686081625023,0.0277390254997666,-0.06111510771010523,0.03945261908425711,0.02348106578813838,0.011680284681768155,0.05182163270978345,hiphop
0.4633605480194092,0.47177910804748535,0.46444910764694214,0.4379025101661682,0.47133350372314453,0.4650753438472748,0.4836552143096924,0.5855646729469299,0.5296620726585388,0.545051097869873,0.6278977990150452,0.4978412091732025,17.72135642582059,13.35797094059352,16.955838389300336,16.932999621954337,15.929894050381261,16.27516004863583,39.88091214687282,0.015294121017694265,-0.027057436831945808,0.021865168316988207,-0.06307579310033233,0.011423041408081112,0.015533188356148564,0.11330995021268368,hiphop
0.4369335472583771,0.4966987073421478,0.5070078372955322,0.46149128675460815,0.42132699489593506,0.4467952847480774,0.42561641335487366,0.4249110519886017,0.4518827795982361,0.43099164962768555,0.43392738699913025,0.436532586812973,19.243384166818398,14.611848173441194,17.57084648514825,17.29298340836262,17.70055167213805,17.2188303334139,41.22982671179661,-0.03913215936040136,0.018898099783549574,-0.052603245919537425,0.041061364968537066,-0.03304634592220991,-0.022724484361791718,0.11083682267498067,hiphop
0.4395270049571991,0.4653664827346802,0.4659576416015625,0.5167587995529175,0.5875988602638245,0.6244092583656311,0.5700247883796692,0.5630847215652466,0.5142496824264526,0.46777674555778503,0.4808513820171356,0.46380913257598877,20.95681590634157,13.437082372288083,15.957194952462748,14.315914910023208,15.973271100271827,17.469343383847647,36.2152325112804,-0.006841125512436311,0.004406929432886318,-0.017659032131759404,0.008997895153439146,0.00162977014056759,-0.002188585607669175,0.10510961970707657,hiphop
0.4279811978340149,0.47589111328125,0.45270711183547974,0.4666558802127838,0.47338801622390747,0.4530302584171295,0.4357497990131378,0.47887471318244934,0.49358347058296204,0.5155717134475708,0.5554010272026062,0.4903760850429535,21.278978269436074,12.49234686318828,17.334545635655047,16.717558293085506,17.061039019096757,16.31918080467136,42.472151558504386,-0.05443799622577507,-0.018795130309416354,0.009923477752936088,0.06556257432685368,-0.022274742187480722,-0.01956176770309365,0.12721671379543698,hiphop
0.44896790385246277,0.43470466136932373,0.42449668049812317,0.40114012360572815,0.35432592034339905,0.37074464559555054,0.4756324887275696,0.5684648156166077,0.6628750562667847,0.7085930109024048,0.5001364946365356,0.406869500875473,22.39871863096665,12.103654291616113,15.862392539720313,18.55970806535323,17.905482399666724,16.278772684227096,37.77613298883394,-0.041471315620527076,-0.008924580342240501,-0.002854756342517262,0.06498071717275539,-0.02804795766940836,-0.02394383671287986,0.07984399168600155,hiphop
0.5286173820495605,0.4939245283603668,0.5459312796592712,0.5657163262367249,0.5694297552108765,0.5820759534835815,0.6061686277389526,0.6738747954368591,0.6515962481498718,0.6398942470550537,0.6036739945411682,0.5447714924812317,21.95990198931134,12.596802403612017,14.118230224732498,14.710395710546948,15.900117379493727,15.059771734181933,39.861425288825366,-0.011137112871431928,-0.006553291806532552,-0.06160888452535216,0.06376466529309881,-0.027391280616268884,-0.0010860730542413075,0.08777506888051044,hiphop
0.4652504622936249,0.4729148745536804,0.4887154698371887,0.4079044759273529,0.46033740043640137,0.4632013738155365,0.38478341698646545,0.4120537340641022,0.42830196022987366,0.519309937953949,0.5223941206932068,0.4975210130214691,21.330590479944068,12.781543582459255,16.802226587750038,17.001912465292712,17.836626173760013,16.05336155811573,43.04007316201357,0.015844634828557372,-0.007332755793287165,-0.06867321887379842,0.0018481959575134949,0.003953646279152638,-0.004053496993622216,0.14988572783739365,hiphop
0.4926963150501251,0.6314161419868469,0.5254025459289551,0.47325173020362854,0.5105658173561096,0.547360360622406,0.47860053181648254,0.4680430591106415,0.5431032776832581,0.4614785611629486,0.41937872767448425,0.4296434223651886,21.59047007208442,12.921618409922912,17.65064942429837,16.98909921415213,17.48400276988743,16.44661730881645,42.30205070416771,0.02732706371966475,0.005472169678953213,-0.07148082253407213,0.07419109875905304,0.012154534754443705,-0.027165104907325825,0.11757230943058777,hiphop
0.5087374448776245,0.4365958571434021,0.4233529567718506,0.47495216131210327,0.5690584182739258,0.5227773189544678,0.458798348903656,0.4565942883491516,0.46742987632751465,0.49271079897880554,0.4983784854412079,0.48145604133605957,21.584326718765134,12.528733296237206,16.406626807052852,16.39739331731131,17.45581341339138,16.484210714410526,40.91028924935296,0.020495977132959302,0.01327194430398585,-0.03685210618116289,0.06046768509669756,0.003759146301876202,-0.021306703407000475,0.10443931868716164,hiphop
0.48932012915611267,0.5058684349060059,0.501239538192749,0.5254785418510437,0.6083459258079529,0.6296430230140686,0.548470675945282,0.5045023560523987,0.5135505795478821,0.5378414988517761,0.5617220997810364,0.477216511964798,20.521406335126073,12.273125528991626,15.694486591396991,15.666700068924454,16.786333122507376,16.68719788819142,42.23158321984126,-0.010455638594104729,-0.012793613601380902,-0.03887040373759052,-0.03267878730913208,0.0020197317261001473,0.009232781078718322,0.1385510319992266,hiphop
0.42490264773368835,0.4024057686328888,0.3874950110912323,0.43807825446128845,0.4810521900653839,0.41471830010414124,0.3975362181663513,0.4628082513809204,0.5683732628822327,0.6986687183380127,0.586656391620636,0.47217443585395813,22.33679934720201,13.849732462272502,17.763427355937633,17.49483550831909,17.391828290692157,15.529662298178065,41.81887338470033,0.019624147651081822,-0.025640935607767378,-0.02474530116703211,0.06530866704085993,-0.006558098990527083,0.00914250916678227,0.07259227873646558,hiphop
0.44674330949783325,0.42721641063690186,0.4261150658130646,0.4678289592266083,0.5652682781219482,0.6248209476470947,0.49746158719062805,0.46960821747779846,0.46203550696372986,0.4472389221191406,0.4427122473716736,0.442666232585907,21.827381476743998,15.474788458513915,18.575678154289015,17.26948463903462,17.355057580245475,16.04379938636767,41.23376445101377,0.010768062944072235,-0.029997909767209542,-0.002103371542791988,0.06566492843672869,-0.01384272447573603,0.0009303467156623462,0.15213151947989173,hiphop
0.5308021903038025,0.4307985007762909,0.3529156744480133,0.34290841221809387,0.3517133295536041,0.3407694399356842,0.3639867901802063,0.43125930428504944,0.5367168188095093,0.6152623295783997,0.6039166450500488,0.6072781085968018,22.00996571231931,15.790895753767696,18.85571748695515,16.913272486679983,17.542582169506247,16.859609345576192,39.02665238234283,-0.01554302780608967,-0.025329005027266836,-0.012616201755515569,0.03554296718257752,-0.011218544362039964,0.011615107462605322,0.05418184756863882,hiphop
0.5781049132347107,0.5126544237136841,0.5177216529846191,0.5243708491325378,0.5508190989494324,0.5558744072914124,0.5714833736419678,0.6086314916610718,0.6384503841400146,0.6062151789665222,0.5337896347045898,0.5519770383834839,18.530652425680028,13.421352204216452,15.209878475956865,15.029933557921746,15.226034969441375,15.744278237988743,42.760698050977794,0.009464265081073217,0.0010937888794531683,0.011607686998372592,-0.017339972423336465,-0.0013400756544310621,0.0013261141975058261,0.1575562373114849,hiphop
0.3771168887615204,0.375358909368515,0.4157322645187378,0.4897008240222931,0.5749293565750122,0.503243625164032,0.3674483895301819,0.34521543979644775,0.4067554771900177,0.42061927914619446,0.4059349000453949,0.41683414578437805,19.897765459977037,12.940682772877734,17.46215997418554,17.08948531242898,16.030044771891085,17.026979795381592,37.345760885740596,0.03238032063790248,-0.02429256500205699,0.0290685514188374,0.02483728280246291,0.015564288578714286,-0.00017167489805697942,0.08311732646945089,hiphop
0.4764258563518524,0.4857245683670044,0.4933779835700989,0.5828277468681335,0.5244668126106262,0.4322293996810913,0.4098258316516876,0.40699437260627747,0.4403935670852661,0.4444749653339386,0.49677127599716187,0.4946688413619995,21.557804425026795,13.83313498884586,17.211393266812802,17.18863399759209,17.274926080608225,16.29271953248193,43.21711452453953,-0.010035805399948895,0.029269330166577873,0.08661902722256501,0.03899351538397361,0.019969440698376084,-0.005115787751111198,0.11600512676430781,hiphop
0.5031435489654541,0.5880208015441895,0.625082790851593,0.5387556552886963,0.49204739928245544,0.45897555351257324,0.44019660353660583,0.4672880470752716,0.5834227204322815,0.6086923480033875,0.5563181638717651,0.5399428009986877,22.403371313647444,13.204760985774636,16.57389887966531,16.30841395037964,16.78971576557791,15.627588858460228,41.77221063161319,-0.016214865404294676,-0.021878766713325573,-0.00962003972741557,0.09165738146876003,-0.03980333546944501,-0.016202803817487628,0.10070602523201856,hiphop
0.37658679485321045,0.4517824649810791,0.5966115593910217,0.4718449115753174,0.4083174169063568,0.3761030435562134,0.4197227656841278,0.41676580905914307,0.4459605813026428,0.4808567762374878,0.37326765060424805,0.3529072701931,17.732295003507957,15.102082412020767,19.008898828950215,17.65022320103544,18.01902213643465,18.171153393385687,38.91856175286948,0.037658735172545234,0.018461407029055948,0.003774835969402226,0.02871536696365715,-0.0017692860861108866,0.005587712347857556,0.10151491806844548,hiphop
0.4413900077342987,0.30552753806114197,0.3252968192100525,0.4006551206111908,0.45663973689079285,0.3331819772720337,0.2184394896030426,0.36186185479164124,0.3874543011188507,0.32182177901268005,0.28425249457359314,0.2969726622104645,16.222563052428377,14.519385535862817,18.801328407820613,19.429776597231566,20.54210996596902,19.638107302354403,16.406910210273242,0.005993278572578258,0.07806595272704432,-0.0241243292837589,0.12227553341462792,0.01687067206460062,0.004734564137343294,0.07841653373936582,jazz
0.3541680872440338,0.3234439492225647,0.32724615931510925,0.2978771924972534,0.3657117187976837,0.5555827021598816,0.3733806610107422,0.27714481949806213,0.23290304839611053,0.2572087049484253,0.23892244696617126,0.33280789852142334,17.98969557046386,15.143227516680163,19.426763757135504,20.34233538145703,20.897631907531515,19.724847977400945,17.3531889318696,0.004478387237917253,0.044544290434122114,-0.041145636427107495,-0.032884887738725346,-0.02270689428148492,0.023564740020366876,0.059293884135730855,jazz
0.39909401535987854,0.32700225710868835,0.22919043898582458,0.18744587898254395,0.1293044239282608,0.23989689350128174,0.20703116059303284,0.18869376182556152,0.24313661456108093,0.3116547167301178,0.4420940577983856,0.308474600315094,25.152518678787132,21.42123733938681,25.778455541079293,26.039346208353827,28.462142130854755,26.1556423293499,28.369682006325025,-0.14648361816113473,0.05439949889061111,-0.02008423452176983,-0.10613013480877122,-0.013637774347826329,-0.015585944066054567,0.05785736296403712,jazz
0.22569438815116882,0.32342392206192017,0.49257567524909973,0.2390339970588684,0.27265262603759766,0.3529275357723236,0.4411640465259552,0.2144046127796173,0.283093124628067,0.22319574654102325,0.3697766065597534,0.3945491313934326,23.201223512215993,16.964939908332447,21.75813158429985,23.014529425287364,24.771803861589863,18.67736860220518,26.770161027345424,0.08048903247252069,-0.14832930885182968,0.05834943950262656,-0.00547232845623829,-0.009398026213030647,-0.0696119878648896,0.044649978248259864,jazz
0.08935628086328506,0.07805213332176208,0.18301773071289062,0.2726137340068817,0.1327226161956787,0.10078931599855423,0.29440417885780334,0.1962002068758011,0.13535581529140472,0.21231631934642792,0.1557607203722,0.21216894686222076,24.129319395794212,23.5244710212457,29.29807748734457,26.867258380524355,23.912344403304274,22.18549382795789,32.777544454676026,0.1661026613768609,-0.13377334754904643,0.1424983216518764,-0.016257997573773417,-0.005604062510992188,0.028791033250495073,0.04775035648685228,jazz
0.30302777886390686,0.16451625525951385,0.166317418217659,0.2575233578681946,0.18290364742279053,0.22493046522140503,0.17249369621276855,0.22814904153347015,0.40398523211479187,0.2850591540336609,0.29330500960350037,0.29645249247550964,22.41095510652464,16.043875732801997,25.349844308253914,26.135800160698622,24.81117371989802,21.775820936051645,34.09848953103959,-0.04842091428980592,0.01810536180744821,-0.0073720032146833685,-0.04011084238169563,-0.012383875468782373,0.00294546159180586,0.057875111779775716,jazz
0.2225925177335739,0.19598765671253204,0.29486653208732605,0.34999147057533264,0.24935728311538696,0.3461802005767822,0.3717776834964752,0.20975911617279053,0.20922891795635223,0.21515235304832458,0.31059855222702026,0.3222084045410156,23.25451495556618,20.851288163160433,22.648398825487778,23.81823155134892,23.088502965973298,21.879920900641572,33.685396414503614,-0.02779068147051153,-0.03854579925730428,0.03295296075417489,-0.11333252149738511,-0.014173381554058987,0.010636792542327887,0.048039624419953596,jazz
0.24007023870944977,0.25835880637168884,0.16547204554080963,0.2599981129169464,0.17288486659526825,0.279474675655365,0.10990047454833984,0.11421239376068115,0.11190100759267807,0.15232154726982117,0.3351699411869049,0.16640296578407288,21.892702747504323,18.381853102838388,29.743913303596543,30.059846878737115,25.904117062433265,21.728541945017895,31.8981957996407,-0.2051180676307764,0.07037977926582341,-0.003595500078473052,-0.08357611053899854,0.035009738288082785,0.009147037065320386,0.06482660539926527,jazz
0.3864316940307617,0.36357101798057556,0.3536471128463745,0.3693615198135376,0.30178287625312805,0.35073792934417725,0.3384843170642853,0.37530916929244995,0.30225589871406555,0.3186504542827606,0.4598292410373688,0.3677482306957245,25.434534245762716,18.89066652437725,19.529411037965318,20.780835102541953,21.384030527609607,20.680285238643926,35.711314782744026,-0.047589215711441,0.09326318308754893,0.023059028033699948,-0.01725613203314586,0.003990972726497755,0.012858375297947254,0.04626700865235885,jazz
0.20210567116737366,0.3675418794155121,0.2614835500717163,0.19757305085659027,0.24138964712619781,0.20311062037944794,0.327108234167099,0.27825257182121277,0.3481495678424835,0.25812003016471863,0.2589569091796875,0.25924012064933777,25.001633060016427,22.564034160570664,24.117451521735436,25.166972402127588,18.874598786307654,18.04872568457909,30.89515291965889,0.1143210133242994,-0.10175360747626916,-0.01785185829392728,-0.03835257802487076,0.006842768683044733,-0.03168972707755088,0.03168654534029389,jazz
0.26478514075279236,0.2642460763454437,0.4390510320663452,0.3802044987678528,0.3581206202507019,0.2460828274488449,0.2550429105758667,0.41802290081977844,0.3346000015735626,0.36418572068214417,0.3259924352169037,0.3058442771434784,24.252308921573814,22.618211713022927,25.061911651764742,23.361911646631423,22.25260079417483,21.471409761785253,26.316936299602563,0.11859579123938482,0.17066581305463485,0.09308890205388778,-0.09192858140070029,0.013844989384260962,0.00030895896323140183,0.03306037920533643,jazz
0.3366653025150299,0.1966315656900406,0.36970704793930054,0.3069600462913513,0.2082390934228897,0.36876294016838074,0.26376280188560486,0.35152143239974976,0.26152247190475464,0.38447117805480957,0.3333311378955841,0.22390897572040558,19.036845583546636,15.176492967685869,21.24114154478286,21.834574973793277,22.097922418121104,19.133547544969414,37.84134742954738,0.041410904163371134,0.11800025465735775,0.0664006110643773,-0.04064820813733956,-0.002522866934582365,0.005156441974509164,0.0768886250483372,jazz
0.4413571059703827,0.3100774586200714,0.3311063349246979,0.3532395362854004,0.288082093000412,0.3685498535633087,0.3435240685939789,0.38316306471824646,0.41581839323043823,0.3714156448841095,0.43784332275390625,0.32126739621162415,17.70977564449609,15.504471009172983,20.021352851585423,20.862597576178498,20.934310645600267,18.9905029854813,34.97813528755465,-0.05229860544562359,0.07747331422706762,0.05434018967792747,0.003755993573520462,0.009819583443700727,0.009909707241297671,0.06368954828886311,jazz
0.3150312900543213,0.2577858567237854,0.2512393891811371,0.24356035888195038,0.26239392161369324,0.29013004899024963,0.3080953061580658,0.38751378655433655,0.3696429431438446,0.45249080657958984,0.3867466151714325,0.24779821932315826,17.925008109456126,13.457534282390846,19.091212845146686,20.027947712177195,20.101557103702937,18.68308844254105,37.721299549922286,0.033524518577412205,0.053125575853576176,0.023821729506896674,-0.031171489586190985,0.012700507653370894,0.008062058451102208,0.06107594076276102,jazz
0.2681548297405243,0.10611718147993088,0.26331669092178345,0.18190421164035797,0.2916194498538971,0.23056785762310028,0.14039018750190735,0.21374931931495667,0.12743434309959412,0.18792690336704254,0.17040877044200897,0.20221100747585297,16.56875578003236,21.144845991982393,27.250376704012535,26.395375675713503,25.059064983790375,22.888370121413523,27.830618484592797,0.18644674091049337,0.1070190471902716,0.007142047670418296,0.06739123584774628,0.006285719034105247,-0.012258617911121907,0.06491837055297757,jazz
0.33863893151283264,0.3029235899448395,0.3083699345588684,0.38268372416496277,0.3148263692855835,0.3364991545677185,0.3379770517349243,0.37192222476005554,0.4007464647293091,0.3696896433830261,0.3085494041442871,0.22279246151447296,18.729753938236506,14.548373009860846,19.931466633357623,20.715289441014377,21.170304893300045,19.13580113073497,37.208723221132345,0.01229413110858166,0.036331407458423136,0.03566143124552294,0.007441846747455255,0.010738301469004397,0.008346883356441567,0.07355637930201082,jazz
0.2963358759880066,0.1981353908777237,0.2302124947309494,0.26478111743927,0.1977982372045517,0.2680717408657074,0.2793096601963043,0.20136216282844543,0.23109489679336548,0.21307125687599182,0.231525719165802,0.3829832673072815,18.134352741566794,18.425700678863596,25.693944823793068,26.008628204865598,24.383116863831276,20.644567911554663,34.234849340194565,0.03933407665477347,-0.02715654665931824,0.05415072532951221,0.025479290847956696,-0.04247542567667609,-0.006100840516239314,0.06984498864075793,jazz
0.23013751208782196,0.24177901446819305,0.26634764671325684,0.3930400311946869,0.26201939582824707,0.2958051562309265,0.28536418080329895,0.27261272072792053,0.37591883540153503,0.5823676586151123,0.6008299589157104,0.3364771902561188,18.606674663342282,14.60005132182987,18.100499070140643,18.631047786441602,18.833931424174587,17.943678804331768,36.32988370123425,-0.030094989058358255,0.020764641310342044,0.013764928779308763,-0.047526656525398454,0.009864229449459744,0.017336042404674696,0.08414373670726992,jazz
0.3639666736125946,0.2303975224494934,0.33908119797706604,0.23273791372776031,0.30690014362335205,0.38169214129447937,0.4103676378726959,0.5347473621368408,0.40307673811912537,0.37157687544822693,0.29564616084098816,0.37052854895591736,19.804203387237468,16.9280631649778,19.83181491122037,20.417658382214483,21.13722056753203,18.881941400386225,37.566156453697616,0.05279324995566038,0.07058527634937818,0.10811178138434926,0.020282860888544113,0.01294294013632688,-0.019886063735597894,0.08770822759570766,jazz
0.3322298526763916,0.2973040044307709,0.2611686587333679,0.30294376611709595,0.3282400965690613,0.26575368642807007,0.25545647740364075,0.16978991031646729,0.19954660534858704,0.188979834318161,0.17567333579063416,0.20159365236759186,19.61269305320657,18.72438493711336,23.84954653138798,24.049457731809547,23.082121077497593,20.526065377141386,33.214460264773734,0.005216806202705322,-0.012561643831964429,0.01506081066466714,0.03865776680574128,-0.0032723341573005944,0.030328542150575767,0.05545069907675947,jazz
0.25556015968322754,0.24397772550582886,0.23436114192008972,0.23536866903305054,0.2978840172290802,0.2882656157016754,0.30909955501556396,0.33107423782348633,0.363214910030365,0.38701796531677246,0.2757396697998047,0.24970678985118866,19.6896267740206,20.180005589282523,23.06365210376099,18.96933443184046,18.285297654962978,16.683688885497773,28.319891705798447,0.10068141738065738,0.04201720395894291,-0.03660697523037778,0.018217628648863043,-0.006102062591916287,7.986067668219499e-05,0.03296332717034029,jazz
0.3244542181491852,0.35743480920791626,0.39680060744285583,0.39622634649276733,0.4444224536418915,0.5544602274894714,0.4905201494693756,0.39842545986175537,0.45881858468055725,0.5152942538261414,0.5024926066398621,0.35400328040122986,18.71366004094518,13.171146106459144,16.682298305655742,17.276086262963997,19.083084961004246,18.30200047336701,41.681400534416426,0.018883820457755503,0.009707323137286675,-0.010968145883404175,-0.020465726470063363,0.002517201407171952,0.00781852724257503,0.18137212695765662,jazz
0.11765490472316742,0.13391104340553284,0.22048312425613403,0.18841037154197693,0.16817714273929596,0.19363664090633392,0.1306278258562088,0.20394578576087952,0.36439570784568787,0.2875836491584778,0.22447775304317474,0.18569976091384888,19.66791654875476,20.515668208307208,26.072390344027976,25.74578819535702,23.39606848912742,19.541724487295546,34.60059329408487,0.008745223349998376,0.02896814167287905,-0.00404384378084556,0.020831058031972154,-0.043708868751378666,-0.007958987566508495,0.051224215124709975,jazz
0.19731321930885315,0.38525283336639404,0.22234489023685455,0.35714659094810486,0.2562781572341919,0.3125357925891876,0.17776437103748322,0.16223567724227905,0.18686585128307343,0.14310161769390106,0.10508964210748672,0.14767271280288696,20.462281007474257,13.163282414526595,22.616401056309442,22.674396845651213,23.591264782959065,20.049375229814366,38.707801033575436,-0.1403706695845877,-0.03872245370369513,0.03571713166505834,0.08123769849821147,-0.012578046904900964,0.011295511153377498,0.08013779123163187,jazz
0.35925188660621643,0.31131675839424133,0.35502421855926514,0.4243347644805908,0.3526291251182556,0.3056105077266693,0.29090121388435364,0.33560895919799805,0.3449951708316803,0.3596653640270233,0.348741352558136,0.40057113766670227,19.53295577723424,14.628072484118258,19.302595527559834,20.016197250032885,20.61623254330413,18.382982419245973,37.21557654492883,-0.008271511269313943,0.012253785616210645,0.04434121087516165,0.0072029388732256245,-0.013733891205828562,0.009439369735984337,0.09322282240912606,jazz
0.2322717010974884,0.2254037708044052,0.21077702939510345,0.3080559968948364,0.21878589689731598,0.24311332404613495,0.4776161015033722,0.31958693265914917,0.28571924567222595,0.25895076990127563,0.2468436360359192,0.19078747928142548,23.113321158574788,16.794855889248574,20.772230978394358,21.42833314952483,20.213852187054773,18.950396239824958,36.36863430172466,-0.033630528757549655,-0.0018203048927692609,0.03759931673692658,-0.04224111250265348,0.015327641644585426,0.02636949628503665,0.06359853840390564,jazz
0.16407425701618195,0.21890494227409363,0.11619460582733154,0.13585713505744934,0.3598349988460541,0.30888476967811584,0.13362716138362885,0.14441697299480438,0.22763507068157196,0.287617564201355,0.19687965512275696,0.1278841346502304,24.01141528814323,24.984341261616205,28.42546682279495,26.174127539767113,24.521078974542633,20.45390802868407,28.755313874816984,0.08329154357461589,0.021302987100126274,-0.26766573540215965,-0.07897157550462422,0.02025462570452108,-0.002555174529647864,0.05861036591260634,jazz
0.2764347493648529,0.2952212393283844,0.3104144334793091,0.3143121600151062,0.28675422072410583,0.34248781204223633,0.4004340171813965,0.47846323251724243,0.4004386365413666,0.30269384384155273,0.27368223667144775,0.22070451080799103,19.448775052686422,15.996722890687815,19.478731724700978,19.798800931844255,19.058075442731063,20.722465882756268,35.2827907098308,0.009679450698294689,0.02925578540442534,0.07001151296195599,-0.01856925256538792,0.019119190764076824,-0.01782633721963872,0.06268088686678268,jazz
0.22315171360969543,0.21892167627811432,0.2300729900598526,0.2769527733325958,0.27287083864212036,0.2934827208518982,0.23978425562381744,0.302343487739563,0.32417646050453186,0.3035033047199249,0.3401491940021515,0.2932072877883911,23.374451774656496,16.28805768898593,21.099860269553893,21.934289260403286,21.53051722056675,19.88541297884459,36.777847458665676,0.019551204204505623,0.026557221464869274,0.06508569296216045,-0.005838636943475833,0.002741913596710415,-0.016265699989072343,0.07490491166376644,jazz
0.31064432859420776,0.39770421385765076,0.3690323829650879,0.3960714340209961,0.31147855520248413,0.2869942784309387,0.295334130525589,0.26066774129867554,0.2763831615447998,0.24226732552051544,0.2405172735452652,0.26431670784950256,21.154342386237033,16.477096818712315,20.017620224938145,19.989929674628357,19.41930938526288,21.057407390488613,36.99574485467632,0.00486505393137683,-0.029877908290606013,-0.04709536541751767,-0.03425031532774767,-0.006034543453851773,-0.017795833752167173,0.09937373114849188,jazz
0.21463222801685333,0.255153089761734,0.2631392776966095,0.2194906324148178,0.30173221230506897,0.21713455021381378,0.14855599403381348,0.12632502615451813,0.22517530620098114,0.34881141781806946,0.288835734128952,0.21226288378238678,23.964702933811246,19.857830088852264,23.82842696095594,22.547060178711885,22.94996041368292,24.385557857023418,32.61905873017906,0.0562427409090772,0.03046045556289957,-0.16074905874695977,-0.053184538967302825,0.027835455757944737,0.01402635471744082,0.08464938913863108,jazz
0.23491735756397247,0.22107894718647003,0.26774778962135315,0.31440654397010803,0.29027241468429565,0.3153689503669739,0.3119904100894928,0.3422459661960602,0.3297440707683563,0.4005033075809479,0.4290889501571655,0.2759839594364166,20.26107458322735,14.550780179146352,19.36778768264446,20.759972748087897,20.754127440441167,19.32838066634189,35.180146613609296,-0.009137032031861206,0.013972400816454485,-0.013502496740531278,0.008495428247199701,-0.0046895184011361505,-0.012483881106881044,0.07237627187258314,jazz
0.24605640769004822,0.242948979139328,0.3061281442642212,0.22925148904323578,0.27119219303131104,0.26463839411735535,0.3552898168563843,0.37676694989204407,0.3083403408527374,0.29820162057876587,0.22263631224632263,0.24845458567142487,22.017853751245553,15.93265986862657,19.966842667542284,21.312737330634743,17.952797849382442,16.04436610638652,31.82809460973948,0.046564061398356206,0.0017998565597007372,0.02041413535256618,-0.016998242979404034,-0.0027599926400702557,0.004165336810922522,0.061381069339713844,jazz
0.24652250111103058,0.27667322754859924,0.2585512697696686,0.28703975677490234,0.24070684611797333,0.2263714224100113,0.23001538217067719,0.23032619059085846,0.311312198638916,0.367864727973938,0.3565910756587982,0.25525963306427,16.985950678851474,20.40456379916772,22.21783303252218,20.484289126186432,17.64493481614262,17.87623635070648,31.91999921875039,-0.028280728660195355,0.018473736115085668,-0.03772388497253719,-0.04461466367100789,0.003921791274396012,0.008535792687201968,0.04233319134280743,jazz
0.25841543078422546,0.16904900968074799,0.2240300327539444,0.4129761755466461,0.3530253469944,0.46515214443206787,0.28718289732933044,0.32696422934532166,0.4417954087257385,0.2851335108280182,0.2930472195148468,0.2230999916791916,16.94416253471458,17.376667583315648,21.213038175798435,21.60361798071077,21.396221277297585,20.560496005325685,39.70535674784734,-0.08615351640160217,0.0604777644126769,0.055786583453779744,0.06764303079294143,-0.009163761255473248,-0.034966691261717774,0.07934929065158546,jazz
0.4027683436870575,0.23674847185611725,0.32309800386428833,0.20800578594207764,0.2740481197834015,0.20397356152534485,0.18808771669864655,0.23580709099769592,0.19360339641571045,0.30061453580856323,0.25753116607666016,0.35061290860176086,16.879352375430567,19.92456240498945,23.808106470082357,22.62387756724475,21.59334363359027,22.486790714582405,27.947349323836892,0.16303943218969388,0.08066807455239319,0.013496435745795631,0.02048534692221132,-0.005652714370902057,0.0003993709856890699,0.037725674303944315,jazz
0.30892813205718994,0.3236204981803894,0.44823330640792847,0.24320189654827118,0.2746729552745819,0.3969673812389374,0.20402614772319794,0.30574995279312134,0.2480028122663498,0.3796035647392273,0.49050235748291016,0.24543489515781403,16.93555212326089,13.132125947126937,18.354521339320033,20.483902331077257,22.084062337323523,21.88839036976849,33.21295427168704,-0.039892104076593084,0.13047180767188374,-0.09308376206028907,-0.08046502444665524,-0.004869429065674032,-0.026943963386582257,0.09950288210556844,jazz
0.24355071783065796,0.26897284388542175,0.27043676376342773,0.2840769588947296,0.25442564487457275,0.41895002126693726,0.28919291496276855,0.324504017829895,0.2738598883152008,0.24972444772720337,0.2989228665828705,0.24206575751304626,19.833355056576888,19.067106834021452,22.861211925222875,23.226517653465553,20.483209421160883,17.583294220710084,33.89343361606503,-0.059512071690468064,0.08155857569059019,-0.07606653290694876,-0.027585827210689345,-0.0008510176560511564,-0.009052354943803817,0.05150064348897912,jazz
0.39276474714279175,0.23968514800071716,0.17698225378990173,0.16767029464244843,0.2465560883283615,0.35940971970558167,0.25530797243118286,0.36146339774131775,0.33930671215057373,0.25218018889427185,0.31421369314193726,0.32247236371040344,19.67951256619409,20.40377435024924,23.02495861804606,22.332608608117443,20.883581878704547,19.26285272841231,36.33627313605794,-0.043531868589313814,0.038809753584056035,-0.007326762386427457,0.059086671785493934,-0.005409018525609981,-0.03090259370974597,0.06639416569992267,jazz
0.285357803106308,0.23465195298194885,0.18863347172737122,0.27594488859176636,0.24775075912475586,0.32734671235084534,0.20278772711753845,0.2234509140253067,0.3028032183647156,0.21505461633205414,0.24282124638557434,0.22520969808101654,15.655399650738143,14.54700357787395,21.580210422010094,20.31365034948616,21.849686036700483,21.34971436782623,30.064648830735994,-0.07685157353640695,-0.031131864913031885,0.028118408607046688,0.03576413948558503,0.011028809307418432,0.021256415968240815,0.07648568916763342,jazz
0.3483102023601532,0.27651768922805786,0.15278282761573792,0.19405397772789001,0.16636915504932404,0.1957952380180359,0.2237747311592102,0.2743971049785614,0.3313341736793518,0.23174700140953064,0.20375710725784302,0.24151955544948578,14.248127345617018,19.178670112712027,23.57439266584119,21.575180504881295,19.758974679416838,21.732736048272706,33.23884863632142,-0.07336790930915385,0.03191396451775243,0.020944713840328727,0.05232423982724862,0.0005717811086115242,0.002033611482955801,0.054847239341647334,jazz
0.3297090232372284,0.2079218029975891,0.3564295768737793,0.45226386189460754,0.3066887855529785,0.2960040867328644,0.2386035919189453,0.3467003107070923,0.2216406911611557,0.26235759258270264,0.4028676748275757,0.27686822414398193,15.393771790163271,15.526177142922045,20.03799965186359,22.7060696437307,23.02603311642526,22.40173826100471,32.55773457388953,0.0007134234791276816,0.12689341339008053,0.03375015010349928,-0.061523701625387166,0.02139074603057057,0.0011812759201747073,0.10058782567188708,jazz
0.23491525650024414,0.18788649141788483,0.27190616726875305,0.2841687500476837,0.2763309180736542,0.374900221824646,0.30896592140197754,0.3284617066383362,0.2035762071609497,0.27857574820518494,0.35307562351226807,0.3196519613265991,15.856373017218388,18.294238962132532,22.269346440649667,22.073085211846173,21.136813550748126,20.878676794089255,33.710701108439096,0.011688625097380152,0.06549765022189549,0.01577543570355355,-0.03998984031563635,0.013126803982936384,-0.004714842718087356,0.061185832366589324,jazz
0.291627436876297,0.21511788666248322,0.2580917179584503,0.24818192422389984,0.27070003747940063,0.21136227250099182,0.22268643975257874,0.3779757022857666,0.25218817591667175,0.32062336802482605,0.18808205425739288,0.19300135970115662,19.087317819399416,18.876213588496363,22.009846963840157,25.010265707155142,22.10829251719476,20.534672494448245,37.32953465826261,0.04102139775515931,0.056658095598778414,0.01022016195247585,0.044546968869761075,0.013438126392320619,-0.014208686693441129,0.08571960496423048,jazz
0.25078895688056946,0.25030773878097534,0.4333260953426361,0.3339172303676605,0.32775136828422546,0.26114895939826965,0.18301400542259216,0.27972859144210815,0.22747257351875305,0.29736077785491943,0.2684386372566223,0.20504295825958252,20.96838030118043,18.331046912017662,23.14266191968793,23.515975258699516,23.514593599951006,19.875220006978314,30.760283765355194,0.09765401592266341,0.1308930794641628,-0.032422725951813385,-0.08483663499023993,-0.010882561694257517,-0.009592400756804991,0.04966836148975251,jazz
0.37940192222595215,0.285642147064209,0.19926047325134277,0.25630930066108704,0.26819103956222534,0.21252170205116272,0.1780584156513214,0.3557503819465637,0.3406895697116852,0.26853013038635254,0.2949577867984772,0.304678738117218,17.00613544477642,19.946863585147533,23.541059632249194,22.230435980702296,21.697436253690416,21.016611160294556,29.91239813877243,-0.01500868296912393,0.11381925552261417,0.05853120504308718,0.07100897019387602,0.016466000366901924,-0.00526104493812876,0.042621704007153906,jazz
0.25834921002388,0.19230443239212036,0.19245478510856628,0.3507029414176941,0.22347986698150635,0.2717130780220032,0.2490668147802353,0.25476720929145813,0.2189602255821228,0.19582326710224152,0.3509022295475006,0.24663256108760834,15.919775553863394,15.74291512297612,21.348734540823866,19.563283229897625,21.249907679381288,21.07178694087621,32.14836022153713,-0.10009258074538203,0.0825893792104046,0.03251002945815473,-0.05313301345366604,0.022148061704032048,-0.010111999670252452,0.05863604505027069,jazz
0.36342304944992065,0.3275933563709259,0.34114301204681396,0.3588583469390869,0.35186105966567993,0.4005735516548157,0.36103522777557373,0.3325671851634979,0.358102411031723,0.3324815332889557,0.3682493269443512,0.4058985114097595,18.24589404706472,15.130634433819667,20.274168261254488,20.87890812331493,20.551648211784325,18.925458412378564,37.571640348237466,0.0015705650786344344,0.01984084767184066,-0.002536318006321168,0.02125756391118816,0.0010709909079415687,-0.0050698769500670485,0.09353588130800464,jazz
0.340328186750412,0.25812920928001404,0.3154411017894745,0.2493218183517456,0.2938081920146942,0.25010472536087036,0.2975098192691803,0.34400317072868347,0.2435741275548935,0.24927441775798798,0.21848943829536438,0.33139389753341675,20.839363093501948,16.10070428962607,22.221106621264493,21.56067065410564,21.322786743894035,19.357613109822562,36.59508476028669,0.14406503310543245,0.0444985310267781,0.03321500456685221,-0.044959272477669274,-0.027132818332621753,-0.009534517045428858,0.07930246398878577,jazz
0.12290164083242416,0.10673145204782486,0.18128062784671783,0.1859709769487381,0.2796873152256012,0.35170990228652954,0.20397795736789703,0.20587842166423798,0.24826446175575256,0.3613109290599823,0.17972536385059357,0.09169827401638031,16.695713376961688,20.36220917499348,26.006569210681416,22.76749233106211,21.581467654353805,18.12645527759008,18.38266372894613,0.05513802387015654,0.059192962694002496,-0.0902351005570438,-0.02696185252194959,-0.005295837920054333,0.005274937935792996,0.06476844970514307,jazz
0.3541322350502014,0.4542483985424042,0.6860765218734741,0.4012836515903473,0.30793702602386475,0.34723129868507385,0.38354724645614624,0.5401262044906616,0.42594239115715027,0.39083510637283325,0.322862833738327,0.30931252241134644,20.680391900181252,14.299051916680112,16.983702268342192,18.524104558213704,16.684395597768553,17.14853118172262,17.80933694564027,0.06583488305071536,0.070178096505606,0.014324148792192392,-0.030953843348776443,0.005941096163257444,-0.016542221580429797,0.08126299096903669,jazz
0.24650539457798004,0.27663519978523254,0.25856971740722656,0.28707244992256165,0.24070510268211365,0.22639742493629456,0.2300599068403244,0.23037245869636536,0.3113313615322113,0.36789020895957947,0.3565794825553894,0.2552937865257263,16.982925071720107,20.40000303864928,22.17957084154254,20.462415783451117,17.675270567139528,17.870930305641814,21.395331279713073,-0.02828415834086953,0.018473629234557157,-0.03770790714266381,-0.04463705703132123,0.003931766480099567,0.008545189208876187,0.042435530259087396,jazz
0.4378189742565155,0.3627312183380127,0.4290275275707245,0.3773382008075714,0.3878433406352997,0.3924964666366577,0.3338854908943176,0.3980271518230438,0.3264581561088562,0.3466627895832062,0.26541271805763245,0.33920082449913025,21.876125984900078,16.789154493378142,20.985006919136023,19.703748426572602,19.294816061603242,19.508366825464112,18.079305757988124,0.12782295289472248,0.0512963185191895,-0.06935127396036321,0.069705055178294,0.011692601081170276,0.01328978687256353,0.07725502618178325,jazz
0.25852343440055847,0.16909390687942505,0.22404029965400696,0.41297850012779236,0.3530200719833374,0.4651477336883545,0.28718042373657227,0.32693612575531006,0.4417774975299835,0.2851370871067047,0.29305970668792725,0.22317497432231903,16.966792661664996,17.376606228977188,21.21257867544301,21.602341722479068,21.396610169901233,20.560946926580396,23.341997475603243,-0.08615192563180642,0.06047696209667645,0.055788093013868896,0.06764265582000013,-0.009164081448256239,-0.03496633218626556,0.07952338009957463,jazz
0.4027559757232666,0.23674935102462769,0.32311052083969116,0.20800675451755524,0.27405068278312683,0.2039649933576584,0.1880909651517868,0.2358066290616989,0.19360393285751343,0.30061930418014526,0.2575320601463318,0.35060039162635803,16.89362851147014,19.92235668211497,23.850100365967158,22.62192881703511,21.538613039984735,22.432537175010545,15.915145193363072,0.16304005218045833,0.08065939654885156,0.01348825251685026,0.020475421528701195,-0.00564680301508851,0.0003954850950070271,0.03777854311678268,jazz
0.3166906535625458,0.31611570715904236,0.39112603664398193,0.39760440587997437,0.4106210172176361,0.42381346225738525,0.38542449474334717,0.39550265669822693,0.38605183362960815,0.3181096613407135,0.31270846724510193,0.4200618267059326,21.48238394214302,13.378486367719558,18.01091134879708,19.08583458706554,18.388802131370014,17.8045447990011,17.609077067288226,0.005625117516589261,-0.02280644988859484,-0.027447504543054717,-0.033596463743597337,-0.005459406563281275,-0.014189553859357058,0.11474045973557692,jazz
0.3510341942310333,0.3099845051765442,0.2553701400756836,0.2413538247346878,0.13533936440944672,0.15714579820632935,0.1269243210554123,0.2109181433916092,0.23936890065670013,0.2114676684141159,0.3525489568710327,0.21811902523040771,20.616143018807012,22.343498862507303,24.997204037855663,24.47540016781737,23.0855541356169,20.943452776787595,16.75812670652057,-0.14864622091266683,0.10006943026166049,0.015448775531022356,0.0443896502411253,0.012417983955874916,0.01281290126090033,0.06185877682714617,jazz
0.3089393973350525,0.32366111874580383,0.44823068380355835,0.24322663247585297,0.2746899127960205,0.39696288108825684,0.2040177285671234,0.30572718381881714,0.24799630045890808,0.37962010502815247,0.4905317723751068,0.24544879794120789,16.94111459529626,13.133532183923013,18.339305981643214,20.487533542044456,22.087128156973495,21.879367755279908,16.60572984395661,-0.04402135894107924,0.12797161118622058,-0.08886429572972052,-0.08409992262882414,-0.005844648963890693,-0.02602949726293748,0.099600311774942,jazz
0.28566592931747437,0.2778463363647461,0.3944615125656128,0.36141106486320496,0.29226478934288025,0.3240256607532501,0.2809143662452698,0.4064669609069824,0.3164101839065552,0.25503239035606384,0.321546345949173,0.27988994121551514,20.716403683317424,17.470297504225414,22.648680591040637,20.68690496940796,17.926447339949853,16.64420963450343,16.383725494624137,-0.07206771509879012,0.13530308856186546,0.07322822113699427,-0.0027131139146845166,0.0015777141227484325,0.0015226467235918049,0.03801713930407464,jazz
0.24361439049243927,0.2690720558166504,0.2705269157886505,0.2841354012489319,0.2544786334037781,0.41896259784698486,0.289172500371933,0.32447582483291626,0.27383095026016235,0.2497044950723648,0.2989095151424408,0.2420826107263565,19.839232641085452,19.066983563973096,22.86287459880863,23.218545613474703,20.50165209170824,17.407072369416124,14.828069761627306,-0.0595093430919481,0.0815574363022158,-0.07606590299723764,-0.02758445320449289,-0.0008507553539002684,-0.009051033741904685,0.05241074233855375,jazz
0.44040918350219727,0.42353788018226624,0.376574844121933,0.4176870882511139,0.34067991375923157,0.39236506819725037,0.3842994272708893,0.41989338397979736,0.3651815950870514,0.3005097508430481,0.29143470525741577,0.292459636926651,20.011772771075783,14.510114430197863,18.91495195401562,20.85234461963023,19.375918541914128,17.903533790648904,17.401519296569465,-0.004859413836407379,0.028021821793248088,0.02576270959385059,-0.002883090485382375,0.0067122124651903215,0.0016377820381044397,0.09425926647640061,jazz
0.39287570118904114,0.23982740938663483,0.17708872258663177,0.1677650362253189,0.24662475287914276,0.35940423607826233,0.2552958130836487,0.36143720149993896,0.33928540349006653,0.2521798312664032,0.3142271935939789,0.3225329518318176,19.678834696221138,20.406148537574868,23.02659891805872,22.33783722708192,20.894885773225706,19.2313747974552,16.58497937921039,-0.03896205508134084,0.0008247195259660528,-0.017904214014293065,0.052646573053850065,-0.014827070652828461,-0.02625751068397106,0.06751573980085074,jazz
0.34141331911087036,0.39515358209609985,0.47093018889427185,0.3975241184234619,0.4220122694969177,0.4714684784412384,0.3591727018356323,0.3739815354347229,0.32296955585479736,0.37453433871269226,0.3508211076259613,0.3139097988605499,19.068043310563557,13.503121317615012,17.26054931905278,18.208068096962634,17.610762406374416,16.91078792067868,16.171165757398725,-0.009527718148782933,0.0325187855280772,-0.0134318846730739,0.02015206427242161,-0.007564728911355332,0.008829172910333532,0.09874629682721713,jazz
0.43474462628364563,0.34317833185195923,0.40031978487968445,0.33660560846328735,0.3660542964935303,0.3670347034931183,0.3410022556781769,0.5682916045188904,0.41100162267684937,0.42156127095222473,0.2891829311847687,0.2791094481945038,19.250913818866792,14.614831040922084,18.556831626735846,18.008165077050652,19.377473700876756,20.041425497763402,20.11505796703061,0.07335151138297466,0.06486164332032165,-0.01917875764858375,-0.0019720062348428887,-0.004688002728375379,0.002532826949772432,0.055842305926140756,jazz
0.2853744924068451,0.23614157736301422,0.18812792003154755,0.27551379799842834,0.247118279337883,0.32777640223503113,0.20390968024730682,0.22176747024059296,0.30308619141578674,0.21596844494342804,0.2428673654794693,0.22428590059280396,15.671985918744046,14.551966840271112,21.5972381029137,20.27415965633052,21.83192246486288,21.341602444233857,17.88874020851154,-0.06446483513762874,-0.03657321282135021,0.025227838163447723,0.03781873527381274,0.012620251918155424,0.020582593679615378,0.07649135368329467,jazz
0.35169944167137146,0.21720176935195923,0.25218915939331055,0.28601717948913574,0.1815204620361328,0.2945345938205719,0.2205890566110611,0.3543417453765869,0.19519972801208496,0.26920267939567566,0.304330438375473,0.1662605255842209,18.677237490843723,19.063250226427037,24.6015325991912,25.17622624930299,24.499242712237464,21.792048142929882,18.96171193654509,-0.018407947678595615,0.1420569469307211,0.025786449954176362,-0.013304162127726006,0.020418856416370288,0.032149610306569126,0.0883246111723543,jazz
0.3483830690383911,0.27659279108047485,0.15279673039913177,0.19406799972057343,0.16638128459453583,0.1958090364933014,0.22377578914165497,0.2743973731994629,0.331330269575119,0.23174548149108887,0.20376048982143402,0.24154694378376007,14.253363781661081,19.181528329407577,23.565894000847823,21.59505911623503,19.746199608727167,21.736439106912115,17.660800570598006,-0.07335858856814506,0.03191681091655239,0.020947908557669016,0.05231375544139633,0.0005638580514611788,0.0020286120338926417,0.054932207076566125,jazz
0.23492082953453064,0.1878807544708252,0.2719169557094574,0.2841823399066925,0.2763366997241974,0.37489399313926697,0.3089630901813507,0.3284614086151123,0.20358243584632874,0.27859050035476685,0.35306620597839355,0.3196505904197693,15.872577157496773,18.30363895108376,22.278280536538386,22.072924186397966,21.102363899874458,20.865101033438464,19.594634262666943,0.011706922495226577,0.06549882681773206,0.015803601434317256,-0.039979895982352756,0.01312461845406991,-0.004724522382172181,0.06120433645108275,jazz
0.2917769253253937,0.21536019444465637,0.2583775818347931,0.24845068156719208,0.270941823720932,0.21139802038669586,0.22266943752765656,0.3779602348804474,0.25222235918045044,0.3206350803375244,0.18811434507369995,0.19307918846607208,19.09272388607374,18.87558224552028,22.01085825406453,25.013074294576384,22.107336964773086,20.495561143490473,16.677720427902212,0.04102184411207246,0.05665865756335401,0.010220620181189572,0.044548410333819656,0.013437012998509561,-0.014207460364177008,0.08750241686001546,jazz
0.2508203089237213,0.2503622770309448,0.4333759844303131,0.3339448571205139,0.3277760446071625,0.26116108894348145,0.1830134391784668,0.27972495555877686,0.2274690419435501,0.29735666513442993,0.268441766500473,0.2050609439611435,20.969058550426997,18.33168862593178,23.143409603558627,23.497364255251636,23.449875819730867,19.391570231670073,15.151114534749592,0.09764987408037973,0.1308888397491363,-0.03241678762263337,-0.0848362106680064,-0.010883674339687179,-0.009594372254421743,0.05004033135150812,jazz
0.379731684923172,0.27892133593559265,0.19814221560955048,0.25682005286216736,0.26490548253059387,0.20998603105545044,0.17925016582012177,0.35773298144340515,0.3369237184524536,0.2670166492462158,0.2963257431983948,0.3013158142566681,17.005080881622774,19.948735429961392,23.533976591914506,22.19872823413257,21.709032922009243,21.04167181028284,16.08122812476339,-0.015002864614436813,0.11382169764418876,0.058529501900434114,0.07101204935807014,0.0164595581558759,-0.0052589842765494495,0.04257072336620263,jazz
0.2583525776863098,0.19230788946151733,0.1924394965171814,0.35072484612464905,0.22349166870117188,0.2716914713382721,0.2490604966878891,0.2547617554664612,0.21896305680274963,0.19584164023399353,0.35089412331581116,0.2466192990541458,15.931359181335969,15.742277480995648,21.338727642693776,19.564537902661815,21.23504904905981,21.107187474833637,17.41337607234762,-0.10010481840641007,0.08258675932521299,0.03250491344035002,-0.05312544265394643,0.022160193636131947,-0.010105224241439902,0.058720635150812064,jazz
0.5499795079231262,0.3161851465702057,0.3325721025466919,0.2552160918712616,0.3016919195652008,0.3206561207771301,0.3098958730697632,0.40676623582839966,0.3148871958255768,0.3375847339630127,0.2711126208305359,0.270443320274353,20.73119695871372,15.686871226609165,20.82474382344793,20.453613953564474,20.363941921440208,19.554320348964836,17.36824924134806,0.04246583910033482,0.11600514180843141,-0.002338382276459516,0.09532509874394018,0.0027744728608177717,0.021316991965895087,0.12970003746133024,jazz
0.22187164425849915,0.23622451722621918,0.47956421971321106,0.3024081289768219,0.40534690022468567,0.27994590997695923,0.2653360068798065,0.3998219966888428,0.23761224746704102,0.21130311489105225,0.225754052400589,0.2736779749393463,21.433127161170987,18.619930718747714,22.438311751334787,22.085509745673402,21.57307514494506,21.23814690859096,18.741952446483094,0.08930863900764154,0.0771391472096324,0.05254995128916307,0.060535580863382295,0.004236385447027256,-0.018134730615763296,0.09553696587393658,jazz
0.3851426839828491,0.25358498096466064,0.28464794158935547,0.3600444793701172,0.28319498896598816,0.41046255826950073,0.25308606028556824,0.33628562092781067,0.25628140568733215,0.25817322731018066,0.2518455684185028,0.1908005028963089,22.305592302934258,16.12314696927298,22.186691396924186,21.23178320534859,20.898944791387134,20.08370310896493,17.41705862207944,-0.06263772356917513,0.13923701254603252,0.01828991514771053,0.055507838020889086,0.00046061528649516,0.008677828477152505,0.12648901235015467,jazz
0.42080992460250854,0.3074434697628021,0.4117816686630249,0.3118181824684143,0.39170435070991516,0.24902363121509552,0.1793999969959259,0.2924264669418335,0.25351977348327637,0.28188037872314453,0.19736358523368835,0.3414348363876343,26.30885291572284,20.555847335609563,23.710165537266516,23.400936774372692,21.789699365658834,19.28901110504758,17.451997040460835,0.1794142836407343,0.10930764282654097,0.014987390255375361,0.13640199079014767,0.021034486648349886,0.012771045936239884,0.06870037884280743,jazz
0.2684309482574463,0.25627753138542175,0.32289788126945496,0.2777947187423706,0.37170031666755676,0.40165239572525024,0.2508757412433624,0.24881801009178162,0.28486278653144836,0.48005491495132446,0.32346248626708984,0.20226067304611206,22.26692915362244,14.50327514121981,21.233460837967634,20.75976134400344,22.095026453648842,21.20938720676387,18.93497085102773,0.058946988546680804,0.06697728645563565,-0.08150654310779759,0.038848724681523554,0.0016090275461430861,0.024800903197703488,0.1308816554282676,jazz
0.2722291052341461,0.23656652867794037,0.34339991211891174,0.27093666791915894,0.3795446455478668,0.3355483114719391,0.23766306042671204,0.2265317291021347,0.2245888113975525,0.3015534281730652,0.18698939681053162,0.1775868833065033,22.99973923683842,18.363464883746328,23.270579598948547,21.930571513529127,22.609675410139424,21.801244805300858,17.603571368240917,0.11932830291857455,0.08372899663578215,-0.0540790479062651,0.045943306949153676,-0.008737309472475365,0.009576520111126587,0.09586928412606342,jazz
0.29427841305732727,0.37299346923828125,0.21342384815216064,0.3360510468482971,0.3323971629142761,0.23975870013237,0.39515629410743713,0.3442939817905426,0.33945438265800476,0.47544965147972107,0.34662654995918274,0.37089675664901733,23.06617145311508,17.000100434576094,22.098484998428244,22.164627139901608,21.080554084505764,19.92543493979704,17.863788854008966,0.05048411944316737,-0.10952652620521879,0.02919138117771851,0.03158299269965694,0.0035769823639690275,0.011556428791242038,0.1078452031370843,jazz
0.374703973531723,0.3380166292190552,0.37114936113357544,0.3177632689476013,0.39100760221481323,0.37546369433403015,0.3232789933681488,0.4581894874572754,0.44753605127334595,0.4698804020881653,0.3256817162036896,0.2555381953716278,26.442066823534645,15.782316123039234,19.441022700998186,20.80531595684943,19.218075895933186,19.019120600693128,16.756489454696524,0.08468965969340483,0.018915762510322086,-0.02548190041633217,0.008813927946964685,0.007288295064251602,-0.01219128212320336,0.14034857163573086,jazz
0.4793504476547241,0.47601884603500366,0.6895285248756409,0.5267543792724609,0.45123639702796936,0.3762057423591614,0.35073229670524597,0.4183168411254883,0.35527658462524414,0.37228336930274963,0.3443189859390259,0.4595097601413727,18.741224239088574,14.854801287288778,18.6900767609747,18.934578097005513,19.29922552875561,17.27207686063996,17.643357501507356,0.09180775339046927,0.03000212609749564,-0.06507160009964673,-0.0643477266746569,-0.0464170189074032,-0.025554265736365274,0.10012748936581593,jazz
0.4687574505805969,0.36387720704078674,0.46690720319747925,0.377567321062088,0.44131311774253845,0.41851451992988586,0.4412865936756134,0.45547351241111755,0.31786346435546875,0.3332640826702118,0.3462086617946625,0.3874296247959137,17.851025227531327,14.434332861297767,18.097052077518534,17.884352817224205,17.795641978951053,16.791710140700243,16.358383242686156,0.06600631066375942,0.03304945875135372,0.021424959783211038,-0.02479822336129263,-0.0028237531150368195,-0.003625902539941663,0.2066977988447409,jazz
0.3441433608531952,0.4529336392879486,0.5041468143463135,0.4959222078323364,0.582170844078064,0.4347192049026489,0.40172281861305237,0.394248902797699,0.3508830666542053,0.34820160269737244,0.36501702666282654,0.4762253165245056,23.19286339080121,14.054927037141777,18.77380955582083,19.012350584079474,18.60937467759666,17.069491462876254,16.35985450019509,0.08062357473460142,-0.0323577967118188,0.018761741418077037,-0.011181119649346502,0.0002926411992166428,-0.02513584098112405,0.14964517473897912,jazz
0.46984630823135376,0.41650763154029846,0.4476233422756195,0.38666650652885437,0.36782923340797424,0.33082714676856995,0.36825817823410034,0.4229036867618561,0.31326982378959656,0.4299453794956207,0.3819238245487213,0.38033801317214966,21.296798960061547,14.875679535022748,20.97202536286853,19.585931274350564,19.15558078511487,18.04247053127787,16.421344375341814,0.02683613877149485,0.07362575165316255,-0.010989626424426061,0.04939874273142145,0.0037297931845423305,0.02814473168116297,0.11831247281032482,jazz
0.31511378288269043,0.2511516809463501,0.24275408685207367,0.4192713499069214,0.33090993762016296,0.5436113476753235,0.4893871545791626,0.3041974902153015,0.2735150158405304,0.21238580346107483,0.3022603392601013,0.2205786257982254,20.257517078051258,15.856663526894769,20.896201232328615,21.649798131961827,19.993635669041186,19.339143265621168,17.110765575044304,-0.08018313431366755,0.0429914541339344,0.018180631211334137,-0.015311971481109084,-0.019401915460072906,0.017372233615950475,0.14755912243812838,jazz
0.3183092772960663,0.22419509291648865,0.3583441972732544,0.3316258490085602,0.44341927766799927,0.2556074857711792,0.28571197390556335,0.5829819440841675,0.2658974528312683,0.34995824098587036,0.28685739636421204,0.34674811363220215,18.07113302084918,15.705701656938622,22.474924691180114,22.266703750023048,20.762617113378234,21.369969470498962,19.295672397973476,0.13032623131864396,0.09475762130074496,0.06813077235123322,0.007145149462581677,0.0034283017751386567,-0.010823059825468648,0.26163718097447797,jazz
0.29969269037246704,0.39953967928886414,0.6988494992256165,0.49870216846466064,0.34160375595092773,0.24206948280334473,0.1602024883031845,0.21812529861927032,0.25822585821151733,0.33864566683769226,0.2893582880496979,0.3631785213947296,17.95683563733125,15.44553488293206,18.693630289272196,17.49513572495788,17.22477154682436,16.019884839207087,14.521778651770772,0.12686686046888518,0.05512996261577653,-0.01796288134484109,-0.04956324238435289,-0.0396815659074329,-0.013207560468789936,0.04283468979601701,jazz
0.2532278299331665,0.22324053943157196,0.3073047399520874,0.27401527762413025,0.22784411907196045,0.38889390230178833,0.26865145564079285,0.36484870314598083,0.3367275595664978,0.307018905878067,0.34777769446372986,0.19207164645195007,20.26182440158673,17.97703086227532,22.746401967943456,23.646014568855023,21.358022340226093,18.155077050386623,16.37166870622083,-0.030372536800397528,0.04651196690623074,-0.016004779900453955,0.0004908390111256006,-0.005985760588051498,-0.0024979200240437295,0.069027032579273,jazz
0.39609503746032715,0.3044072985649109,0.42769643664360046,0.2798014283180237,0.25373464822769165,0.15842057764530182,0.1421957165002823,0.18820536136627197,0.2427421510219574,0.26834121346473694,0.2715258002281189,0.43298882246017456,21.463451367355308,19.18438482888812,25.34394825954003,21.856112068469535,22.207974957118306,19.254561098846104,16.197301041223053,0.1809159826590567,0.08655117194405175,-0.025829739664441524,-0.0557828235770565,-0.05141274154473674,-0.0032281940025028584,0.06275188212973705,jazz
0.2723410129547119,0.2366865873336792,0.4864093065261841,0.264308363199234,0.31803464889526367,0.4052068889141083,0.1721416562795639,0.13389404118061066,0.12536706030368805,0.29185786843299866,0.22209255397319794,0.31251171231269836,17.681232098049442,18.304018085007375,23.788534921237193,20.741919655831744,18.2727131851232,17.703765977829672,14.983716748335022,0.1596158042536063,0.11137957927293803,-0.09847205421942803,-0.04085162403861521,-0.05567427929527171,-0.030707705778927653,0.054141818324632635,jazz
0.2726924419403076,0.2884032726287842,0.22551128268241882,0.27177396416664124,0.24228964745998383,0.23764465749263763,0.15685966610908508,0.17661957442760468,0.22384421527385712,0.26711681485176086,0.22058051824569702,0.1884917914867401,17.13341771904459,17.536704012026064,25.872894268035168,24.22974297524702,23.666603034445075,22.093939114765814,19.159985541819886,-0.1433592285317909,0.06944106799322981,-0.02372332064943411,0.0117401302074012,0.01166370644399148,0.003982798829141726,0.15147972254447023,jazz
0.30400213599205017,0.27906718850135803,0.3535752594470978,0.32509833574295044,0.3006323575973511,0.16626009345054626,0.2067122459411621,0.3628973662853241,0.3004884719848633,0.1605530083179474,0.1767825037240982,0.3092389702796936,19.607482529849513,19.126980697350692,24.818218538572797,22.88193636264548,19.710614869380002,18.09799226117694,16.118403594589836,0.062106176141779365,0.19953451516289542,0.1558837520908665,0.13408621276850535,0.0413213395195665,0.008194258297186464,0.07547665011117556,jazz
0.31506943702697754,0.19216793775558472,0.19367565214633942,0.3130042552947998,0.2235269844532013,0.2889712452888489,0.24343715608119965,0.41460803151130676,0.3863116502761841,0.19783252477645874,0.23349584639072418,0.23238763213157654,23.938926137692203,17.25431180857822,23.92496206485728,23.278738320244912,22.832264708067182,19.898345307043126,16.69737961132879,-0.03139967650899887,0.10698473270151324,0.04808365298350093,0.03238699987403922,0.0017447975275250785,0.004854876187911677,0.08172045690738593,jazz
0.28722867369651794,0.1999034285545349,0.3059603273868561,0.23871800303459167,0.4374176859855652,0.24338391423225403,0.17095884680747986,0.24454878270626068,0.17179851233959198,0.18093754351139069,0.15782837569713593,0.20950619876384735,23.724257898286954,21.501666081204892,27.141293370322458,24.092787533071675,22.489804166532526,18.50194714686551,29.63871519163324,0.19838405352905236,0.07938482506818022,0.060713212003993204,0.040545482951960414,0.0064777594571777,-0.016891443004942587,0.04150088517498066,jazz
0.36976751685142517,0.2816786468029022,0.40936797857284546,0.34258538484573364,0.3490109443664551,0.2834313213825226,0.25390389561653137,0.3847852051258087,0.29539400339126587,0.2732139527797699,0.2413601279258728,0.25187715888023376,25.446727749745936,18.181626260545865,21.651850556869906,22.387166279929158,22.363212902117493,18.994634216811903,38.29077634095457,0.09692307426601982,0.0842648367343792,0.048875646864489634,-0.003698815387794274,-0.007707913624632407,-0.004641590756814277,0.06336251691802011,jazz
0.27586615085601807,0.19640837609767914,0.2696096897125244,0.29759907722473145,0.2645408511161804,0.38858696818351746,0.2546841502189636,0.24308209121227264,0.25044679641723633,0.26052194833755493,0.5685635209083557,0.31600499153137207,23.087971390752255,17.889312192459123,22.9492127677616,23.564361206786632,23.750163088434213,20.49158035083594,36.62503928590924,-0.07878041470113087,0.09086201004146241,0.022765942353665733,-0.05596377644817545,0.004182875035693765,-0.03155453457141961,0.07771677723801237,jazz
0.17542915046215057,0.23192721605300903,0.19195719063282013,0.22957278788089752,0.19471272826194763,0.19869191944599152,0.18008024990558624,0.24040587246418,0.3093098998069763,0.3475740849971771,0.2377423495054245,0.15161588788032532,20.755087650318,20.899905402088915,28.400839361777113,23.356783787095058,18.923963706450227,16.799196047273384,28.250942368413703,-0.16277268786277052,0.033213306045176305,0.06745907239333565,0.13499257121161662,-0.025235895962096716,0.007976050992757094,0.039907645736658934,jazz
0.3765794634819031,0.38068678975105286,0.4234985113143921,0.33604398369789124,0.29952922463417053,0.31347429752349854,0.3137224316596985,0.2911582887172699,0.2769804000854492,0.32072964310646057,0.2911023795604706,0.31042927503585815,25.63550988393826,17.58066598224654,20.075602485550696,20.84786680722159,20.100449069372157,17.675565890167316,37.86973218836699,0.04044119965653677,0.014329700882991792,0.04085288434710745,0.009272515464772773,-0.007838320598731475,0.0004990921681350822,0.058131147887664346,jazz
0.33976343274116516,0.1981949359178543,0.2240874320268631,0.365315705537796,0.3003033399581909,0.2985174357891083,0.30306950211524963,0.4620611071586609,0.337686687707901,0.23839132487773895,0.25407975912094116,0.22984090447425842,22.920482960143733,17.366266891645726,22.51296739406762,21.803629619921665,21.778440264772367,19.575931560040363,34.17801086611064,-0.0403412646057743,0.12145767020739319,0.07600707491126543,0.056608075610227265,-0.0031640152588771507,-0.007173213028771743,0.046179019842420725,jazz
0.531740665435791,0.5320150256156921,0.6489444971084595,0.4808894693851471,0.4520881474018097,0.4519130289554596,0.4155394732952118,0.5485609173774719,0.42633211612701416,0.43660542368888855,0.4704269468784332,0.45739513635635376,15.35640939234192,14.392931169293842,17.755531979735178,17.321057663132184,15.997722369579408,17.22360986344992,31.748383294215834,0.016421210969899156,0.09997285975521807,0.007830624796352152,-0.008995936177988396,0.005743839962741916,-0.006944745922013101,0.18301936811194897,metal
0.4293006658554077,0.5540933609008789,0.5102251172065735,0.5750861167907715,0.4543391466140747,0.45148923993110657,0.46406275033950806,0.404827356338501,0.4533675014972687,0.45091357827186584,0.5069903135299683,0.46793487668037415,19.403412973718837,14.160665705194255,16.154381287790315,16.49133639343167,16.42877880291378,16.420940328623686,41.48180013668562,-0.05145879797980419,-0.04122292588893681,-0.016982324023811342,-0.037559216780111364,0.014013393684266089,0.004141087277179449,0.1528407168406806,metal
0.37112903594970703,0.428695410490036,0.3858335614204407,0.34231099486351013,0.45944923162460327,0.41950806975364685,0.5618709325790405,0.5057574510574341,0.4648014008998871,0.47979235649108887,0.3829672932624817,0.39103665947914124,21.241999562522693,13.811020685648876,16.042782880921283,17.40091446035261,16.51818033446775,17.127339795203994,41.104623582578434,0.02763980191189708,-0.05609266841953944,-0.009218908914085168,-0.002129822105100675,0.007714363879940135,-0.007412932356869913,0.12834093133700697,metal
0.3994632065296173,0.39673975110054016,0.42075130343437195,0.4680453836917877,0.6151444315910339,0.5249317288398743,0.4312617778778076,0.5243730545043945,0.5977606773376465,0.6141310334205627,0.44624975323677063,0.4130432605743408,17.90159012783493,14.6240156453364,16.62095672444404,16.555356738072486,15.511799815358039,16.93436757045267,43.76737427974748,0.04404340632598736,0.01103049429407361,-0.035698023906348096,0.03923250237524438,-0.0057306509708171275,0.002381922118941999,0.16667346408546016,metal
0.5873929858207703,0.6252648830413818,0.6551109552383423,0.5918680429458618,0.5854507088661194,0.6593953371047974,0.6037232875823975,0.6508610844612122,0.6981492638587952,0.7171773314476013,0.6510280966758728,0.5914770364761353,19.542086862219122,13.051032975151632,14.005137962281056,14.492010407508173,15.873422859434523,15.97417346694394,36.53575711884233,0.04206308720060782,0.0382049060968009,-0.022373314102721496,-0.02478969996047431,0.009516653566303645,-0.004678371724689157,0.19235071357791958,metal
0.35933947563171387,0.3713652193546295,0.486592561006546,0.40803658962249756,0.40643998980522156,0.3681495189666748,0.4144414961338043,0.5410577058792114,0.45697805285453796,0.46651431918144226,0.38769689202308655,0.404680460691452,19.21653799090093,15.486666613154341,16.357089406791182,16.267930175521865,15.911029089968109,17.40095647308837,40.897873593553115,0.08217549549372226,0.015926548918971484,0.017495971890447104,-0.006433424896403348,-0.00028120484514940886,-0.008350753746148878,0.13431926116589327,metal
0.34603384137153625,0.35391077399253845,0.33965542912483215,0.4634300768375397,0.4310474097728729,0.590579092502594,0.4850163757801056,0.4341253638267517,0.5390922427177429,0.41927966475486755,0.46245601773262024,0.3426760137081146,20.25709867744227,14.519068682175927,17.935466753513584,19.160763727445133,19.007648130312006,18.276025805390066,40.08849130670351,-0.12253439767799626,-0.01202507436784217,-0.03600264489881231,-0.03208813136364268,0.005952488988343158,-0.007991601776386376,0.1980427965487239,metal
0.5236150026321411,0.5977528095245361,0.653444766998291,0.5890306234359741,0.6256998181343079,0.5895876288414001,0.5275751352310181,0.6000054478645325,0.6913752555847168,0.6091150045394897,0.4862365126609802,0.4842689335346222,20.44968560446989,13.472444853088174,14.62406003950195,15.147003841528186,16.280410636526945,18.397797424550664,39.8989350364455,0.01700777857678949,-0.0152371989289897,0.01716342101943888,-0.0011767101562704455,-0.00034627534720694234,-0.00971181058826908,0.16831088674593966,metal
0.5081091523170471,0.42926889657974243,0.4773874282836914,0.5055545568466187,0.6534095406532288,0.5277858376502991,0.4559888243675232,0.39995431900024414,0.3065212070941925,0.33935633301734924,0.40984371304512024,0.5866380333900452,21.749356399229818,14.607238153571599,18.110866920894022,17.630244822747823,17.730591200426954,18.688109468066962,29.542875969490414,0.10874725318051874,-0.05618694661329026,0.03483274623561482,0.11570474850870982,0.0060370561446961455,-0.044065398074778724,0.14056155742459397,metal
0.5583584904670715,0.5471130013465881,0.645723283290863,0.509720504283905,0.3982214331626892,0.4658992290496826,0.5296031832695007,0.49465882778167725,0.48222848773002625,0.5395200252532959,0.5471441745758057,0.6058278679847717,20.153452896509307,12.065933880443342,15.331814408376118,16.50473160354523,15.322921635705733,15.473293009662331,43.91541089950157,0.033782696483885925,-0.03515213947498776,0.032381510173315496,-0.04698089220649686,-0.0455788010983507,-0.018713339591328242,0.09464725928074245,metal
0.5420016050338745,0.5038295984268188,0.505233645439148,0.4858091473579407,0.49237361550331116,0.501227617263794,0.6155632138252258,0.6378409266471863,0.5697830319404602,0.5520941019058228,0.5414180755615234,0.5559839010238647,21.768897188010936,13.619858249692559,14.619065259376445,14.651739940555101,15.102949659345379,16.32900370842332,43.43186903070456,0.014470393768163408,-0.02945704264891508,0.017637907724023565,-0.015158222651156902,-0.0007063804443019587,0.002324913367297765,0.19649222979505027,metal
0.40858688950538635,0.42784053087234497,0.43762773275375366,0.57625812292099,0.5699744820594788,0.5189698338508606,0.5385360717773438,0.6778832077980042,0.6522210836410522,0.4587548077106476,0.44752037525177,0.41790345311164856,20.547747141810305,12.42476395663022,15.067314858390214,15.76806734884193,15.921802425565215,18.134331938431128,45.35794135310973,-0.04579460339695905,0.0006391694202994666,0.03766243848070918,-0.010336666990990704,0.005000970824598908,-0.0019462446553224872,0.1714403428315932,metal
0.6543586254119873,0.6470447182655334,0.6054470539093018,0.5356047749519348,0.6541061401367188,0.6233938932418823,0.5909419059753418,0.6124283671379089,0.6146574020385742,0.5649149417877197,0.5319162607192993,0.6253746747970581,21.407540310374483,13.552970877971665,14.597868479258311,14.96873406949135,16.33616791479738,16.988975580144945,42.57334698680327,0.07411834780553433,0.023906653659107442,-0.013956933262868577,0.030961468637173722,0.00977288063410975,0.011489766716167674,0.1768272972254447,metal
0.5960684418678284,0.6390541195869446,0.6844154000282288,0.5854604244232178,0.6677009463310242,0.7021040916442871,0.6307993531227112,0.6769262552261353,0.6998234391212463,0.6381474137306213,0.5719810128211975,0.5426401495933533,20.38725669081042,13.079341434157142,13.961115840609148,14.168295791621336,16.088979198579185,16.234826651301706,42.650586038562246,0.043582986928525434,0.036661424784071785,-0.02029519661834633,-0.029380553430097787,0.006472756665099285,-0.0053485583626338585,0.20352264899941996,metal
0.5450294017791748,0.5787041783332825,0.579380989074707,0.5632206797599792,0.600837230682373,0.5777426362037659,0.6434819102287292,0.6043501496315002,0.5037364959716797,0.39799943566322327,0.4557933211326599,0.5815907716751099,21.9892752952582,15.564137721446182,15.665428655351,16.855931561659368,16.703106758688513,17.868048465250517,40.86959053315142,0.09363356777384967,-0.03314563350620178,0.0676467881018651,-0.007498747710216633,0.005853537550029095,-0.006779581892512272,0.18525232018561485,metal
0.4556034505367279,0.36603352427482605,0.405422180891037,0.47405722737312317,0.5209508538246155,0.46535077691078186,0.5756770372390747,0.598738968372345,0.511572539806366,0.4698038697242737,0.45925816893577576,0.5184348821640015,21.111590333863937,13.719102016819045,15.742610547893305,14.388643957526092,15.470430043384503,15.868162896038829,43.069475948628856,0.031308993614429285,-0.033403851593013026,0.04743311622332013,0.02046106171153899,0.0008656981853970055,-0.0013408073175868217,0.16920927892981438,metal
0.4867030084133148,0.5485915541648865,0.5200738310813904,0.5120002031326294,0.5186501741409302,0.40524038672447205,0.3524806797504425,0.4580230712890625,0.5383077263832092,0.664155900478363,0.5784364342689514,0.4399915039539337,22.729271550262172,13.372652419796026,14.047834280835604,15.534268237991272,15.50489679748139,16.692057650195363,43.21824816442527,-0.02151646174438316,-0.012262437800298254,-0.040090732296607645,0.038237665370049016,-0.0001534848965583261,-0.011178253283356844,0.1795621253866976,metal
0.47515466809272766,0.4469711184501648,0.5163278579711914,0.5819807648658752,0.6264347434043884,0.6025794744491577,0.615086555480957,0.600311815738678,0.5850092768669128,0.6096057295799255,0.6662619113922119,0.6482182741165161,13.546835019872098,13.349293112477477,13.654645823560303,14.100655816230642,14.593847512890077,16.20224387176739,42.87953019631705,-0.017176731741269012,-0.006185282873008982,-0.0004897842274470921,-0.008928441064402296,-0.004535086892376552,0.0005679897674448111,0.15871519721577726,metal
0.5556248426437378,0.7156304717063904,0.6398364901542664,0.5711612701416016,0.5142180919647217,0.4580869674682617,0.44403213262557983,0.5920515060424805,0.6703875064849854,0.5786983966827393,0.46736398339271545,0.45965537428855896,21.90088767454326,12.75794630658789,13.824805831728764,13.940118900022062,14.99301302286931,20.875511330909276,37.8635967898845,-0.018375766619358993,-0.032242235621380524,-0.06009303010879155,0.0043976946063306235,-0.0018463845858554264,-0.019039526382246548,0.18026074898491878,metal
0.45920529961586,0.457980751991272,0.49377402663230896,0.547355592250824,0.5886266827583313,0.568495512008667,0.6083308458328247,0.5921134948730469,0.5472860336303711,0.5505086779594421,0.6476119160652161,0.6019400358200073,15.176090530987064,13.403026620203741,13.746177462461588,14.319040886122044,14.963613010509249,16.79815170751939,42.386993251395715,-0.026878225219948225,-0.012127432700383666,0.009541845100384657,-0.0281354070591402,-0.0009577079327277852,0.0032838022398308086,0.16142736731438515,metal
0.40118536353111267,0.406529039144516,0.4494568407535553,0.45470166206359863,0.47893357276916504,0.4873583912849426,0.6026190519332886,0.5714324116706848,0.5524832010269165,0.5312255024909973,0.5052790641784668,0.5108866095542908,14.839257245494876,13.881428363330745,14.461052578792934,14.40837457475123,15.077077482700501,16.489131728800324,43.049735909173215,-0.0031799905123322974,-0.014932749562802456,-0.002801354392522108,-0.0059326864917293495,-0.006634877535149195,-0.006007057043802253,0.15234903688128384,metal
0.5728363990783691,0.4914613962173462,0.5084932446479797,0.516661524772644,0.5884082913398743,0.4832327961921692,0.5038366913795471,0.5717194676399231,0.5299808382987976,0.4687191843986511,0.4964865446090698,0.575283408164978,17.60699030143304,14.963946437638885,16.710068157779272,16.33298838252488,16.233286376073416,16.578120588788842,43.911898228446134,0.0754387253123955,-0.008311059015224213,0.037154655809941234,0.04284557664575306,0.0046059880675886206,-0.010276696952643289,0.19154597471964424,metal
0.25886330008506775,0.3917813003063202,0.31780683994293213,0.3959767520427704,0.6101880669593811,0.31889501214027405,0.24973152577877045,0.2560213506221771,0.4399639666080475,0.6745212078094482,0.30705583095550537,0.21916593611240387,22.581241970464202,14.685667718952706,17.084292844918163,17.392398632385166,16.652845861652175,18.02766089298865,45.24127996612785,0.08283847014949075,-0.04808765238677431,-0.07170195344544536,0.05331830571896085,0.016688635462567502,0.014147769065526278,0.10695209783449343,metal
0.6527073979377747,0.5593609809875488,0.5546222925186157,0.5497829914093018,0.5483174324035645,0.5142399668693542,0.44479691982269287,0.5446658134460449,0.5411096811294556,0.40995630621910095,0.46254390478134155,0.5459659099578857,21.632496415105408,15.504914563111027,16.523276329867628,16.101023089127295,16.29709736847568,18.046176670160126,41.48725886082373,-0.015865042703505576,0.04063012571623693,0.003554771306412211,0.06280797078185588,7.967293650026245e-05,0.013016769920719961,0.131706408908546,metal
0.49326008558273315,0.40114545822143555,0.4649268686771393,0.45234373211860657,0.4898010492324829,0.480306476354599,0.603951632976532,0.5234440565109253,0.41098299622535706,0.39529505372047424,0.4369688034057617,0.5923222303390503,18.605482843096375,14.544712593503831,17.01528972576689,16.79444915228871,16.19633704097958,16.94245552126522,44.32703694058726,0.11848402914500818,-0.06236318294433496,0.10551379879465506,0.0358804700073583,-0.0031841357922421693,-0.025726276709520227,0.12828881779292342,metal
0.42056092619895935,0.35271960496902466,0.4387291967868805,0.588503360748291,0.8091064095497131,0.5401577353477478,0.3361356258392334,0.36831340193748474,0.4003015160560608,0.380119264125824,0.4254979193210602,0.526868999004364,18.871521181251502,14.35500697768021,15.568276262168375,14.74458848273377,16.072623579304356,19.146556331542765,39.28667928378142,0.0340654956637266,-0.04578073718163458,0.06908832179715206,0.054559894709949396,0.02110099661832199,-0.025106759045751326,0.12607323690061872,metal
0.37568041682243347,0.4047166705131531,0.5891051888465881,0.5365068316459656,0.5279781222343445,0.4150068759918213,0.47379425168037415,0.6074028611183167,0.6199873089790344,0.5177175402641296,0.3564186990261078,0.3913854956626892,17.98595460462701,15.957829743190242,15.621073295451913,16.254144725823892,16.984105433865395,18.045623576901477,42.58891056081622,0.03765796629153438,-0.013741374726972247,0.029194853548752703,0.03483904926113526,-0.0008427994793124681,-0.009385664323568093,0.1981458907337587,metal
0.42404985427856445,0.3960210978984833,0.4217507541179657,0.47817230224609375,0.4538455605506897,0.4856143891811371,0.4005977511405945,0.38893741369247437,0.5672429800033569,0.6243731379508972,0.5928167700767517,0.46593397855758667,14.270413447017518,13.989633711411443,15.843665763777024,14.724812606334769,15.22405467937646,16.608533719373465,42.97864832711499,-0.021880650021623954,0.0015548540916906833,-0.01937597104955451,-0.026257921227780593,-0.009527650898216949,-0.002917512156118251,0.1282435016676334,metal
0.4355233311653137,0.4749358296394348,0.3989548981189728,0.5687669515609741,0.516875147819519,0.5312188863754272,0.5243044495582581,0.4410976767539978,0.4855022430419922,0.45264479517936707,0.5774769186973572,0.3656267821788788,19.34234340974424,14.04150915829551,16.679892441297778,16.225939446741084,16.09249868225903,16.736073358653208,44.50792352342858,-0.05896442949932953,-0.00850232405310023,0.021720258261193018,-0.02778469485915744,0.009312387808951097,0.013601683866022318,0.17988877912316317,metal
0.42512592673301697,0.35279276967048645,0.4108530282974243,0.4405078589916229,0.45317310094833374,0.5824543237686157,0.4514910578727722,0.47096142172813416,0.4539107084274292,0.4628644287586212,0.42221778631210327,0.3658239543437958,22.94150840502196,14.511061317420294,17.665045844433674,16.846629511374477,15.867103461820738,16.33710322222055,43.139920572562254,-0.0490347588008647,0.05480844081456062,-0.008975307404568846,0.02160710591191869,-0.012700488584381444,0.003739995205571798,0.16328041920436967,metal
0.6235370635986328,0.5055271983146667,0.4111388921737671,0.40831446647644043,0.6965045928955078,0.5391126275062561,0.3205917775630951,0.3300125002861023,0.36274513602256775,0.39845433831214905,0.3911292254924774,0.56219083070755,24.606330378166664,15.977531069457608,18.201473158346523,17.302981759426267,17.64150432272661,17.279372775544935,39.36645771286387,0.046592218136206696,-0.004804172305862928,-0.035308254055811464,0.08545932427267647,0.0018288438416002438,-0.00730928013062325,0.051180787171307036,metal
0.37966278195381165,0.43894776701927185,0.45457544922828674,0.5905765891075134,0.4146420359611511,0.3339768648147583,0.3411254286766052,0.4148390591144562,0.6071284413337708,0.4828614890575409,0.49867817759513855,0.3994700610637665,22.111893754258958,14.710459708967488,16.377042750527753,15.787399962062914,15.669711404450238,16.086526620880083,43.742405654877686,-0.08147383355547927,-0.03112408161566755,0.03141433767375062,0.0055833772596976675,0.0026386493116070516,0.017340860237732646,0.1251472774071926,metal
0.40259453654289246,0.35216495394706726,0.5133054852485657,0.4601423442363739,0.5967549085617065,0.4561377763748169,0.4385133385658264,0.476992666721344,0.3940644860267639,0.39631354808807373,0.32907432317733765,0.4228086471557617,20.987934143940876,14.50396265457328,16.740794677065317,17.827678454034697,16.72732452135519,18.614521644515126,41.58112666424776,0.08912609898171568,0.016207993952167214,0.026953385199282323,-0.006895015710548766,-0.010048214719433814,-0.006388707582717084,0.1481127344354215,metal
0.5243093371391296,0.374978244304657,0.434773713350296,0.5624876022338867,0.7018149495124817,0.5365832448005676,0.2803555130958557,0.2806127071380615,0.3835240304470062,0.42320817708969116,0.5765821933746338,0.686083972454071,22.627422569946248,14.192865455061394,14.918824810217917,14.897827964048089,14.965562054974734,23.341181014837176,39.69548017726968,0.06821676702459539,-0.04089985302576569,-0.01626598345200799,0.06709764084194576,0.016074502201648067,-0.01978177389948235,0.09999833840873937,metal
0.371746301651001,0.2736392319202423,0.33468541502952576,0.32051193714141846,0.45817726850509644,0.3925648629665375,0.4619973301887512,0.48481088876724243,0.4010782539844513,0.40894418954849243,0.4261836111545563,0.5492374300956726,19.2606742414112,13.779452208124367,16.951654973802246,18.400067723075765,17.011050199923684,17.284761021084847,41.23936742066503,0.07059504205222544,0.008127692560456826,0.05317535817951581,0.03806587035947074,0.010675543089075975,-0.01593132322180182,0.16082730628866976,metal
0.5768526196479797,0.8063712120056152,0.6866702437400818,0.5342514514923096,0.4417080283164978,0.36703962087631226,0.3172684907913208,0.40981194376945496,0.5748460292816162,0.4933777153491974,0.3753710389137268,0.43446868658065796,19.39931475817092,14.28896871619247,14.555643022057422,14.207979783443191,15.511884470405338,16.506354631274377,46.50663913889548,-0.04711873277522061,-0.06956691361828445,-0.1162853010721961,0.04601884713541922,0.021644970707285268,-0.03220903021495931,0.16275324161349575,metal
0.44908520579338074,0.45129555463790894,0.4824569821357727,0.5703798532485962,0.5923893451690674,0.579304039478302,0.5443455576896667,0.52889084815979,0.5580602288246155,0.5137298703193665,0.5125851631164551,0.44637176394462585,21.77596176305564,12.78900485756496,14.790708009776777,14.419443141177618,15.19830215646224,17.245980056086214,42.90931761140629,-0.028742550940150692,0.019732999466419394,-0.00444656638435826,0.005597419218553646,0.002764957761382201,0.004894079611696512,0.16043343363302398,metal
0.4224873483181,0.5922349095344543,0.4753890037536621,0.5627982020378113,0.40876248478889465,0.3288845717906952,0.34156039357185364,0.3057389259338379,0.3306552469730377,0.25782540440559387,0.3362172245979309,0.38821250200271606,18.767200852231834,14.062285852847992,18.163690557411808,18.095006292857885,17.501749581628996,16.223325903158948,41.932140112333926,-0.06745603391296753,-0.06190529162899315,0.02706293569271256,-0.014023991657474371,-0.004254924510261419,-0.0007661840606881231,0.12360086463167054,metal
0.40166839957237244,0.466317743062973,0.5470625162124634,0.5729194283485413,0.6277725696563721,0.5853472352027893,0.43791237473487854,0.39555007219314575,0.40918412804603577,0.4108729660511017,0.40404361486434937,0.3908248543739319,24.53572790754235,15.533478063647145,17.282867204813975,16.01809572058453,18.09862546492569,19.94309901494897,40.52130953876626,0.03923077123716,0.017628426903425986,0.002773781773062482,-0.007291829534745582,0.0003989380483979456,-0.01706749902157961,0.14825774603634959,metal
0.20818448066711426,0.19662761688232422,0.3231673538684845,0.5476416349411011,0.47074833512306213,0.27893730998039246,0.2589225769042969,0.3888774514198303,0.6511040329933167,0.5062339305877686,0.38769254088401794,0.3345194458961487,21.41320888907104,16.99180764534876,18.20408937078747,18.989748886018358,16.84468264605814,17.733801086460872,39.76849458980768,-0.13599241644961746,-0.09276657851681834,0.07829173471654723,0.18084589927115138,-0.03935102250027845,-0.0009877661398661856,0.08823464991782676,metal
0.4192347228527069,0.3808092772960663,0.4111561179161072,0.5096346735954285,0.6751261353492737,0.5767163634300232,0.4819483757019043,0.541519045829773,0.5462954640388489,0.6196613311767578,0.5289329886436462,0.4193253219127655,20.077865936699467,14.72082256376751,14.92323775073168,15.672856809607072,15.514998435369195,17.15039615125882,41.83816452857576,0.033396937489438464,0.004360852605269737,-0.035042286076210696,0.009909706357333042,0.008394492971082237,0.005865901397801938,0.1665242985063805,metal
0.4421301782131195,0.39692965149879456,0.434411883354187,0.4993324279785156,0.558779776096344,0.41302984952926636,0.45349007844924927,0.4904702603816986,0.4983323812484741,0.5149860978126526,0.3701763451099396,0.41243547201156616,21.966414614657175,16.020185441637018,16.265550065307004,16.583734785187755,16.128903108874287,19.251797438840203,39.185724232046994,0.12496761195305335,0.015968752342268435,-0.038050365095492866,-0.007911538927076247,0.005631447337477947,0.005772018080364075,0.1373478888727765,metal
0.3506149649620056,0.33738788962364197,0.32574206590652466,0.3942018747329712,0.5721120238304138,0.44505637884140015,0.34896135330200195,0.4186282753944397,0.6007183790206909,0.6407772898674011,0.44361937046051025,0.3626481294631958,20.32896032535661,15.421012048897664,16.58532983512809,18.1481590832529,16.790734367315775,18.176010627957492,41.1776909317664,0.032602765177653675,-0.05470914058166634,-0.025870442063434668,0.06485375861960692,0.008574653030179853,0.008119678639065642,0.15186113326566125,metal
0.3910905420780182,0.43311500549316406,0.3734167218208313,0.42017045617103577,0.5013431310653687,0.4846663773059845,0.4879058301448822,0.422443151473999,0.4776068925857544,0.4670576751232147,0.3948120176792145,0.40582147240638733,19.88110062068061,14.283440748009527,16.344369722864784,16.881099135289183,16.592446957425683,18.85773873325547,40.343615973536956,0.004187396771707121,-0.0644361683928684,-0.04691449806745313,-0.03912138375356424,0.018412944312953042,0.013408873751341772,0.17726459783449341,metal
0.43202662467956543,0.3545735478401184,0.42691510915756226,0.430883526802063,0.4870626628398895,0.4912399649620056,0.4814712405204773,0.5296461582183838,0.5552486181259155,0.5707990527153015,0.40613341331481934,0.4711631238460541,21.690506419875284,16.400356822837146,16.510933511785108,16.940145449109654,16.092886915099374,17.415178368948443,41.81199216917596,0.038135856675679536,0.022389255568044563,-0.01235998707714728,0.044216510431361114,-0.00028803577318759654,-0.0030675624606716937,0.17120583188321734,metal
0.3805527985095978,0.4136103391647339,0.4398270845413208,0.4558345675468445,0.5282869338989258,0.40460366010665894,0.3977140486240387,0.49244362115859985,0.41864868998527527,0.47845372557640076,0.3570340573787689,0.397457480430603,21.352008488506392,16.459463983048114,17.72607335984867,17.474722739410545,17.460282858067142,19.276561571584587,39.16764427088474,0.08105462241277347,0.03855686886989288,-0.026580214099951403,-0.002818035139009007,0.004021020222021286,-0.003859240052125274,0.14432166292053364,metal
0.5259749889373779,0.50398188829422,0.5001760721206665,0.4616965055465698,0.43768611550331116,0.48942723870277405,0.4083257019519806,0.4359845519065857,0.4379611909389496,0.4651997685432434,0.5925077795982361,0.529751718044281,21.952995187081516,13.5639919266748,16.80952135029092,15.45120799005961,15.24044989971617,16.44464468018531,44.645382786497684,-0.037927852448284935,-0.009161761766827162,0.005526260343903427,-0.01533058043987117,0.006935968379442029,-0.013038313768628308,0.16367995637567673,metal
0.4568102955818176,0.5573737025260925,0.680655300617218,0.5261905193328857,0.4063653349876404,0.4173280894756317,0.3674324154853821,0.33464694023132324,0.36530834436416626,0.4236891567707062,0.3115716874599457,0.3266115188598633,18.524160586913975,13.818720677623986,18.00275227737576,15.368700121380803,15.475696298691016,17.230423395351604,41.88769140015927,0.042327406473756934,0.049303068292214806,-0.013115423083973985,-0.04361326776715741,-0.026223705872484227,0.003401333541081387,0.1781082330336427,metal
0.5218955278396606,0.7678083777427673,0.5199998617172241,0.40405693650245667,0.42505943775177,0.4369698464870453,0.40942245721817017,0.43502432107925415,0.6009141206741333,0.42598894238471985,0.354523628950119,0.4226990044116974,20.838859324079177,13.3785234380988,16.711646745506098,16.33057437966974,16.567611596824104,16.803154832176975,43.516772123904445,-0.04415736983077562,-0.07947106357887584,-0.0654982801840828,0.03524891265335912,0.01436936597433783,-0.013864758369719574,0.1765742821925754,metal
0.5285239219665527,0.6113494038581848,0.5102494955062866,0.42314863204956055,0.5495691299438477,0.42734724283218384,0.419187992811203,0.5301147103309631,0.6099563241004944,0.6628935933113098,0.5145387649536133,0.506422221660614,20.88809088287765,13.209723005888026,16.492444754808883,15.410058580502211,15.399741633743016,16.56322091009053,44.06625741178113,0.07271648116762464,0.013428452282128966,-0.04657981658825475,0.02508888931257783,0.011874226251597396,0.01416621852971541,0.19398775860402165,metal
0.5443347692489624,0.6344395279884338,0.5767465233802795,0.45099741220474243,0.48945868015289307,0.372283935546875,0.37596482038497925,0.45733407139778137,0.5460193157196045,0.6257759928703308,0.4812082052230835,0.4733494520187378,20.134827618697557,13.247703631214403,16.315319083033707,15.226757989706174,15.346726981468574,16.585576238521664,40.58811211135353,0.07068160970716829,0.008845543271914542,-0.03760248400005882,0.017817728405808,0.005286066749729561,0.01370505343262634,0.1774496386794277,metal
0.59361732006073,0.6893788576126099,0.6243605613708496,0.4919542074203491,0.44348466396331787,0.37039241194725037,0.4516136944293976,0.5418661236763,0.5238736867904663,0.5286377668380737,0.441699355840683,0.49971553683280945,19.920127119041464,13.45018224089358,16.770819701336713,15.984679522376588,15.68540565060962,16.18884244034914,41.478834669485785,0.05717918335951479,0.006302895410933092,0.01100611344429286,-0.00445163876901594,-0.0006342312701713946,-0.002852955329601412,0.22838043189288476,metal
0.5368109941482544,0.5265624523162842,0.49875280261039734,0.4502076208591461,0.5385439395904541,0.48231202363967896,0.5010234117507935,0.5796946287155151,0.6149698495864868,0.6405616402626038,0.5251570343971252,0.5118401646614075,19.2327343477253,12.736624222484693,15.849130992879456,15.593280383135111,15.204806256547055,17.057972651750998,37.000418686461416,0.030087800791079106,0.008071124532879476,-0.0647316175669271,0.01780988048108033,-0.01481488373941176,0.007935428687235187,0.16219169929427688,metal
0.5137202143669128,0.5911526083946228,0.48063424229621887,0.4248333275318146,0.5338245034217834,0.37450137734413147,0.36653316020965576,0.46494409441947937,0.548460841178894,0.6287443041801453,0.5006167888641357,0.48636603355407715,20.373276883857883,12.569548951182176,16.96574883456342,15.809433117592517,15.457064501621058,16.45756773495098,41.55434794658005,0.0587106536683944,-0.00047494094333872243,-0.04934030012079943,0.036208701927188836,0.012073172459563188,0.01326928255547988,0.1725668261794277,metal
0.5804811716079712,0.6014359593391418,0.533679723739624,0.5431554317474365,0.43265774846076965,0.4034092128276825,0.45567432045936584,0.5227375030517578,0.5972148180007935,0.5211142897605896,0.4669620990753174,0.4659082889556885,19.91264130410554,13.730814281623065,16.47810985823171,15.290609030715363,15.20926690055548,16.048544574445188,43.65847710740696,-0.04628207965635661,-0.037842438888737936,0.016628513165964892,0.03653179507267523,-0.008997150308378221,0.0016318933047175784,0.19571807932134572,metal
0.5816903114318848,0.5522630214691162,0.5127703547477722,0.44829005002975464,0.4020687937736511,0.42684683203697205,0.5299919843673706,0.4444456398487091,0.45020580291748047,0.4763945937156677,0.519256055355072,0.646765410900116,20.52642021351659,13.877559912536633,17.54378110328978,16.41091580093864,15.490108546119425,16.512501658866153,41.69395608176676,0.04648409373722569,-0.04677909584574422,0.06292013748356606,-0.007990158787494515,-0.02491404577625966,-0.007886640521879932,0.19684040869102862,metal
0.522242546081543,0.5542590022087097,0.45940521359443665,0.4125303030014038,0.42611607909202576,0.38940104842185974,0.4623166620731354,0.4339584410190582,0.4729224741458893,0.45416510105133057,0.44657841324806213,0.5283951759338379,20.03104754807582,13.900901120693137,17.55369397779978,16.06305990830867,15.488667404536933,16.70519733048697,40.737644932397345,0.02092756458226926,-0.05256775564694508,0.02238964077376241,0.03313814033592099,-0.006975204088758371,-0.002484615245360048,0.17930646691318639,metal
0.6456052660942078,0.5574981570243835,0.48881012201309204,0.4063218832015991,0.35819149017333984,0.3275769054889679,0.4424392282962799,0.45261475443840027,0.47794413566589355,0.4869385361671448,0.5234678983688354,0.6825046539306641,20.125281211392043,14.77769934594835,17.481592311283013,16.454164132785486,16.07480927721161,17.92568858791307,40.83566632749383,0.07158804321927192,-0.11373330684700009,0.10921493639675378,-0.004799217116793909,-0.04053352882660254,-0.02246072803489282,0.1437182031854215,metal
0.3754258155822754,0.3797581195831299,0.46062251925468445,0.41220369935035706,0.4789133667945862,0.5263028740882874,0.45215967297554016,0.5773604512214661,0.5505331158638,0.5035442113876343,0.444088876247406,0.37679749727249146,19.516572794170315,13.04998596907666,16.01969041707503,15.75477045117541,15.787686188419594,16.52366164848745,44.757583510997705,0.07205998023957802,-0.0022175198667955935,0.023457087919242694,0.0034038148134692,0.000556101931865969,-0.0004636830724458492,0.1428334058391338,metal
0.296884685754776,0.440703809261322,0.4837418496608734,0.4202161431312561,0.5930985808372498,0.43094319105148315,0.38666707277297974,0.4269507825374603,0.5351649522781372,0.775460422039032,0.4978320896625519,0.322614461183548,20.62639361074379,13.090374853490083,16.538417584991358,15.915264678452163,15.70207394611925,16.77670033608098,44.18802416042422,0.1190938299649126,0.02023233181967099,-0.06305850781961331,-0.025117901422527126,0.0006635632980888286,0.01161762377303398,0.14982190762761022,metal
0.45586007833480835,0.49683070182800293,0.5476557612419128,0.5195035338401794,0.7384586930274963,0.5307103991508484,0.524851381778717,0.5512350797653198,0.5131087303161621,0.5406010746955872,0.45872244238853455,0.607616126537323,19.429935673713487,12.80856070497097,15.490558614297752,14.589186274670723,15.315209614935561,16.852389691231263,41.7679976192995,0.06283175806299492,-0.0544588217437875,0.027614139684541145,0.03404322416973188,0.004800861320954939,-0.01765501989975099,0.1394849218145785,metal
0.4192347228527069,0.3808092772960663,0.4111561179161072,0.5096346735954285,0.6751261353492737,0.5767163634300232,0.4819483757019043,0.541519045829773,0.5462954640388489,0.6196613311767578,0.5289329886436462,0.4193253219127655,20.077865936699467,14.72082256376751,14.92323775073168,15.672856809607072,15.514998435369195,17.15039615125882,41.83816452857576,0.033396937489438464,0.004360852605269737,-0.035042286076210696,0.009909706357333042,0.008394492971082237,0.005865901397801938,0.1665242985063805,metal
0.4421301782131195,0.39692965149879456,0.434411883354187,0.4993324279785156,0.558779776096344,0.41302984952926636,0.45349007844924927,0.4904702603816986,0.4983323812484741,0.5149860978126526,0.3701763451099396,0.41243547201156616,21.966414614657175,16.020185441637018,16.265550065307004,16.583734785187755,16.128903108874287,19.251797438840203,39.185724232046994,0.12496761195305335,0.015968752342268435,-0.038050365095492866,-0.007911538927076247,0.005631447337477947,0.005772018080364075,0.1373478888727765,metal
0.3506149649620056,0.33738788962364197,0.32574206590652466,0.3942018747329712,0.5721120238304138,0.44505637884140015,0.34896135330200195,0.4186282753944397,0.6007183790206909,0.6407772898674011,0.44361937046051025,0.3626481294631958,20.32896032535661,15.421012048897664,16.58532983512809,18.1481590832529,16.790734367315775,18.176010627957492,41.1776909317664,0.032602765177653675,-0.05470914058166634,-0.025870442063434668,0.06485375861960692,0.008574653030179853,0.008119678639065642,0.15186113326566125,metal
0.3910905420780182,0.43311500549316406,0.3734167218208313,0.42017045617103577,0.5013431310653687,0.4846663773059845,0.4879058301448822,0.422443151473999,0.4776068925857544,0.4670576751232147,0.3948120176792145,0.40582147240638733,19.88110062068061,14.283440748009527,16.344369722864784,16.881099135289183,16.592446957425683,18.85773873325547,40.343615973536956,0.004187396771707121,-0.0644361683928684,-0.04691449806745313,-0.03912138375356424,0.018412944312953042,0.013408873751341772,0.17726459783449341,metal
0.43202662467956543,0.3545735478401184,0.42691510915756226,0.430883526802063,0.4870626628398895,0.4912399649620056,0.4814712405204773,0.5296461582183838,0.5552486181259155,0.5707990527153015,0.40613341331481934,0.4711631238460541,21.690506419875284,16.400356822837146,16.510933511785108,16.940145449109654,16.092886915099374,17.415178368948443,41.81199216917596,0.038135856675679536,0.022389255568044563,-0.01235998707714728,0.044216510431361114,-0.00028803577318759654,-0.0030675624606716937,0.17120583188321734,metal
0.3805527985095978,0.4136103391647339,0.4398270845413208,0.4558345675468445,0.5282869338989258,0.40460366010665894,0.3977140486240387,0.49244362115859985,0.41864868998527527,0.47845372557640076,0.3570340573787689,0.397457480430603,21.352008488506392,16.459463983048114,17.72607335984867,17.474722739410545,17.460282858067142,19.276561571584587,39.16764427088474,0.08105462241277347,0.03855686886989288,-0.026580214099951403,-0.002818035139009007,0.004021020222021286,-0.003859240052125274,0.14432166292053364,metal
0.47129684686660767,0.40974733233451843,0.48877155780792236,0.4426092505455017,0.5039236545562744,0.427371621131897,0.38984397053718567,0.41093960404396057,0.4485222101211548,0.4886062443256378,0.48630815744400024,0.6629772186279297,18.423249103934246,14.811131688789793,17.832926440255363,16.01116732550748,16.64780880112707,18.873513280111048,40.06572104285208,0.06383429047409313,-0.022261567750310293,-0.0068819806187172565,0.01940295661886755,-0.012761388934886727,-0.009527102278794716,0.12011605459686775,metal
0.46844959259033203,0.4117898941040039,0.3676619827747345,0.4863834083080292,0.6504554152488708,0.46110135316848755,0.33452561497688293,0.368659108877182,0.4864244759082794,0.614429235458374,0.4544662535190582,0.45212724804878235,18.27973991222717,14.10181442208331,15.41778928561585,16.058162224292623,15.688584241626327,17.81821081265965,39.87716396491593,0.09112485635599675,-0.011708560028453198,-0.08646471058691974,0.067825638998101,0.014712813697328212,0.017011999267845638,0.13070114619586234,metal
0.31346848607063293,0.382532000541687,0.56682288646698,0.5867433547973633,0.6902166604995728,0.544440746307373,0.4147939682006836,0.4087277948856354,0.3899434804916382,0.4178946316242218,0.3439280092716217,0.39070260524749756,18.633660953859124,14.43170195264035,17.174761596307775,17.334514867390652,16.90482479210529,17.88006182791424,40.58269823631431,0.04563014652265876,0.007307668634471409,-0.011472200842291039,0.020270272150163127,-0.002349499590690543,-0.01571223660993799,0.05375889706593194,metal
0.3788054883480072,0.34493038058280945,0.3656921088695526,0.33443892002105713,0.4340945780277252,0.3538826107978821,0.47698360681533813,0.4957784116268158,0.44759440422058105,0.5146252512931824,0.4070766270160675,0.4239017963409424,17.785923661506928,13.838504553507441,18.09666885617245,17.25122404408256,16.857316751010256,17.825891617172548,38.8283313012366,0.01608977562619346,-0.043936987742607736,0.0065640136426669965,-0.006701203871285097,-0.0021989684188242764,0.020659687507851524,0.14284662304234338,metal
0.461333692073822,0.6036801338195801,0.4981372356414795,0.4968554377555847,0.494816392660141,0.4882255494594574,0.4929685890674591,0.44580328464508057,0.5254522562026978,0.4065748453140259,0.4068460464477539,0.4402085840702057,15.760986327670292,13.368596024564571,16.192179536618156,15.338998024651866,15.27525968070676,15.440002880607311,42.97623291770742,-0.01843469157444504,-0.04402699472484937,-0.004324960164374856,0.0031580959734115897,0.006498709172202307,0.009716670268358584,0.15372966816511988,metal
0.39413100481033325,0.48582983016967773,0.5708194971084595,0.4264710545539856,0.39076173305511475,0.5113826990127563,0.5718033313751221,0.5634437799453735,0.4328952729701996,0.3563779890537262,0.31380075216293335,0.3275700807571411,20.36958007347666,15.144088890924406,15.812025031582015,15.70092462076858,15.792239536397734,16.816928235942772,42.64387936908131,0.003431225619245047,0.0476098768595811,0.04847555714879072,-0.04957421699917702,-0.014375592450969775,-0.007400428282409581,0.11677021401295437,metal
0.34041133522987366,0.44614654779434204,0.5494487285614014,0.6893802881240845,0.48238807916641235,0.3292357325553894,0.33950209617614746,0.35111382603645325,0.3700745105743408,0.3922916054725647,0.5119405388832092,0.3590018153190613,20.971264976263214,15.477738769529337,17.236323904480848,16.33592016193122,16.391994351540436,16.34078854448079,40.404855271608994,-0.10662939250276637,-0.009573388892465095,0.03325932746362697,-0.07860481795370124,0.028558819917433184,0.033373238295187055,0.1212886093387471,metal
0.5465254187583923,0.7442505955696106,0.5967743396759033,0.4380881190299988,0.4037702977657318,0.4406487047672272,0.4102460741996765,0.43042922019958496,0.4961841106414795,0.4435400366783142,0.39277270436286926,0.45990604162216187,19.219386668181404,14.599371937393972,16.537721906828942,14.865596095507561,15.451979122843603,16.545366716287276,38.30912510401882,-0.06947975446711947,-0.06770329025300915,-0.09123801213112208,0.06283845849571443,0.015731244295881065,-0.02693978403403214,0.13498352003576952,metal
0.3388592004776001,0.3712669312953949,0.35934731364250183,0.47278308868408203,0.3283310830593109,0.33195510506629944,0.46230605244636536,0.5277988910675049,0.7114007472991943,0.5306999087333679,0.4917793571949005,0.45549267530441284,19.49382931997339,16.810431680703985,17.8654564704104,16.705978571025327,17.513495110011572,17.233502122686396,39.51629451458426,-0.12415245595159316,-0.08444457066041659,0.03689918603405212,0.07099293863396483,-0.03526404596082678,-0.003650813880653816,0.08885850190931942,metal
0.40905869007110596,0.3582780361175537,0.4784975051879883,0.5988070964813232,0.7772716283798218,0.5746971368789673,0.38331520557403564,0.4144327640533447,0.5073502063751221,0.43588826060295105,0.4231141209602356,0.5911042094230652,23.460278632573633,15.04980410486063,15.212700467868054,15.769146225604013,15.215456940946343,18.185465893478238,41.59010164869003,0.05587115685298168,-0.013225952613773018,-0.00881070636604685,0.07742592312787401,-0.0011613865822849595,-0.026587421691789934,0.16249154098994587,metal
0.3942008912563324,0.3612992465496063,0.43913623690605164,0.3928163945674896,0.39848318696022034,0.3745355010032654,0.4418516755104065,0.40833166241645813,0.4831146001815796,0.5842975378036499,0.4960462749004364,0.5166140198707581,17.484014171920954,13.789368668935273,15.932191518832472,15.915092770652853,15.411744621176322,15.757044965549866,43.77233527647849,0.06702321763674013,-0.03669147569495182,-0.008211830877234698,-0.034012872384312456,-0.012792126524471242,0.004877000452903065,0.15991871797660479,metal
0.5024188160896301,0.5196665525436401,0.5725166201591492,0.6676668524742126,0.566933274269104,0.43595150113105774,0.4712848663330078,0.5626916289329529,0.5019474625587463,0.4823812246322632,0.5933152437210083,0.5273164510726929,20.25667992756631,14.384217216896124,15.333575423895725,14.956269016938155,15.414695402272988,15.66138216012266,39.18450847722494,-0.06008512966497786,0.012672775683178705,0.052593132224559073,-0.04449017004636453,0.0023761491158252397,0.0024055215470314317,0.13179062137470998,metal
0.44359245896339417,0.41128626465797424,0.47673511505126953,0.6176919341087341,0.634782075881958,0.4168427288532257,0.3879178464412689,0.3781243562698364,0.4290168583393097,0.5123473405838013,0.43019649386405945,0.5320319533348083,24.49120290500898,13.941214889095358,17.632834552691715,16.750331606650967,16.2239598788707,16.525207789674592,42.93251093740845,0.03790121343028775,-0.04655613369297212,0.05400607529782725,0.014523331575781291,0.00017465337848903708,-0.0014102431475159591,0.14385528446442383,metal
0.4616551995277405,0.5373141169548035,0.5321477651596069,0.48659422993659973,0.577811062335968,0.5721114873886108,0.5314379334449768,0.4549059271812439,0.4080924689769745,0.42144349217414856,0.46829161047935486,0.5131955742835999,24.144893256952436,13.778118420018078,15.669177682285692,14.996927927099009,16.18054374988189,15.487871535110617,44.41109594540188,0.03855251229990703,-0.05130827594280663,0.005298749164138249,-0.034284490927742835,0.011083587399524876,-0.004018245651678371,0.1440546754156999,metal
0.4426884055137634,0.6407854557037354,0.4403487741947174,0.4622381627559662,0.5568565726280212,0.4886414706707001,0.7565763592720032,0.5741632580757141,0.5103825926780701,0.4595944881439209,0.4696952998638153,0.4102881848812103,24.647415604945447,13.28210931907312,15.304300050654017,15.590970219669154,15.890830263708901,17.885128909450902,44.27609575241504,-0.02549589910543597,-0.14900900757361027,-0.03400774883669642,-0.10201684480038896,0.020172324263397975,0.03651804985566395,0.12193549702726218,metal
0.43559369444847107,0.43338510394096375,0.4780859351158142,0.6681922078132629,0.5800024271011353,0.5248111486434937,0.5074192881584167,0.4909254312515259,0.5826160907745361,0.534717857837677,0.5099784135818481,0.41356950998306274,17.838064919080676,13.723984679101473,15.349095549803595,15.636816278484222,15.407648972911733,17.412608181068354,41.3153019129146,-0.05333966774691739,-0.01865622810183277,0.010117890378092577,0.01194307939433924,0.002659589721688508,0.005025682041359598,0.1412658455384764,metal
0.33919110894203186,0.329974502325058,0.4032535254955292,0.4604595899581909,0.695659875869751,0.5916483402252197,0.49871549010276794,0.4401516914367676,0.5192452669143677,0.3857061266899109,0.319538414478302,0.5050980448722839,26.645680604691375,13.57310773188634,16.891019007118036,15.930004087361846,15.517152649384478,17.169559915352504,41.83779783911293,0.037144115849933636,-0.025198867736666013,0.025240232591781465,0.061876738271103335,-0.0062815934554576605,-0.016251982827163076,0.12287165264887857,metal
0.45654571056365967,0.47942695021629333,0.5598987936973572,0.5317525863647461,0.5248849987983704,0.4464149475097656,0.41794297099113464,0.49692755937576294,0.40635398030281067,0.4705982804298401,0.5251367092132568,0.45120278000831604,20.956036553731145,12.821289231439733,15.797472271915602,14.85733238060006,16.21745473194534,16.509579035310267,39.05487476178752,0.016924708214692122,0.03448177981827982,0.01132826028825293,-0.00022275437444645258,0.005128430756261277,0.009577150330558278,0.1385170449052591,metal
0.4268495738506317,0.4362723231315613,0.36472058296203613,0.4450486898422241,0.46221646666526794,0.38153374195098877,0.5202388763427734,0.40481677651405334,0.4278579652309418,0.4475672245025635,0.44418466091156006,0.5324417948722839,23.807784002841498,13.79754789811162,16.579541826994777,16.22287534227953,18.151385594502553,18.26162697035711,43.52511130032914,0.01823527916380456,-0.10342394394547524,0.02641577192215534,0.026918959414207518,-0.0015417925590993965,8.154008321447684e-05,0.1577129555781129,metal
0.46599122881889343,0.36841991543769836,0.3971494436264038,0.46034273505210876,0.41285133361816406,0.49182477593421936,0.4132172465324402,0.47320693731307983,0.379217267036438,0.42818108201026917,0.5037103891372681,0.4197801351547241,17.31644576244075,14.099232688913384,17.010793836453157,16.35537556610042,16.607446447875198,17.186607776712407,41.30838760059645,-0.03899454928910682,0.11283397211635791,0.026943854443089256,-0.01752135185964228,0.014759048811729953,0.008495456034177895,0.15901012966453984,metal
0.4216446578502655,0.49152225255966187,0.5272100567817688,0.5706813335418701,0.6035096645355225,0.5824369788169861,0.513633668422699,0.49590176343917847,0.5030329823493958,0.5605279207229614,0.4999050796031952,0.42951464653015137,20.097312016672262,12.890917701725636,15.837126850840374,14.879635267622945,14.676924455839462,15.00968306556505,40.296242566876856,0.0449711245210562,0.012546266080607351,-0.05742389306408768,-0.039524138885660816,-0.0022345412528740364,-0.0051269170303078985,0.18673944436388246,metal
0.41271883249282837,0.36768868565559387,0.3382495045661926,0.4341043531894684,0.5928274393081665,0.42264583706855774,0.29874083399772644,0.387749582529068,0.4409409165382385,0.5074865818023682,0.4581851661205292,0.39748844504356384,18.94257152930938,15.952386463584421,17.931264462548782,16.2570060242577,17.030022383369207,19.228088301572132,38.72027837363405,0.022786846041084705,0.0018894072416691643,-0.00586541086919376,0.049237596121748356,0.012451742787597838,0.019229620672425306,0.09239202677880898,metal
0.19764529168605804,0.25355952978134155,0.5305768847465515,0.6762836575508118,0.6031668186187744,0.4165951907634735,0.46905720233917236,0.5864338278770447,0.5346537232398987,0.4908437430858612,0.4423375427722931,0.271321177482605,24.180634418696428,13.70063446955143,16.466836128244463,15.317217336236155,16.102440328798828,18.008961561946588,38.09899659668077,-0.21745445619388273,-0.07952507217551609,0.10876768953559449,-0.008917432780430347,-0.0233198891268607,0.05420942357017416,0.046537772500966745,metal
0.4140605032444,0.32226043939590454,0.3653331696987152,0.43300068378448486,0.5035396814346313,0.44257715344429016,0.24686700105667114,0.23673027753829956,0.3613368272781372,0.5294716358184814,0.6484129428863525,0.6192223429679871,26.173567445676003,14.631073816181901,15.454630221453318,16.68984323581032,17.979292035000878,17.78595170174529,41.790769039458574,-0.0038623785966058043,0.001752059704306505,0.005342672163388187,-0.014365097790184595,0.030729434491976043,-0.02664632099548789,0.08463503903228925,metal
0.3514425456523895,0.40469977259635925,0.28600168228149414,0.38113680481910706,0.5319303274154663,0.45227429270744324,0.42885056138038635,0.3288673758506775,0.43184468150138855,0.28370726108551025,0.24221844971179962,0.43873685598373413,20.116337782415386,16.198197622901,18.313823543519657,18.97534698115116,19.2170872980821,18.18903677056793,42.36452662815279,0.012069492813077214,-0.08454585840709258,-0.05841765004193612,0.026932974846576887,0.003396001297863538,-0.005077638410533113,0.1200435487964037,metal
0.28045064210891724,0.3771420419216156,0.5663646459579468,0.42583534121513367,0.36557215452194214,0.25049179792404175,0.22740931808948517,0.2846207916736603,0.30757132172584534,0.46554166078567505,0.3297947943210602,0.22294270992279053,27.07182616355651,16.599402662802678,17.847991434494304,16.447004852800724,16.58544332242026,17.33225047016348,40.738658231121455,0.14617208885886265,0.03979753752141709,-0.04898904550284708,-0.03581896506837676,-0.015787262926795508,-0.006941824604570569,0.09328588735015468,metal
0.3787466287612915,0.34276944398880005,0.41957172751426697,0.4433659017086029,0.5501291155815125,0.5149911642074585,0.5224714279174805,0.5495092272758484,0.45143139362335205,0.3836544454097748,0.3378145694732666,0.43859201669692993,17.77828397541807,15.514381586268293,15.290345775222141,15.683375192386151,15.583586658398037,17.171287820648775,40.68818690980726,0.026884551554951126,0.02142826162817947,0.01620575396541389,0.05117216304791633,0.0007558657054391606,-0.008895873340251529,0.1416087375531709,metal
0.371746301651001,0.2736392319202423,0.33468541502952576,0.32051193714141846,0.45817726850509644,0.3925648629665375,0.4619973301887512,0.48481088876724243,0.4010782539844513,0.40894418954849243,0.4261836111545563,0.5492374300956726,19.2606742414112,13.779452208124367,16.951654973802246,18.400067723075765,17.011050199923684,17.284761021084847,41.23936742066503,0.07059504205222544,0.008127692560456826,0.05317535817951581,0.03806587035947074,0.010675543089075975,-0.01593132322180182,0.16082730628866976,metal
0.5629006624221802,0.6418407559394836,0.5177150964736938,0.4775873124599457,0.5442066788673401,0.5037490725517273,0.5517662763595581,0.49471405148506165,0.518624484539032,0.47323232889175415,0.5252429842948914,0.5399647355079651,26.39585995439883,14.538694333734425,16.380471827572258,16.024353484477682,15.771075779116769,16.680297047619288,43.00897821348391,-0.016667898425538955,-0.08162376286319023,-0.050461187390416475,0.01161048289140611,0.021554015805356087,-0.001702569758415808,0.12111678569702243,metal
0.5053512454032898,0.5261579751968384,0.6645379066467285,0.5875674486160278,0.5357359051704407,0.4916250705718994,0.4748779237270355,0.44061926007270813,0.48182398080825806,0.5455606579780579,0.486668199300766,0.4796887934207916,24.07466108472562,14.401322939918662,16.19243493569318,15.177380069589832,15.723497947274545,16.94856697493398,42.05972808543962,0.06231129170045878,0.028015848396519796,-0.027392808045422868,-0.034390268367639636,-0.02292070774393687,0.01133348620824418,0.12817326167343387,metal
0.5764352679252625,0.48624664545059204,0.5236270427703857,0.43096569180488586,0.47277072072029114,0.44376859068870544,0.4401945173740387,0.446419358253479,0.5295071005821228,0.5790328979492188,0.44605201482772827,0.5272993445396423,25.002749550350103,14.606312795702763,17.485389368957062,15.950652672890547,16.353943908196882,17.81327446944851,41.371613470547985,0.07233089388778359,0.05938935727936054,-0.040060537677094075,0.0018456554759148447,-0.019768135642395684,0.028674199493826647,0.08622601266434649,metal
0.491189181804657,0.5671546459197998,0.5893077254295349,0.4694332778453827,0.4956546127796173,0.5057379603385925,0.5926013588905334,0.6455464363098145,0.4796517789363861,0.42005810141563416,0.40110865235328674,0.4684150516986847,24.327525560766745,14.0796476138953,16.428988719154457,15.876154468363225,16.148588332062356,17.587599284833033,40.24998186201076,0.036964177164222956,-0.04949959814053464,-0.0031528326615044002,-0.041546696269047875,0.003642883546008587,0.023900379299827947,0.11569735474671307,metal
0.5556807518005371,0.5548763871192932,0.6462703347206116,0.5244542360305786,0.5091832280158997,0.5023427605628967,0.4738297462463379,0.5061421394348145,0.48221567273139954,0.5378003716468811,0.43865811824798584,0.4635937213897705,24.561111565179942,13.713602493095316,16.78089126647468,15.79040354530487,15.621059979900254,17.018590812142886,41.76202602234894,0.054598951750057606,0.05396527099494009,-0.013060536036773878,-0.018545067770448443,-0.020318389712505994,0.009282050586585754,0.10796566850348027,metal
0.3835270404815674,0.3272169232368469,0.38980045914649963,0.3257213234901428,0.4620560109615326,0.480446994304657,0.3397778570652008,0.4791315793991089,0.4007170498371124,0.4114338755607605,0.33825042843818665,0.3377641439437866,20.816860183943504,17.115676667289183,20.364610824825423,19.891479050717894,19.02931092409914,18.117199197450162,16.807174847498455,0.04447135289567095,0.07593970091846969,-0.012568616342845548,-0.002447000594502905,0.014359442795723716,-0.0005915998479412709,0.1267201245891338,pop
0.4467492997646332,0.3625299334526062,0.3626062870025635,0.4185846149921417,0.4015088975429535,0.5125418901443481,0.4132656455039978,0.5119891166687012,0.4599575996398926,0.35681024193763733,0.3681908845901489,0.34144070744514465,17.730563053623676,15.648287506284978,20.135929349245487,20.199694998015666,19.355986529547422,18.105172501586193,15.982812740629159,-0.014241812329549092,0.05546684927047608,-0.020380719460414625,0.022858333634896737,-0.0038754962361475663,0.002625247608000181,0.14939442551237433,pop
0.47582218050956726,0.4334372580051422,0.48286744952201843,0.34017327427864075,0.2877034544944763,0.29968783259391785,0.3275807499885559,0.41156384348869324,0.42162585258483887,0.5607321858406067,0.5467192530632019,0.4258135259151459,22.32623871791263,14.937110660151372,19.52468084052855,17.972785942160268,16.482773560764013,15.888376012224231,14.965856525633134,0.0023283473109009076,0.05567604380717658,-0.058316476640204465,-0.007004019018473553,0.017851490310870827,-0.0017387216855978128,0.11886608480761794,pop
0.3730296790599823,0.3387504518032074,0.5640997886657715,0.3675500154495239,0.2707018554210663,0.3219573497772217,0.38615939021110535,0.7105023860931396,0.441339373588562,0.4023943543434143,0.32879841327667236,0.41356024146080017,24.43062573900075,16.479660024101204,19.295949993066753,19.529614121401877,20.69626083312706,27.088198345486425,20.293570819171762,0.13677372692849937,0.20426431257552938,0.09988424207724206,-0.05566012355148223,0.01626764335078431,-0.03373969357953404,0.08532308886794276,pop
0.38014766573905945,0.35780051350593567,0.42703041434288025,0.3334311544895172,0.3956974446773529,0.32681870460510254,0.34935620427131653,0.39353352785110474,0.4225367605686188,0.476582795381546,0.3589262366294861,0.39097994565963745,24.92522719840765,15.165159083080576,17.76289219295181,19.699710958423324,17.831243480059985,17.24971933025321,15.551668706977516,0.08921756481132609,0.02068702223127849,0.008942777319751117,-0.01230849323496084,-0.0025122189987015395,0.0008573719557470216,0.12370886806361175,pop
0.2622940242290497,0.43363410234451294,0.26549777388572693,0.2777467966079712,0.21248580515384674,0.21989907324314117,0.5161406397819519,0.3199724853038788,0.30865147709846497,0.24065916240215302,0.3818797171115875,0.43975386023521423,24.169014064161573,16.38595642061498,19.02559575260299,20.353499631519295,19.3378781931542,19.505932370956987,19.90398355853869,-0.07304644188709354,-0.15480360833576634,0.03724722401112922,-0.052480804292400145,-0.010879479526947625,-0.009864138938001827,0.10673155935808198,pop
0.5529875159263611,0.37999168038368225,0.3228165805339813,0.25776588916778564,0.2783624529838562,0.35218411684036255,0.39221736788749695,0.6124786138534546,0.3793782889842987,0.2756549119949341,0.2602577209472656,0.42935749888420105,23.436277437145147,15.81687822061478,16.54588533507826,18.693237786541477,17.636909099450325,17.18755646356023,15.555829989629403,0.05469613475970325,0.2549222332266155,0.022416485583716426,0.11101741243761719,0.011602682692111744,0.015536027911140057,0.06768001075502707,pop
0.18295930325984955,0.2834165692329407,0.447810560464859,0.22137366235256195,0.12728312611579895,0.13074496388435364,0.17604222893714905,0.20240053534507751,0.21219684183597565,0.497635155916214,0.3331042230129242,0.20550352334976196,19.2088750215833,18.22057047001828,23.54679866825176,25.807748911384518,23.253237381364205,23.87871185134407,17.53201228813597,0.10448408213935328,-0.006611968783299849,-0.10464151082337138,-0.08091239043283133,-0.004343636129612025,0.0130903945914531,0.08230050331109823,pop
0.36861565709114075,0.38456544280052185,0.41135352849960327,0.6037188768386841,0.45576027035713196,0.4011440575122833,0.33865806460380554,0.34271055459976196,0.5286704897880554,0.37144336104393005,0.3380086123943329,0.29993605613708496,21.67086600761226,15.675822427762975,18.6208443184978,19.67121271728756,19.51931835571538,18.396098545494944,16.016070243749176,-0.16498234715402346,-0.037809606611088474,-0.003340957333367943,0.014020422843773866,-0.0005319924977856747,0.013316235324974357,0.12125651041666667,pop
0.4116414785385132,0.541240930557251,0.41286614537239075,0.43760454654693604,0.42456290125846863,0.376971572637558,0.5236552357673645,0.4097740352153778,0.43249624967575073,0.46730247139930725,0.5129991173744202,0.5047825574874878,21.466471931146916,13.39222906495438,16.907452146151694,18.20709537262248,18.083560319185764,16.451104543841883,14.99468143614521,0.0011006275373230217,-0.06310508346154178,0.016947885671283122,-0.023869110978650063,0.004720124004870182,0.005184931778518254,0.1727420485305491,pop
0.308939665555954,0.41892266273498535,0.31748121976852417,0.31786882877349854,0.4953082203865051,0.38152849674224854,0.40786099433898926,0.3210035264492035,0.40179646015167236,0.4834013283252716,0.33484548330307007,0.34714004397392273,24.412624651331726,17.589617614800535,21.201437663078398,20.58706860635515,21.338418192245264,19.083820340748943,16.459584297844472,0.16466320575980486,-0.1051024050631379,-0.10400489700903409,-0.016431028639202268,0.021986604160190718,0.044520152470817954,0.06617287195475638,pop
0.1731383502483368,0.14548957347869873,0.27984818816185,0.09802170842885971,0.1808735728263855,0.2934262454509735,0.16595855355262756,0.3710116744041443,0.21488550305366516,0.4337354600429535,0.2366407811641693,0.11476331204175949,19.78095494811395,22.407180993329796,25.21290926267924,24.243812553779684,21.82405080554429,21.774377625079367,16.923534634077168,0.16168716543829648,0.2788691413675772,-0.07445340946947687,-0.02205888723611735,0.01817325174996219,-0.013025113127006265,0.08708475323859242,pop
0.4202108681201935,0.3592226505279541,0.41133913397789,0.4132596552371979,0.36195826530456543,0.487174391746521,0.33768031001091003,0.3463907539844513,0.33451247215270996,0.39109084010124207,0.41637182235717773,0.3507574200630188,22.221432227405774,15.900942774724339,18.909906647209898,18.768286444980628,19.284349820837253,18.562567683983012,15.929648969487635,-0.0022825647356627065,0.11245037467287763,-0.02206693715736425,-0.008499566384945142,-0.008002911987342614,0.009855460542832574,0.12588517498066512,pop
0.543706476688385,0.3790550231933594,0.3295862078666687,0.2289412021636963,0.2465618997812271,0.32459819316864014,0.31566083431243896,0.3601994812488556,0.3471960723400116,0.3783990442752838,0.4118201434612274,0.4083011746406555,24.756397391866646,20.54102532046047,22.32842327434445,20.08804015128505,20.12360521921185,19.32801782334075,16.434112629478715,-0.028540563127851495,0.268028961364111,-0.04378011398923522,-0.02250125401164296,0.03841057908545666,0.0004074598448452197,0.05164452218677494,pop
0.5171507596969604,0.5005010962486267,0.47068560123443604,0.5539353489875793,0.41259294748306274,0.3390912413597107,0.30473849177360535,0.37444791197776794,0.4139181971549988,0.3789357542991638,0.41657623648643494,0.42942556738853455,15.98697890711419,15.382520896474833,17.785331035153252,16.279433505745747,18.077669867434274,17.10498460400317,16.650299079897625,-0.050029868606118,0.01886566685276473,0.0264619414327982,0.04880212543550972,-0.0024685413563918283,0.005510636954298238,0.08802619574149265,pop
0.5424721240997314,0.4211980104446411,0.4234032928943634,0.40129411220550537,0.30162015557289124,0.3129732608795166,0.36086586117744446,0.44597700238227844,0.34322047233581543,0.3256831169128418,0.3634345233440399,0.3987578749656677,23.442346998083554,14.433133213853461,18.54274643473537,17.63641213555906,17.43958591436041,16.12658213217935,15.605064282698333,-0.007226524074670857,0.04615450389928058,0.07062734797890802,0.047908452925058305,-0.0035055644952475666,0.00853381697657502,0.1415838136842614,pop
0.3961114287376404,0.4426923394203186,0.4083988666534424,0.486187219619751,0.3533451557159424,0.32634198665618896,0.3720000386238098,0.300398588180542,0.33486804366111755,0.3343523442745209,0.45055487751960754,0.4604811668395996,20.608098694815943,17.346992488733193,18.429138556277852,18.216105023677112,17.698797397516586,16.508607760031634,15.23896508144258,-0.07387645650879586,-0.06811401708706921,0.057440887404820305,-0.07389591856696127,-0.005989259020575706,0.017613755784675243,0.1533135150812065,pop
0.39986735582351685,0.4912089407444,0.3689984083175659,0.45550447702407837,0.370289146900177,0.4068029522895813,0.6273548007011414,0.4445611834526062,0.4018819034099579,0.3903021812438965,0.44385576248168945,0.42368707060813904,17.374066802016618,15.37867249753362,16.57487765324632,16.81987926134462,16.745714337165648,16.86715750820097,16.74849245061168,-0.051001540381757055,-0.19490378435324393,0.02318123124153767,-0.11862820368807561,0.010863247539921043,0.04686634190980567,0.12616349151682135,pop
0.474438339471817,0.38627275824546814,0.3673582077026367,0.48578181862831116,0.39259928464889526,0.36721479892730713,0.3067304491996765,0.42945021390914917,0.5332221388816833,0.38102206587791443,0.41737207770347595,0.37864047288894653,22.282596096234524,15.408842310503346,19.580195375575613,19.406732048626374,18.54787013298214,15.990152109987587,14.831899572819614,-0.07007380360326726,0.03242958506889415,0.013520162588608909,0.04262527235411242,-0.0022741750630540705,0.0025847943954181492,0.12767176322022428,pop
0.4867619276046753,0.3867388367652893,0.4956474304199219,0.49854421615600586,0.31750327348709106,0.2853390574455261,0.2972627580165863,0.47512537240982056,0.2972033619880676,0.2459743171930313,0.36745914816856384,0.36559367179870605,20.29324485365906,15.376010253199123,18.328971881166527,18.34540675518338,18.798363639532017,17.33753944210146,15.49440597607287,-0.005963312917901018,0.07324913741358809,0.0569672887397199,-0.009007188578677458,0.003196890024309821,0.009193414424986163,0.15598678883894046,pop
0.5206366181373596,0.3345378339290619,0.4229520559310913,0.46031299233436584,0.34680575132369995,0.3947715759277344,0.3766993284225464,0.5040985345840454,0.41429775953292847,0.37554559111595154,0.4150612950325012,0.3822042942047119,19.844530615031942,14.422671297695524,17.73634085935962,17.112052155990252,17.571596994897153,16.701133048780203,14.656235828423341,-0.037784930544100516,0.056528430266601676,0.014920896360014958,0.02230997403906405,0.0005819708398211861,0.012487943802455317,0.17964142860595514,pop
0.6543005108833313,0.45079708099365234,0.5226455330848694,0.5713006854057312,0.49354949593544006,0.47297167778015137,0.4221668541431427,0.548524022102356,0.49490419030189514,0.4426012337207794,0.48066309094429016,0.49989205598831177,17.936121451694305,14.061197876457598,16.244162547385983,15.527824141086864,16.115451183673652,16.130837509947767,15.055293394117616,-0.029085582430700044,0.046185108044675634,0.0479517795897482,0.03851632360147115,-0.001930011602360191,-0.0005030337838514972,0.18691957596191028,pop
0.5441746711730957,0.42025429010391235,0.4241979122161865,0.3997323513031006,0.3009492754936218,0.3129410445690155,0.36338114738464355,0.4459865391254425,0.34258195757865906,0.32542383670806885,0.3631804883480072,0.4008636474609375,23.427457585973787,14.392374275234834,18.543179934506426,17.706849610179237,17.46098831577898,16.116213935612723,15.60014101325907,-0.009393323787200546,0.04616267719764599,0.06963919921528201,0.05034303965518059,-0.002811501678011225,0.009049659519624158,0.14153094487142304,pop
0.45636603236198425,0.36273887753486633,0.404209166765213,0.4088914692401886,0.4726530909538269,0.40087059140205383,0.34252962470054626,0.4554622769355774,0.3682425618171692,0.35005301237106323,0.31673097610473633,0.38149210810661316,21.276160530122407,16.544000561999322,19.53733802827399,18.229398636745607,18.108530960068684,16.497480847479352,15.026621220220465,0.06117598649034666,0.03750886012587638,-0.005237295987388913,0.026146693910023205,0.00933290099757039,0.006548170756609152,0.1775614184551431,pop
0.3589239716529846,0.4472222924232483,0.3490356504917145,0.39470839500427246,0.4625081717967987,0.3737717270851135,0.43977680802345276,0.42213860154151917,0.5127317309379578,0.44014036655426025,0.33427926898002625,0.3980456590652466,23.540845708340953,14.645395205141874,19.14665634985114,18.610427343789244,18.2765527794689,16.59347909469278,15.365955040125828,0.031225295583336546,-0.08353267156459784,-0.0068981309118128055,-0.009597286350062878,0.002631262758631187,0.005394793822511471,0.14444628226508122,pop
0.334654837846756,0.3204967975616455,0.43649134039878845,0.31975844502449036,0.3421018719673157,0.2535892724990845,0.33604905009269714,0.4473821818828583,0.3003869950771332,0.31511640548706055,0.2693767249584198,0.28805088996887207,23.734989816815435,18.81121880210198,21.155409327183456,19.425882547005678,18.620501900941726,17.50372838778249,15.824221421558166,0.14365184656524665,0.030190182583861653,0.023222271541719575,-0.017409828940964083,0.008305766098411663,-0.003548323059755577,0.10568551213263727,pop
0.46360695362091064,0.2873750329017639,0.31638017296791077,0.24584925174713135,0.3232416808605194,0.2670743465423584,0.2503436803817749,0.5415581464767456,0.39110636711120605,0.3471083641052246,0.24416349828243256,0.34173229336738586,23.054193472312004,16.1480424574783,20.404100964550363,20.438198595478003,20.54393980358932,17.858626277955732,15.555748879433377,0.11583227862122371,0.07227716765566058,0.014471643008666083,0.06935172406877313,0.0009989909257284838,0.011231988518083267,0.10349447747486465,pop
0.3002365231513977,0.37925776839256287,0.4703218936920166,0.32553139328956604,0.3427847921848297,0.3140670657157898,0.4426754415035248,0.4012274146080017,0.33955898880958557,0.4199551045894623,0.3728894591331482,0.4228367805480957,22.257477751200955,15.955906321665886,18.060299373801495,18.049351031497388,18.720273691581514,17.20113448562777,15.138923565780276,0.052216555398942446,-0.03190260754160457,0.051631695021171424,-0.04013848322899612,0.007206705140406632,-0.00942613304414757,0.1018672509425754,pop
0.3218027353286743,0.243337020277977,0.36531469225883484,0.46004152297973633,0.3090392053127289,0.35427069664001465,0.30343157052993774,0.4589681029319763,0.34239327907562256,0.30195242166519165,0.43306684494018555,0.29974791407585144,21.29323270582282,15.482981037926118,19.255323315713756,18.94877784778913,17.729265970309843,15.69866081980501,14.695529784239243,-0.05654573929604501,0.07189537190029499,0.04216408476302615,0.00307700872905262,0.0036102728308736883,0.003776737572718984,0.12120741794760248,pop
0.3696463406085968,0.46934691071510315,0.33672991394996643,0.36936816573143005,0.3380905091762543,0.337586909532547,0.3282662034034729,0.3539865016937256,0.4473732113838196,0.3054988980293274,0.32346194982528687,0.2769366204738617,21.355116147138883,16.937597933544104,19.917245827716588,19.389348562474094,18.74026655206127,16.740571272232355,15.671260891877392,-0.06429340348192229,-0.05138998575440924,-0.05186783637756403,-0.03611125795016535,0.013178795155352325,0.014137517934562829,0.11151920799497293,pop
0.4007236957550049,0.533743679523468,0.2912387549877167,0.37242409586906433,0.2601059377193451,0.3724285960197449,0.25671666860580444,0.28970929980278015,0.4684751331806183,0.3215636610984802,0.4411225914955139,0.2833118140697479,17.1289937107431,15.240058009615463,18.90024370434282,18.5349174171626,18.59857313351688,16.449350897889264,15.306145616258558,-0.13549525264767157,-0.0247703711691794,-0.06135609573184042,0.0012857994872840072,0.014256239497702048,-0.015285318208482382,0.14867918600154678,pop
0.4127972424030304,0.5374293327331543,0.3010021448135376,0.37948840856552124,0.2696351110935211,0.380168080329895,0.2649039924144745,0.30302566289901733,0.4735969007015228,0.3320728838443756,0.44547492265701294,0.2937101721763611,17.233861894769653,14.865518134482837,18.241216647557305,18.563319951079716,19.58690749631935,17.007064330211836,15.156098906351636,-0.13021315502372424,-0.03089590239952854,-0.05928445613041974,-0.00077289431762888,0.012795630353638022,-0.016378226520368293,0.15285733275328692,pop
0.4436199963092804,0.4933566153049469,0.37392523884773254,0.4782639443874359,0.47690269351005554,0.34442585706710815,0.38998153805732727,0.4033539295196533,0.4914371371269226,0.38334888219833374,0.390937864780426,0.4516783654689789,18.657617423058017,15.536690253885096,18.645362053687823,17.341269834519448,17.752863150470894,16.97950167338922,15.764407050474633,-0.036158272763406434,-0.06434215688435167,-0.013634132451831014,0.04587327426894395,-0.0027551225025358294,-0.004434436900009623,0.22864062197892498,pop
0.5449846982955933,0.350976824760437,0.3880205750465393,0.3377131521701813,0.39121896028518677,0.43018442392349243,0.44792017340660095,0.5320003032684326,0.4041782021522522,0.4189033806324005,0.35393577814102173,0.4763958156108856,18.06824462921077,15.147921264404745,17.455933806568915,17.174736762464153,18.04415022618931,16.158495674712828,15.840534201797233,0.04812907273305858,0.06931548527695923,0.024551957044015613,0.054442314162406545,-0.007390880059183175,0.002775911564275368,0.1370099061049884,pop
0.357799768447876,0.26544541120529175,0.3487512469291687,0.30385351181030273,0.29862165451049805,0.47524529695510864,0.29922863841056824,0.3152227997779846,0.2666517198085785,0.39702990651130676,0.4743724465370178,0.2893402576446533,23.89555348611065,15.983498722657735,20.16524723405156,19.721156766108955,19.168202362412195,16.84286938260741,15.258160914870215,0.007831364761843573,0.1601084398815849,-0.06720634707957743,-0.009331032522858829,0.012948509414308047,-0.002990068045422368,0.130993435203983,pop
0.35493260622024536,0.4344771206378937,0.34126535058021545,0.4730933606624603,0.37543484568595886,0.29644250869750977,0.41536056995391846,0.38461920619010925,0.5313690304756165,0.3547721207141876,0.48756927251815796,0.49395355582237244,18.40575974443705,13.474549610760853,16.94407007314154,18.182185329626414,18.618910848337602,16.454557360289396,14.579208719752934,-0.04133486480622844,-0.06586877103222348,0.030649914842009393,-0.006807988745788038,0.0031505342612797543,0.002169198498464082,0.15931563587587008,pop
0.4178078770637512,0.3586178719997406,0.44905078411102295,0.4081724286079407,0.4762350022792816,0.40276139974594116,0.35686904191970825,0.41763538122177124,0.3593496084213257,0.38401365280151367,0.31053024530410767,0.39441803097724915,22.7445634070214,16.130450509497013,20.49320440485903,18.713836587229324,18.618564543063805,17.541091149820474,15.848432568201085,0.021786851807195983,0.05701803484866822,-0.0015897388135686751,0.04168085211402484,-0.004244776455116956,-0.0020215204032389866,0.11505650920823667,pop
0.5543104410171509,0.4820645749568939,0.4842318296432495,0.44543933868408203,0.36022713780403137,0.36685115098953247,0.4201533794403076,0.5202145576477051,0.45461392402648926,0.4515777826309204,0.42846888303756714,0.4554729461669922,19.082680706367366,12.937188588033758,16.319681835737246,15.669453073593221,16.691500406046064,17.194758163283947,15.716170298554886,-0.0029212284851103058,0.03410322232107758,0.05949554640053546,0.03743387988501289,-0.0008127855007968686,0.008420447865393034,0.16480568445475638,pop
0.3209580183029175,0.44713708758354187,0.3371378481388092,0.4100763201713562,0.48883315920829773,0.36075010895729065,0.4053409993648529,0.35647836327552795,0.5366017818450928,0.4366469383239746,0.3574898838996887,0.35048285126686096,24.16881363934769,15.121671379845298,18.48416085149365,17.552244110614517,17.657050372159905,16.10885423010773,14.87607134919721,0.030789417381686026,-0.04069121874841165,-0.05831869910647617,0.018726565033104988,0.010219394205572363,-0.0006879919800296228,0.14650325671887085,pop
0.3900039792060852,0.3441585898399353,0.31432420015335083,0.4259186089038849,0.4463905096054077,0.3264261782169342,0.344649076461792,0.3151552975177765,0.4579373300075531,0.3846193850040436,0.3767721354961395,0.4822978079319,21.222074354815934,16.918772806162806,19.919327507530905,19.322555744803395,19.11641560962459,19.248390497185724,17.409316409748293,0.09951134048497895,-0.11411083923142842,0.02396961768162798,0.11528590904679852,0.01598880456455922,-0.008088620591149514,0.18711179186001548,pop
0.3091225028038025,0.24163497984409332,0.397744357585907,0.3626699447631836,0.21994322538375854,0.31839674711227417,0.1783335953950882,0.21028384566307068,0.1617106944322586,0.2828199565410614,0.5483579039573669,0.2762610614299774,22.520935179602795,16.509051954592536,20.862014221121303,20.880483083858728,22.6781249068288,21.772016649274963,16.70585493439742,-0.052627015356356735,0.12291758264668436,0.033411984457954895,-0.08335997769501054,0.014105521517420594,0.01941112446280348,0.09577563080046404,pop
0.22793793678283691,0.21573789417743683,0.406893253326416,0.327301949262619,0.20763055980205536,0.4090547263622284,0.26182013750076294,0.2503693401813507,0.19469092786312103,0.27559930086135864,0.37548017501831055,0.23562505841255188,25.635319986131588,19.607525029223517,23.800871371360337,22.643520921212488,21.51518225293606,20.759008765902674,18.110774419684475,-0.0706861946907676,0.20432621423580913,-0.0349193182143644,-0.12585756250232902,-0.015936699261091918,-0.011415403621157415,0.07533088324149265,pop
0.352455735206604,0.4652615487575531,0.3230676054954529,0.4091516137123108,0.49566102027893066,0.286893367767334,0.3324592113494873,0.335138738155365,0.4593498706817627,0.3588993549346924,0.35990315675735474,0.37669068574905396,16.807566923103586,15.429971946209763,19.128714793244818,19.18913281721879,19.959597205347837,19.440821342385306,15.144540418486688,0.01689712457788341,-0.10501487121353034,-0.050013850538862516,0.022883218690775982,0.01449823685838382,0.011155451082877311,0.14367213179137664,pop
0.49681323766708374,0.598852813243866,0.44337382912635803,0.4513610303401947,0.3704206645488739,0.4826967120170593,0.4799935817718506,0.4408825635910034,0.514880895614624,0.44237828254699707,0.4999070167541504,0.46057751774787903,22.622416464169074,14.818618909722463,19.379402483575934,18.26988123550468,18.079424043633118,16.512004744924784,16.768979500820542,-0.04753325940545791,-0.09297892847579309,-0.02070627947988388,0.008943347103334545,0.005691955518966354,-0.0014272538926351562,0.10325052566705337,pop
0.48994576930999756,0.4452519416809082,0.4780445396900177,0.5057556629180908,0.39231812953948975,0.35814639925956726,0.4325402081012726,0.5636424422264099,0.4795621335506439,0.4008157551288605,0.4622657299041748,0.4660176634788513,24.246338741637928,15.647446110795704,18.95027955642636,17.688256461614106,17.511690100851354,18.535468963288753,15.569790408635509,-0.027050960818522873,0.0071073508816693635,0.04268463751429372,0.07471006292106447,-0.013024329683893021,0.004904260227027403,0.13560510622099767,pop
0.42126765847206116,0.4014854431152344,0.3599680960178375,0.4066270589828491,0.3887673616409302,0.5051565170288086,0.3611171543598175,0.4683302938938141,0.5160045623779297,0.37732061743736267,0.40401044487953186,0.34372395277023315,22.052679456190667,15.737591166705462,19.302264039914395,19.198814510675213,19.40370513920465,19.445436475804385,16.05328036292198,-0.04823093592973068,0.02332422689161984,-0.02909711423227023,0.05494998269681996,-0.004513804055145395,-0.007807609649650222,0.12496148129350348,pop
0.4269466698169708,0.4044930040836334,0.3623274266719818,0.4079088568687439,0.3913876712322235,0.49959811568260193,0.3566974401473999,0.47290709614753723,0.5193691253662109,0.3817770779132843,0.4092525839805603,0.3486687242984772,23.286126324692486,15.785867336967401,19.596304205333976,19.19952110541961,19.418734767543537,19.18414345201804,16.089976688559684,-0.047272156393159015,0.023792463896885784,-0.0288225034725755,0.0545311498485234,-0.004040205745514032,-0.007922861196406103,0.1221488604505027,pop
0.39207136631011963,0.428158164024353,0.5237886905670166,0.38555455207824707,0.3662268817424774,0.4331125020980835,0.4440558850765228,0.5912674069404602,0.4372671842575073,0.4134065508842468,0.42197534441947937,0.3640041649341583,26.1552774844186,15.999002847120982,18.270416914651285,18.272482300278444,18.356817476225377,16.226962117065046,15.919122907637187,0.06157930055681101,0.0809457779709736,-0.01161387207077354,0.053421339031657404,0.022537408042378526,-0.03366664527628745,0.12735455034319412,pop
0.5633130669593811,0.5011641383171082,0.588146984577179,0.4147760272026062,0.3726293444633484,0.38281750679016113,0.3769955337047577,0.4755668342113495,0.429654985666275,0.5217750668525696,0.4637625217437744,0.4891575574874878,16.66560887461093,12.493381597919473,16.59558385763844,18.159096140642916,19.202393825017893,18.090139777321056,16.253162143987296,0.047702657955356526,0.031845765620229075,0.025338551509269606,0.010202219532564763,0.02536121687510588,-0.020699975453173102,0.2106100909947796,pop
0.2730422914028168,0.3933505415916443,0.2520065903663635,0.3111113905906677,0.22763024270534515,0.3447854816913605,0.417850136756897,0.29490286111831665,0.38990989327430725,0.31771281361579895,0.34991922974586487,0.3010898530483246,21.45138754591927,18.38400317741486,21.69255193388413,21.24619895103208,20.260431555523567,22.817706776360236,16.795732646580092,-0.18981731196980073,-0.21587268995968487,-0.0012799709313603943,-0.06848991480357054,-0.0018590343833935204,0.031819071119657684,0.06611396099187936,pop
0.4535827040672302,0.5033276081085205,0.41763585805892944,0.3704128861427307,0.4169430434703827,0.356025755405426,0.37096354365348816,0.3342455327510834,0.4061627686023712,0.4680117666721344,0.40694427490234375,0.4636169970035553,25.000564385209653,16.586386006990438,19.972229654583714,18.712884261440724,18.604045159002816,18.441523557747352,15.733008824137654,0.05800389338308235,-0.07156505658512713,-0.024044452291284837,-0.009755813312837371,-0.0007997062625393312,0.0020671083004129742,0.11862590934358082,pop
0.41928935050964355,0.47494471073150635,0.5471357107162476,0.4212130904197693,0.44147709012031555,0.4326258599758148,0.4765494763851166,0.5810178518295288,0.4196997284889221,0.40157705545425415,0.3757324814796448,0.37299996614456177,18.549394468602845,14.32934929959724,17.28230610440452,18.082264076208656,17.984717327565228,16.866022926094416,17.717471531046602,-0.014254587941134239,0.08700101018188612,-0.04658240446358454,0.041694396700528304,-0.0069507638535612854,-0.028113585707356274,0.23009564723511214,pop
0.4187864363193512,0.41753122210502625,0.46752914786338806,0.5517486929893494,0.6277551651000977,0.5849555730819702,0.5534483194351196,0.5491827130317688,0.5356538891792297,0.54830002784729,0.5008394122123718,0.5188301205635071,20.724619270906697,14.140780169878822,18.48843337726064,17.00509468588508,17.91709471096122,18.864946534440254,14.70213220034022,-0.017137676673450425,-0.022943143377826387,0.029859273029636663,-0.006317231105460966,0.001106782797084181,0.012498488980694772,0.15602568517981438,pop
0.25957226753234863,0.20845530927181244,0.22560518980026245,0.24268460273742676,0.26481613516807556,0.2850777804851532,0.36375489830970764,0.26658087968826294,0.2321956902742386,0.28101488947868347,0.30970001220703125,0.3891001045703888,21.28682729624488,20.55806579118132,23.08880327708595,20.490204432107102,20.300353486633195,25.30292561341434,17.153000184188773,0.03718761620580469,-0.016256161103780104,0.05772557717006802,-0.012386294047233968,-0.007461484482683477,0.017419903792479787,0.10692755159996133,pop
0.49950259923934937,0.4163398742675781,0.35987281799316406,0.45219555497169495,0.4149671196937561,0.4168124794960022,0.3705134093761444,0.45781409740448,0.3406451940536499,0.26827239990234375,0.33101820945739746,0.3554571270942688,18.82921485425573,16.511744369068417,19.981798732971235,19.54944031377515,17.865813535080353,19.11007960228481,17.24237566924323,0.02307903039045122,0.03187870648623031,0.07353016501256561,0.1017277053329007,0.03497047479469686,0.017601787091945202,0.13598953801720803,pop
0.4564961791038513,0.4181686043739319,0.38871243596076965,0.3683658838272095,0.3409472107887268,0.31135961413383484,0.3306330740451813,0.4070405662059784,0.5303871035575867,0.570101797580719,0.5233193039894104,0.5513066053390503,20.4345690337441,17.928656858559663,18.59091973588807,17.471387042281155,17.419409226666374,15.520504329307332,14.757941665094053,-0.07274047415512955,-0.028204266453556753,0.041080476188915326,0.0822791713163867,-0.024907687873932403,-0.03570068809538734,0.16747971348124516,pop
0.4516662359237671,0.4741782546043396,0.4499627351760864,0.5491665005683899,0.47550204396247864,0.397022545337677,0.3794761598110199,0.4539104402065277,0.6138726472854614,0.5616922974586487,0.4454694986343384,0.42683786153793335,21.259738827853706,17.324856987378617,18.41709102800033,18.2568497489883,18.535513020475292,18.670945842475053,16.313969706106086,-0.04508480241213353,-0.010322908899815741,0.005272711280009559,0.07099972803459688,-0.0023105659084028157,-0.008727083889312303,0.14555350625966745,pop
0.4064481258392334,0.4392581284046173,0.5190939903259277,0.606848418712616,0.6056215763092041,0.5533206462860107,0.5430432558059692,0.5266904830932617,0.5475316047668457,0.5063856840133667,0.5261124968528748,0.4419000446796417,21.445734991354357,14.348868641139184,18.864079162138157,17.153273782584847,17.364106260416666,17.727036585137096,14.707838572043068,-0.017539620477923505,-0.02476662815806228,0.02867193061898737,-0.005201463033687017,0.0017961907757807936,0.012526084120981029,0.15405896534222738,pop
0.4045260548591614,0.5364112854003906,0.39728599786758423,0.2783563435077667,0.2521831691265106,0.23305127024650574,0.34684333205223083,0.2656587064266205,0.36921724677085876,0.3702596127986908,0.28046154975891113,0.3461829423904419,19.486970430037164,17.561385734558687,19.65025656878996,19.246398425065113,19.25276950240386,19.318807855958752,15.5406392870253,-0.005809788225565923,-0.092475130401904,-0.0727535175578777,0.006501492755364627,0.008194225416269183,-0.0026653666644913853,0.14566604130413766,pop
0.4556562304496765,0.476397842168808,0.45314615964889526,0.5538045167922974,0.4802483022212982,0.3999483287334442,0.38061413168907166,0.4529169797897339,0.6125279664993286,0.5636571049690247,0.44738641381263733,0.4308808743953705,21.97864603033204,17.53591385182167,18.720577939408106,18.255634706695847,18.34767076881505,17.308976490444064,15.772322499016132,-0.04582991362187331,-0.010842681381188077,0.004963339242308534,0.07201640695846319,-0.002192024562072985,-0.00866935179768344,0.14473441729505027,pop
0.49950259923934937,0.4163398742675781,0.35987281799316406,0.45219555497169495,0.4149671196937561,0.4168124794960022,0.3705134093761444,0.45781409740448,0.3406451940536499,0.26827239990234375,0.33101820945739746,0.3554571270942688,18.82921485425573,16.511744369068417,19.981798732971235,19.54944031377515,17.865813535080353,19.11007960228481,17.24237566924323,0.02307903039045122,0.03187870648623031,0.07353016501256561,0.1017277053329007,0.03497047479469686,0.017601787091945202,0.13598953801720803,pop
0.5461314916610718,0.43444105982780457,0.36224299669265747,0.38385915756225586,0.32097846269607544,0.33467546105384827,0.33256101608276367,0.4644428789615631,0.5506314635276794,0.567511796951294,0.6294321417808533,0.5414682030677795,19.84358534155504,17.534036509463206,18.482041024675606,17.708389690038782,17.290996584790093,19.382711662850515,15.044206816010599,0.02387450336890238,0.029529749188737287,0.02092416971858509,0.015591033300051786,0.018780554868807784,-0.001987464494040812,0.11193838215390564,pop
0.22601547837257385,0.22873693704605103,0.25896406173706055,0.31268197298049927,0.2644982933998108,0.25264090299606323,0.2790288031101227,0.4633961319923401,0.6908533573150635,0.40567338466644287,0.28514474630355835,0.29035502672195435,17.9495236933757,17.61892143607788,23.99174977545534,23.729322881558716,22.366520550218606,20.115578477143927,25.741609775927177,-0.06989582431682971,-0.0073872054823292494,0.06395053704631523,0.044287275391856215,-0.0019389705067221342,-0.015166416769661434,0.09815737081883218,pop
0.36211517453193665,0.251391738653183,0.2739158868789673,0.2429100126028061,0.24911116063594818,0.4368458390235901,0.40573400259017944,0.5009725093841553,0.38340646028518677,0.22402068972587585,0.25158461928367615,0.21795311570167542,21.48117215863971,18.18929275628712,21.224851883712322,19.95543962298772,19.733640658821063,18.221596590559656,16.119727573605765,-0.04422581987472255,0.09822212465167174,0.05938010285439187,0.0662834417386079,-0.002032233713551701,-0.01810335377605785,0.07461564373066512,pop
0.3236887454986572,0.2302616834640503,0.25463443994522095,0.312850683927536,0.26451846957206726,0.2121582329273224,0.25080588459968567,0.41068097949028015,0.5206125378608704,0.48059993982315063,0.5129789113998413,0.3833691477775574,18.175845975169967,13.755850424646496,18.877808982575036,20.483828795779342,19.555844751869095,19.684794654605067,18.155961999617844,-0.030695245002956884,0.031575788363321096,-0.006560386111348048,0.026069026847700412,0.000506980771466032,-0.0039042948249277346,0.20587380063321734,pop
0.3532651960849762,0.23276634514331818,0.23716937005519867,0.23720210790634155,0.28912410140037537,0.4508536159992218,0.39425480365753174,0.497666597366333,0.3903450667858124,0.37749576568603516,0.3966682255268097,0.29414042830467224,18.302071791405403,16.42387925706407,18.90708670470104,18.027086694725416,20.12723433559969,17.30737441698619,17.444601554281434,-0.04183317010561285,0.1105652148631505,-0.0369012233515236,0.01656751609742236,-0.01572949402776784,-0.015015557162357045,0.10012635646268368,pop
0.3597986698150635,0.3395640552043915,0.40385016798973083,0.3669874966144562,0.42194274067878723,0.43779709935188293,0.28395625948905945,0.3102095127105713,0.34192201495170593,0.3522542119026184,0.32096943259239197,0.313118577003479,20.362617059117586,17.355336571650216,20.92875288653396,20.445159760858402,20.871239548543073,19.785659498139992,15.746831403057968,0.06585439679693907,0.06418098407178331,-0.039950827055964436,-0.03208252481182753,-0.029113803721612926,-0.0050051004718772996,0.0997370154195669,pop
0.37904974818229675,0.3872392177581787,0.5467226505279541,0.4881265163421631,0.5031341314315796,0.4261709749698639,0.4222584068775177,0.5205481648445129,0.3969188332557678,0.41296273469924927,0.41915130615234375,0.4641103446483612,17.64477759208121,15.420194823743033,18.630913119681797,17.311663828936265,17.332383661105464,16.923016210864347,15.382297860923726,0.051311473827833756,-0.005194459629160769,0.022772070732074177,0.03701722118153598,0.011990214117098915,-0.006594706618436662,0.1909561098221191,pop
0.3457673192024231,0.39692050218582153,0.45723482966423035,0.4441184997558594,0.44702643156051636,0.40205463767051697,0.5572285056114197,0.34792834520339966,0.32460176944732666,0.3915049433708191,0.3699719309806824,0.4046436846256256,20.079766636474425,15.883507797594639,18.237794056115064,17.666586053127812,17.99222716310427,17.249154644078324,15.708507236810803,0.06772983742169693,-0.015407629949859197,-0.018318725396913108,-0.09605597590628585,-0.023811777382125466,-0.002782849215182824,0.1549981420388631,pop
0.5173291563987732,0.403755247592926,0.447053998708725,0.513870894908905,0.6827664971351624,0.47510144114494324,0.4212428331375122,0.42367613315582275,0.44540977478027344,0.4837580919265747,0.5091402530670166,0.6401311755180359,19.426253842853797,13.02663594205897,15.415973558542706,14.344233730831439,15.533673169747386,16.171300289552942,15.47811982131441,0.006585790370745124,-0.022722575944217175,0.013545243017669004,0.018485980772478584,0.007816492417723501,0.0012359310597706158,0.09544520072022429,pop
0.5118890404701233,0.43821898102760315,0.4906156063079834,0.3427142798900604,0.3490291237831116,0.38872092962265015,0.3473845422267914,0.4318804144859314,0.45568910241127014,0.6308072805404663,0.4342198669910431,0.42685237526893616,18.666514608994003,14.685489574660213,18.726685712541965,18.322914512784685,18.024103399096248,17.183500864192673,15.52131571649704,0.05270648045111751,0.06656554671197255,-0.046429385019830766,-0.026625147959461047,0.008567415834735437,0.008442335813223447,0.13640418056361175,pop
0.37904974818229675,0.3872392177581787,0.5467226505279541,0.4881265163421631,0.5031341314315796,0.4261709749698639,0.4222584068775177,0.5205481648445129,0.3969188332557678,0.41296273469924927,0.41915130615234375,0.4641103446483612,17.64477759208121,15.420194823743033,18.630913119681797,17.311663828936265,17.332383661105464,16.923016210864347,15.382297860923726,0.051311473827833756,-0.005194459629160769,0.022772070732074177,0.03701722118153598,0.011990214117098915,-0.006594706618436662,0.1909561098221191,pop
0.503180205821991,0.4225102663040161,0.4595005512237549,0.45010289549827576,0.4270085096359253,0.4661720395088196,0.4296863079071045,0.5348104238510132,0.5464290380477905,0.4783462584018707,0.5238177180290222,0.5266505479812622,21.796614249208353,12.430446673201025,14.70869152174674,16.227984504855016,16.42915776806411,16.62652848383697,15.280877856854465,-0.01932478875619004,-0.03269271067002111,-0.00545548008321296,-0.006556541253420623,0.003094779571189126,0.004320407547388009,0.13159538440158547,pop
0.3442322015762329,0.4773416519165039,0.4613146185874939,0.38329434394836426,0.4305345416069031,0.36027076840400696,0.5956787467002869,0.4065842032432556,0.35410189628601074,0.4646134376525879,0.3705037534236908,0.43413475155830383,20.139989904983544,15.154152297453185,19.015371716219928,19.19334864004831,17.649665478647023,17.269375710788037,15.490462639104761,0.08995250897302993,-0.04608484642055582,-0.03161814794872093,-0.11137822710412683,0.004224148581217091,-0.0026903452869570495,0.16179669373549885,pop
0.39070409536361694,0.3243408501148224,0.3921884298324585,0.3220340311527252,0.35037657618522644,0.2880619168281555,0.4484510123729706,0.2958877384662628,0.23591865599155426,0.2973516583442688,0.3525242507457733,0.494893878698349,21.053898846871565,18.020162085194944,20.924940943148844,19.642850741179313,19.159107035241167,17.917886901228183,15.449827129996127,0.05914773312778762,-0.018503101509360766,0.03230397059018172,-0.008884915928604971,0.001906820227523697,0.00017423989584027747,0.130859375,pop
0.41068771481513977,0.4707351624965668,0.4785502851009369,0.3854961693286896,0.41590020060539246,0.33930742740631104,0.469413161277771,0.3333679139614105,0.32575637102127075,0.3887830078601837,0.4021388292312622,0.49195554852485657,22.866095224316506,17.644386795704385,20.118748404887185,18.761492290125865,18.791765478566752,18.792614075425558,15.48721899007269,0.047503676861744594,-0.02858359036482358,-0.015805848488801795,-0.09018143544755794,-0.004739777890686227,-0.004732866302256486,0.1591457004060325,pop
0.4100647568702698,0.5051616430282593,0.3564026355743408,0.4055105447769165,0.47013771533966064,0.4964800775051117,0.578679084777832,0.493683397769928,0.5314857959747314,0.5526341795921326,0.44513025879859924,0.4609726667404175,22.20837800777307,16.907783190357783,19.284465160621338,18.56671958862923,17.648144527663288,17.26707693834335,15.828375183796915,-0.03306511416603466,-0.05449932053004253,-0.07670528267071591,-0.0767775308945824,-0.018982849416640187,0.03748473061330772,0.14274050778228925,pop
0.45437660813331604,0.4109518826007843,0.4789232909679413,0.44702035188674927,0.41102802753448486,0.49324285984039307,0.4226779043674469,0.5059918761253357,0.4458829164505005,0.47932225465774536,0.42594462633132935,0.3672482371330261,19.38220471737568,14.836270039314801,17.39808162481397,17.98519535426927,17.995295888643827,17.723780205888662,15.27484751124318,0.014059749731301021,0.029040515918973303,-0.03995666826217337,-0.0021949037981541727,-0.0014552872954199498,-0.0015505716771503331,0.21382753589037123,pop
0.4079269766807556,0.44812333583831787,0.4443952739238739,0.49174490571022034,0.3755345940589905,0.35816457867622375,0.4669574499130249,0.46853187680244446,0.6190835237503052,0.5028295516967773,0.4500058889389038,0.4266476035118103,20.215100647690747,15.514383406000302,17.51996607640277,16.78713267520581,17.244467123191892,18.929376810097715,15.65194488676226,-0.024008388014305077,-0.010212422796467297,0.01759348221682122,0.02018297257727284,-0.0008835115634899951,-0.005358031621182646,0.14262155295340295,pop
0.40528032183647156,0.4967261850833893,0.33640339970588684,0.34178978204727173,0.3445000946521759,0.2955045700073242,0.4067879319190979,0.28426888585090637,0.255533367395401,0.2009384036064148,0.318737655878067,0.536571741104126,25.090741139261358,16.108282834882907,19.181267543036462,17.96628712580052,17.84645155976968,18.580232411431425,15.83168885706052,0.0003448999880486066,-0.07917719191846913,-0.0033647705543694063,0.01295203537221375,0.004978854313860133,-0.011565577190539354,0.07252581508604021,pop
0.39151230454444885,0.429697185754776,0.5247284173965454,0.38569796085357666,0.366340309381485,0.43385615944862366,0.44559744000434875,0.5933114290237427,0.4386855959892273,0.41301479935646057,0.4182511270046234,0.3617902398109436,26.118820456128567,15.96710405153493,18.615707602533323,18.31881928255974,18.274899432713795,16.233254782363733,15.976248981673507,0.06444823483806553,0.0785191041766744,-0.010317904459801469,0.05386508895445833,0.023850103301665152,-0.033032374574830894,0.12755734000386698,pop
0.45046117901802063,0.32306423783302307,0.40916022658348083,0.3304380476474762,0.4069056212902069,0.536232590675354,0.35431912541389465,0.4210398197174072,0.3167291283607483,0.37989094853401184,0.2537729740142822,0.25769487023353577,26.033626504071663,16.124413823092166,18.815293405929484,16.622692546309363,17.062719492350013,18.374855289324152,17.030538804756716,0.05818114849583421,0.13806355721367283,-0.057319572947383525,0.027064835601568835,-0.024049693594218855,0.008758327115020278,0.08596620021268368,pop
0.5788321495056152,0.4060240387916565,0.3550989627838135,0.3229577839374542,0.4103894531726837,0.4092184901237488,0.4587833881378174,0.4553738236427307,0.41969165205955505,0.5170385837554932,0.5830180644989014,0.627669095993042,22.234648835988953,14.99162290102561,17.893954225066572,17.000075372452226,17.313225963579203,16.595736520193697,14.800974933843023,0.04967356996323969,-0.0730410483645614,0.028968567790698306,-0.01441130828910461,-0.01723262070910398,0.0051876115767545946,0.1003438738640758,pop
0.33359575271606445,0.29100432991981506,0.2473382204771042,0.43236446380615234,0.2793741822242737,0.2822529375553131,0.1982409805059433,0.345496267080307,0.31648752093315125,0.23182186484336853,0.36664900183677673,0.253265380859375,21.29124042930227,17.412279001256348,21.29997051160602,21.26349345354767,19.408430060136702,17.510608266616718,15.30152662248773,-0.14926111071897194,0.05344505435424569,0.02458166127213418,-0.023410527351076862,0.029094868043673658,-0.0061299328051927365,0.08426080336426914,pop
0.45811086893081665,0.4273303151130676,0.5451751351356506,0.36476168036460876,0.3272574841976166,0.2692109942436218,0.33888670802116394,0.44117555022239685,0.4102407991886139,0.5237699747085571,0.4088757038116455,0.393905907869339,21.282790698033846,18.541468403395523,21.55069677070189,20.047288796860833,19.503446037476778,18.58711767249758,16.268492619422915,0.07500033086545534,0.015566294773529448,-0.030082859196149257,0.03866798320118179,-0.013283150511011194,-0.0034039645538249497,0.13584263824439288,pop
0.35904428362846375,0.3958703875541687,0.5568016171455383,0.369006484746933,0.403913289308548,0.3799956142902374,0.4664064943790436,0.5865885019302368,0.49214431643486023,0.5586355328559875,0.38573265075683594,0.372547447681427,19.66214281428755,15.607270132498723,18.93958757399857,18.841898099178884,19.66693558191605,19.046065970709666,16.428465014071058,0.07375415398243156,0.05976379937366249,0.08943220614315182,-0.025452154648201546,0.03572388180721766,-0.013913958165247172,0.12202575164346481,pop
0.2460414171218872,0.3333856463432312,0.42152276635169983,0.29740893840789795,0.41508933901786804,0.2949095666408539,0.47990697622299194,0.5316717028617859,0.4045117497444153,0.5222784280776978,0.3397877514362335,0.3654627799987793,20.531860630294616,15.171049841813554,18.383115845903315,18.56084060398013,18.075726171241623,17.730779208418046,15.329542782107788,0.08520600347247655,-0.005179474740622252,0.022099075504713166,-0.03998616960962805,0.02042841833233304,-0.003500869252761424,0.18515413524748647,pop
0.2536511719226837,0.32105129957199097,0.5686087012290955,0.36796966195106506,0.30671364068984985,0.258183091878891,0.35488060116767883,0.5720515847206116,0.3579026162624359,0.34442102909088135,0.26317358016967773,0.2602328658103943,23.603246006477132,17.411812394127043,19.139956342025247,19.5820230696742,18.680871692042032,16.66043344991672,15.333461266672446,0.15017182161552495,0.07993478289422727,0.07810749518645421,0.04444904502752035,0.026136502517246026,-0.03288929513529549,0.14645907349671308,pop
0.3663841187953949,0.43803632259368896,0.57131427526474,0.44444361329078674,0.41602209210395813,0.40214425325393677,0.4279620051383972,0.42716744542121887,0.3857688307762146,0.511681854724884,0.4054267704486847,0.3802284002304077,15.69811622730494,14.487102327023043,18.244991381633064,18.366451083075603,18.557607871897307,18.22352591239943,15.34019965862327,0.04134147234706646,0.015330952587575901,-0.016043886179299065,-0.07435506675752539,-0.01646491308332149,-0.0027015500738697806,0.17195732429427688,pop
0.36976414918899536,0.4307521879673004,0.6147611737251282,0.4489002525806427,0.4537867605686188,0.4576348066329956,0.5239962935447693,0.4170585572719574,0.35848960280418396,0.45676594972610474,0.3672105371952057,0.3450494110584259,18.23449172388885,14.921659492490198,18.261799785118885,18.57495919615623,18.460048232849115,18.69452778628986,16.293345352416576,0.038203484122504044,0.020070709250281604,-0.0697959583160473,-0.04050379461549051,-0.010967505636872672,0.004717516135539627,0.16564063406322505,pop
0.25396326184272766,0.3203811049461365,0.5696117281913757,0.3701167702674866,0.3072660565376282,0.2589535117149353,0.35426974296569824,0.5742343664169312,0.3606646656990051,0.3451347053050995,0.26344066858291626,0.2602636218070984,25.686270344713833,17.505005578238517,19.521457286779615,19.75518228998312,18.544967873458173,16.32033570799004,15.427577239775449,0.15171753996991524,0.0806223801551516,0.0799060667298117,0.04412347605496585,0.026573645002247747,-0.03286817330058172,0.1475236248066512,pop
0.4326867163181305,0.4921499192714691,0.39429110288619995,0.4292527437210083,0.3577905297279358,0.4062938392162323,0.5192269086837769,0.4181208908557892,0.428470253944397,0.36396080255508423,0.43487265706062317,0.41776227951049805,20.41852448416638,17.28239923149886,18.701519380323095,17.748517296784186,17.335905666493986,15.45699300793432,14.780178909097685,-0.033740825516361324,-0.07067067867747422,-0.024026146899024353,-0.008597448969523943,0.012085279869267227,0.001970328086639989,0.16674106063901778,pop
0.5666818022727966,0.46883082389831543,0.45369017124176025,0.3632374107837677,0.3965105712413788,0.4366717040538788,0.4897598922252655,0.5611795783042908,0.5136048197746277,0.5050269961357117,0.5247310400009155,0.5689965486526489,23.603793370452443,14.692123110376434,16.96068446078047,16.955085433544713,17.961698021663373,16.440006323178057,15.577457635859796,-0.019537905246218748,0.05989738161121711,-0.003478859352453646,-0.010394168698588665,0.012100430010525716,-0.010147276179334107,0.14528500821732404,pop
0.6426358222961426,0.44537782669067383,0.46406757831573486,0.4200116991996765,0.325854629278183,0.3823358714580536,0.32502418756484985,0.47061339020729065,0.3597943186759949,0.3192075788974762,0.3794698119163513,0.4517431855201721,24.513782387241562,15.165577996224345,19.260937716034128,18.81466635031576,17.265406998837314,16.020589185633302,15.859161419885321,-0.033872134902651986,0.053670303023820684,0.031563924412312906,0.0705539725435651,0.006670722251692561,0.01568938745077691,0.13163352547370458,pop
0.400102823972702,0.2610061466693878,0.2840117812156677,0.3708377182483673,0.21996824443340302,0.3371545374393463,0.20648238062858582,0.3626115322113037,0.4067653715610504,0.3177977502346039,0.5386905074119568,0.29039809107780457,19.353065308324815,18.234989455244865,20.671319639266414,20.68304971549277,19.86060330046442,19.879087884944294,16.3680107759673,-0.22567824697560562,0.07569566568069497,-0.03141951687743485,-0.017384867758648035,0.03233433423974657,-0.029505311413678844,0.12851841949439288,pop
0.42610689997673035,0.333313524723053,0.43071886897087097,0.34950363636016846,0.3726952075958252,0.38706275820732117,0.3069714903831482,0.44110971689224243,0.36758822202682495,0.3640822768211365,0.2844049334526062,0.32620880007743835,22.828695921587492,17.35652338590545,19.360288129455554,20.071875449102524,18.532749138255,17.035345481059363,15.919082718360707,0.08250000997613419,0.06153592961340078,-0.018401850088393727,0.0282120179631279,-0.0028948577286690013,0.0016376728316940554,0.10640263981535189,pop
0.28870490193367004,0.2757357656955719,0.3203999996185303,0.32792332768440247,0.3239253759384155,0.44378840923309326,0.39103376865386963,0.34325486421585083,0.2635316848754883,0.3507809042930603,0.45959237217903137,0.2904108166694641,24.621103398922273,19.0451039799666,21.77285392375104,21.418590228793683,19.481212317226426,17.694263197713315,15.512764711743685,-0.10834086705475192,0.16526829124584455,-0.015279970777906217,-0.05038061424332119,-0.019084315473282105,-0.019113770687890705,0.10530825538959783,pop
0.44642186164855957,0.42436522245407104,0.49158692359924316,0.4219072759151459,0.44034624099731445,0.42226746678352356,0.4065070152282715,0.5063202977180481,0.5427352786064148,0.5935218334197998,0.47721782326698303,0.43256205320358276,20.57086435898335,16.018174785472834,18.098834005817864,17.63765690280067,17.67102637810174,17.725740405930807,14.903057007075274,0.043036824467474075,0.039443463859211686,0.06690756419611607,0.01138652777421685,0.008572062335816548,-0.024960359799576944,0.13715000845901004,pop
0.48613691329956055,0.36511436104774475,0.4202231764793396,0.3947466015815735,0.4274979829788208,0.2719413936138153,0.2999701499938965,0.41673800349235535,0.3882535696029663,0.460073858499527,0.38197532296180725,0.47727590799331665,20.429926298734557,15.536800245734259,18.36509336255335,18.5417386102791,19.060241178834072,18.025305601590482,15.94715960060525,0.07040466571524231,0.01582969319154851,0.0316186564450842,0.04281992617668973,0.0051013841688587,0.010712313619914074,0.18300841671500387,pop
0.3551451861858368,0.38723716139793396,0.2813519239425659,0.3095778524875641,0.4189360737800598,0.2929168939590454,0.35822588205337524,0.33440712094306946,0.4342096149921417,0.3700995445251465,0.3375430405139923,0.4460762143135071,20.30153895661996,17.097721827034345,20.4500682516534,19.641194140025007,20.156485773683517,20.106924956594295,15.884451841415627,0.0505275215134456,-0.1438093406232674,0.0052580950919994965,0.042612676021094795,0.01021154255607943,0.01655843204761765,0.09597275594547564,pop
0.2526017129421234,0.44541147351264954,0.3240801692008972,0.24811676144599915,0.4125797152519226,0.3716314435005188,0.42031556367874146,0.27175813913345337,0.3011968731880188,0.38434144854545593,0.2660601735115051,0.25042709708213806,25.978625069059742,15.979173455245666,20.82783942110003,19.801585900528785,21.02914602988717,19.529590523574804,40.63966936543155,0.03362237025497652,-0.06825595292050918,-0.06287516136376423,0.013783535805558517,0.0023596788111881683,0.01853124966538077,0.09779937342904099,reggae
0.39132946729660034,0.5062697529792786,0.251537561416626,0.1855759173631668,0.22227537631988525,0.446270227432251,0.3926357626914978,0.399101197719574,0.5796709656715393,0.3095621168613434,0.2730284631252289,0.23152361810207367,29.542802157253103,17.33814862775851,17.223111991628453,18.476282796679897,19.12251678639957,17.585050919915613,35.98715876656729,-0.09119558088895152,-0.03542426005342317,-0.0938170662852781,0.030955639850039844,0.008999337887613477,0.011367084388603151,0.06396975299690642,reggae
0.3842358887195587,0.3753724992275238,0.44561928510665894,0.34887340664863586,0.4440782368183136,0.39776119589805603,0.47149163484573364,0.3644338548183441,0.24920333921909332,0.2322646826505661,0.30479976534843445,0.5225844979286194,26.064893917108975,14.126321941712238,18.761570138612512,17.436792121824272,18.817147523703394,17.514568021514158,38.22816025722263,0.04340431052987772,-0.02220409948330075,0.0404639786177034,0.009203600875128367,-0.008353915233454856,-0.010493348680698789,0.07510279207753287,reggae
0.3111113905906677,0.46482259035110474,0.4211151897907257,0.36252298951148987,0.5140892863273621,0.42487090826034546,0.3802757263183594,0.2761755883693695,0.34032726287841797,0.4794858694076538,0.3665289878845215,0.3559568226337433,26.265018653135684,16.672378095785763,19.92385845855236,19.170619759323255,21.67526392912259,20.13051344025949,37.763770178433994,0.10567818027596641,-0.05436314672430919,-0.11484130091996896,0.05050289846973999,0.020531478178783,0.014027138923641302,0.08490731341840681,reggae
0.3541824519634247,0.48644042015075684,0.3324856758117676,0.2907430827617645,0.4102684557437897,0.3681207597255707,0.41583144664764404,0.3791530430316925,0.4877447783946991,0.5609498023986816,0.3908856511116028,0.3454776406288147,25.419662424986925,16.345816873294847,20.259733871261137,18.85421131120321,19.57760379814787,18.317559535400925,37.72223409765564,0.029035872000917572,-0.03589092793081546,-0.05794863318714728,-0.01387170999550802,0.00198964104496095,0.012374001269193469,0.08445301926237432,reggae
0.46734732389450073,0.3756910264492035,0.40673407912254333,0.4878360331058502,0.3860546946525574,0.3438933491706848,0.35323789715766907,0.48692426085472107,0.2578463554382324,0.20975859463214874,0.28245487809181213,0.32029834389686584,28.21907114005907,15.701626933616533,19.613051952993533,18.469179174621114,18.04363048315639,18.279641777276154,37.34237893595162,0.010550338094811849,0.08364412541208051,0.06294548432922527,0.038679168852764935,-0.00027205901323011276,0.02301288483796205,0.0730159845079273,reggae
0.3386019170284271,0.5046201944351196,0.43181976675987244,0.324424684047699,0.3744334876537323,0.2532578706741333,0.26838570833206177,0.22458447515964508,0.3566976487636566,0.4132189452648163,0.2887692153453827,0.331193745136261,29.390145081915346,16.803435327318553,20.292007473924084,19.542683226070093,18.698600146428827,17.65690588428093,34.861119664910674,0.008182067983331093,-0.07479070468387296,-0.09384952321265416,0.03469094491224478,-0.004957905417860007,-0.01596382548614807,0.06082141519238206,reggae
0.4124934673309326,0.35866397619247437,0.47051194310188293,0.4130712151527405,0.3530680239200592,0.47795432806015015,0.3471219837665558,0.30324700474739075,0.2859129011631012,0.34957677125930786,0.4806451201438904,0.3798673748970032,26.08732033126056,15.855593342807763,20.76309098294771,19.509677607976872,19.892867548812536,18.50371013292844,37.71514084377097,-0.04968728295746674,0.08091339540445967,0.01615666053261463,-0.059348694632969504,0.0055686074490042346,-0.011263924313756626,0.07387510271655066,reggae
0.3597520589828491,0.4166504144668579,0.545190691947937,0.41968244314193726,0.2840375602245331,0.2933468222618103,0.33251357078552246,0.42953065037727356,0.2904001474380493,0.35495662689208984,0.38059622049331665,0.31940922141075134,27.71219703421985,16.694042800645164,20.620870658082083,19.102981351279556,20.411067372146807,19.79696578873868,36.049484981557775,0.04130204890584859,0.0592855134550088,0.01189312936985892,-0.07485132636495186,0.011312068727629746,-0.014817606067113505,0.06943789878190255,reggae
0.517486572265625,0.445443719625473,0.35620301961898804,0.41761085391044617,0.3041127324104309,0.27902641892433167,0.23929928243160248,0.3854238986968994,0.48208087682724,0.4086483418941498,0.3855431377887726,0.3759400546550751,24.253833096171373,15.870500524565557,20.283895901973416,18.434962189428525,20.367406088132242,18.587298506344887,36.37493256659654,-0.07408036871200643,-0.004473980581796277,-0.047122284757047044,0.1126074612728404,0.0009310504238186271,-0.00852024898131803,0.06057066596577726,reggae
0.3170374631881714,0.28672096133232117,0.38844388723373413,0.2770289480686188,0.23611889779567719,0.17640872299671173,0.20847369730472565,0.38729289174079895,0.3020420968532562,0.3271418511867523,0.2644980251789093,0.3677811026573181,28.90626152594922,20.644149579446843,24.86637398501721,22.315745542686166,22.855252431718664,21.211532200421075,36.70024445505101,0.2056613473916177,0.0647677179287471,0.07803427131035506,-0.005422431674526051,-0.007972320307963082,-0.015922328695288937,0.10275318119199536,reggae
0.47119829058647156,0.40684714913368225,0.5343433618545532,0.4536539614200592,0.4801804721355438,0.32322070002555847,0.3675748109817505,0.3792977035045624,0.33285510540008545,0.3857032060623169,0.3970566689968109,0.49019062519073486,22.082768922339437,16.001606345064108,19.43678413504546,18.890509582861043,17.87772296616163,17.49937204792643,38.056464951966916,0.03870269718396089,0.0013483037078507079,0.007469638541040941,0.010727175319104658,-0.001123023215916349,0.001303789520971859,0.07027624709976799,reggae
0.4458634555339813,0.3859558403491974,0.34825167059898376,0.36138495802879333,0.4927966296672821,0.39464008808135986,0.36578768491744995,0.49723201990127563,0.5011528730392456,0.5751328468322754,0.3894989788532257,0.3688541650772095,24.415117254932007,14.81611188147453,18.307399660335477,17.976058654607524,18.48355847812417,17.893034811883883,38.62300485351689,0.06489725943952776,0.010607845242886684,-0.031205115594223554,0.05477063858857099,0.004053433924305454,0.02175031874666664,0.11374762845610982,reggae
0.3157489597797394,0.3865034580230713,0.5016388893127441,0.38122907280921936,0.4075097441673279,0.3859337270259857,0.442365825176239,0.3158325254917145,0.28335002064704895,0.3071110248565674,0.2801850140094757,0.3404974639415741,26.444163654361738,15.839939694233333,19.43251167383944,19.03108361689175,20.271925607862677,19.14418005337582,37.35744782911119,0.032636756504716896,-0.03491498353421006,0.039265963009055015,-0.014143218421028015,-0.000748997439733381,-0.007021829040399804,0.07061687330819799,reggae
0.4105663001537323,0.3352700471878052,0.3534567952156067,0.3461887538433075,0.4262864887714386,0.32856181263923645,0.3048010766506195,0.3904983401298523,0.468387246131897,0.593444287776947,0.41232407093048096,0.3710884749889374,18.220258888881208,17.701953312805447,20.52277671645704,19.477044808407605,19.85944083950223,18.600837578980894,36.37616879157437,0.09137144016155115,0.02311868286551131,-0.0638001751931125,0.03242018267696685,0.0006357329162776811,0.0193248633066609,0.06409059599767981,reggae
0.32874801754951477,0.3455013632774353,0.44727009534835815,0.41854536533355713,0.32893937826156616,0.41469627618789673,0.30912870168685913,0.3216855525970459,0.2855807840824127,0.3015516400337219,0.4480738937854767,0.3539547920227051,18.80561725038901,16.547048090524903,19.543307277701395,18.833643197623594,18.625027447962783,17.756459969250855,40.584889925800695,-0.020948803532970593,0.060486384687768735,-0.006387512973882342,-0.05942925578307392,0.00743724938789361,-0.017675156978788017,0.06818641845514307,reggae
0.47252923250198364,0.48101893067359924,0.5099741816520691,0.38687023520469666,0.4095352292060852,0.3631710112094879,0.4195758104324341,0.2887812554836273,0.3295961916446686,0.3748977482318878,0.3942306637763977,0.6034424304962158,20.833808746027106,15.95565876196021,18.43339899944922,18.54337171756169,18.652544452014155,17.75894562131737,42.043534802587715,0.0762753639311218,-0.07188053822413147,0.05393579775108788,-0.0036841870572964044,-0.057557822764173025,-0.012570973533967033,0.07924770700406032,reggae
0.411765456199646,0.4433598816394806,0.36638203263282776,0.3039456307888031,0.4126265048980713,0.35664069652557373,0.47220978140830994,0.41040733456611633,0.46179741621017456,0.5118250250816345,0.46236950159072876,0.49731945991516113,18.89470432168972,15.581892374466705,20.034380836543342,19.00419663593666,21.100404246949612,18.306803309023483,38.704432902127294,0.06898491873055644,-0.09730093245519449,-0.024145608959461804,-0.0814340197649041,0.00028277406328293343,0.039969900471705025,0.07795204345514307,reggae
0.4152701199054718,0.36248552799224854,0.41755467653274536,0.3948456048965454,0.44183269143104553,0.4119437336921692,0.3175901472568512,0.31313058733940125,0.33323052525520325,0.5299211740493774,0.4216911494731903,0.37743455171585083,17.528697197454548,14.910109129929381,18.58582141345356,16.473744480162804,17.68884988500885,16.809133594567058,38.60646491321426,0.09967814325997525,0.018589430219559392,-0.08281780311971768,0.020419062572629532,-0.00447978491612375,0.014267203326921189,0.07740447360788863,reggae
0.444074809551239,0.4870016872882843,0.38909098505973816,0.283768892288208,0.2965018153190613,0.3842414617538452,0.32903361320495605,0.3108989894390106,0.39379796385765076,0.41260936856269836,0.49342605471611023,0.5038592219352722,18.83561769552485,17.053929938637978,20.14440726383742,20.37808149664191,20.954227682775013,18.575303862801206,38.5533316198928,-0.04844076772330422,0.01248698279289557,-0.033737384251046026,-0.010936776884851389,0.009083040471460168,-0.01389299466455466,0.0712822650812065,reggae
0.33227941393852234,0.3342611789703369,0.5398728847503662,0.43426457047462463,0.41758492588996887,0.33086732029914856,0.34429028630256653,0.3946191072463989,0.31444185972213745,0.31696128845214844,0.30360618233680725,0.38728225231170654,20.1315370115529,16.51500575583791,21.63826673083829,20.100262240432553,20.220435645539823,17.899417478284573,38.31659579133595,0.09910630686195154,0.020349048540604372,0.07828132082021746,-0.04184288271664661,-0.012204375873985719,-0.029842278964051134,0.056755803485112145,reggae
0.38112661242485046,0.35736674070358276,0.4654266834259033,0.38294336199760437,0.40764909982681274,0.3972418010234833,0.4393543303012848,0.4993232190608978,0.368243545293808,0.35744476318359375,0.2840406596660614,0.34114664793014526,15.63353344887633,15.367430972605614,17.267023020704663,17.561749221772633,17.503061276237464,17.594705177290823,40.52363504078547,0.07153891328623348,0.05508361612668134,0.018465828710888695,0.0008963166180727258,-0.0008936518603565351,-0.0027777639643360194,0.09282441814095127,reggae
0.45959627628326416,0.5348510146141052,0.469668984413147,0.4152739942073822,0.45302629470825195,0.4030113220214844,0.38555827736854553,0.37327292561531067,0.45694848895072937,0.5553935766220093,0.47156044840812683,0.4878982901573181,19.813564210967233,15.421317924475309,18.466377890410538,17.8907368079463,18.045027742396464,17.083859572055268,41.51375161138898,0.05743719118582693,-0.05222496410073714,-0.0495055383337808,0.016610001020092958,0.006945688473319802,0.003981940371214157,0.07230036736272236,reggae
0.3198304772377014,0.36472421884536743,0.41509613394737244,0.4991748631000519,0.35869553685188293,0.3798600733280182,0.4527650773525238,0.4006912112236023,0.45452970266342163,0.5086632370948792,0.5628013014793396,0.4257514774799347,18.711052097117147,14.715375328748252,18.0058125857875,18.598351790495506,18.296479656087755,18.53681795828185,40.57184221530332,-0.10194025472322482,0.01742872163362822,0.039904630220403615,-0.03879833521864515,0.005017385406867053,0.0005227649744315592,0.12024747136020882,reggae
0.41204413771629333,0.33331403136253357,0.38957956433296204,0.3703586757183075,0.30895137786865234,0.38679108023643494,0.2887083888053894,0.32998472452163696,0.2435293346643448,0.2976820766925812,0.4228176772594452,0.40189242362976074,19.964828939210353,17.050832115293957,21.10992320145016,19.301230604640697,20.553354752670394,18.597363007795664,38.30434882078958,-0.05529001608625666,0.1242339438062439,0.011879578405632392,-0.02172213342553621,0.016997844960254423,0.003116464144561138,0.07214969124613302,reggae
0.36440104246139526,0.2992876172065735,0.41676318645477295,0.36611777544021606,0.444421648979187,0.3823738396167755,0.3241146504878998,0.4260161519050598,0.366706907749176,0.3340180218219757,0.271505206823349,0.35372647643089294,20.629425423977203,17.649122020059178,21.071197826365985,19.98516377365511,20.407499339427513,18.673832269133435,37.11986612934029,0.09959198524779973,0.06121687194877076,0.01327673190295646,0.045924914055067934,0.006312602741337088,-0.0048276400216980845,0.07374708466260634,reggae
0.3918125629425049,0.385766863822937,0.416576087474823,0.3705095052719116,0.47385138273239136,0.4232518672943115,0.46513041853904724,0.4062280058860779,0.29705873131752014,0.313223272562027,0.36173975467681885,0.5287309885025024,19.601041297029308,15.96086282773685,20.346289842797454,20.024522217484197,20.8142385957901,19.39784232058943,38.17330766271155,0.06715311545927546,-0.09554849446331212,0.024397442220333337,-0.009468605640299353,0.007135896566128102,-0.0020442153546852393,0.07454389319895592,reggae
0.4780483841896057,0.39084526896476746,0.36026644706726074,0.33143171668052673,0.45238232612609863,0.45815518498420715,0.38979700207710266,0.4625495374202728,0.3789835572242737,0.3477214574813843,0.35043010115623474,0.44667816162109375,18.805949407881293,15.83206671544333,19.728416903135898,18.706571891199236,18.79681984547643,17.68024844658472,38.791713888673726,0.031328260434602184,0.02338917121528706,-0.014155090744020191,0.03778479248861512,-0.0020433651771228378,-0.0011149269434330073,0.08734909730278423,reggae
0.43370145559310913,0.500565230846405,0.4533408284187317,0.5050740838050842,0.4727628231048584,0.4694635272026062,0.4735669195652008,0.5166534185409546,0.650068998336792,0.515450656414032,0.46347177028656006,0.395147442817688,27.880184036673608,16.283190801155662,17.18065943981429,16.788057912063138,16.555266822096726,17.828069916669204,33.86710431754565,-0.0372222682267648,-0.05339882085433212,-0.02599047381021769,0.09170737511666353,-0.003406802383553127,-0.007600951083948039,0.06780765117459396,reggae
0.6396756768226624,0.46139419078826904,0.3429613709449768,0.3235786557197571,0.3863808810710907,0.552916407585144,0.5318926572799683,0.4629054069519043,0.31630203127861023,0.2774893641471863,0.3727298676967621,0.4779582917690277,29.40813110551077,15.389588359622827,16.46915660543946,15.704515844800271,16.415495992370964,15.78791156223603,37.165662090422884,0.04281148358198099,-0.025195035805844042,0.03586852786182336,0.06766685908148888,-0.013236977137530689,-0.00869349949241941,0.04365755510440835,reggae
0.4079303741455078,0.5510483384132385,0.6696712374687195,0.6247255802154541,0.5564547181129456,0.40017008781433105,0.37622109055519104,0.41707438230514526,0.47284847497940063,0.5538656711578369,0.42831721901893616,0.39564990997314453,28.227293082272006,16.028299719243343,15.682929563117742,16.72284879517658,17.07014219495853,15.734455429763177,35.88980699432302,0.025120968432503415,-0.02390232401568149,-0.05086099741906975,0.029036409429750422,0.0015721238207709529,-0.02097657804030922,0.07047110643851508,reggae
0.6489453911781311,0.520753800868988,0.5427119731903076,0.3968878388404846,0.4153625965118408,0.39642012119293213,0.503770112991333,0.6018972992897034,0.4398239254951477,0.3847120702266693,0.3982756435871124,0.6330826282501221,27.578911147804366,17.386235777084995,18.8671457609863,18.032404069942945,18.657448101957694,17.35026391739339,35.5002698306952,0.017755146654934002,0.041253800154698164,0.04098736398982283,0.09175162858056723,0.01136078814303665,-0.011839353922057289,0.05865832547853828,reggae
0.4302208721637726,0.43749839067459106,0.64719557762146,0.47680535912513733,0.49230286478996277,0.5220287442207336,0.4187344014644623,0.4254469871520996,0.48940905928611755,0.610900342464447,0.5003847479820251,0.39117324352264404,27.618014190978933,16.030768812113667,15.971277627979905,15.4986147692778,17.564759766073664,17.52338523032682,32.97306379865604,0.020695873325560735,0.03333139178447794,-0.024517291550339514,-0.019196847956469202,-0.0073001926533186,-0.005699744018778608,0.06583149047757154,reggae
0.4261150658130646,0.420462042093277,0.4955522119998932,0.6317949295043945,0.5038026571273804,0.4366093575954437,0.3274073004722595,0.42277276515960693,0.41982147097587585,0.3759911060333252,0.4825828969478607,0.4174361824989319,28.822858694378468,15.184393970123674,16.896081141651095,16.032018311658533,16.998594103071408,17.0471392243839,36.33269288351068,-0.03204815191313272,0.037405766099837194,0.03623928407989351,-0.014467559890261423,-0.0012890385293755349,0.007260849965521637,0.059114130172080434,reggae
0.5477597713470459,0.4600306451320648,0.5595836043357849,0.5442346930503845,0.476578027009964,0.4974585175514221,0.46969667077064514,0.539656400680542,0.4633983075618744,0.34910765290260315,0.32421866059303284,0.4146949350833893,28.049899792740906,16.23167151189908,17.64693011551655,17.82774674753785,17.833575778248388,17.953386839668916,33.043593694173985,-0.008341818800833699,0.026881156768113975,0.004887290817540156,0.06216844451186593,-0.0002942267916047947,0.001986529804875681,0.04460126341357309,reggae
0.49226638674736023,0.5516274571418762,0.725714921951294,0.46036991477012634,0.3829963207244873,0.45886892080307007,0.45794209837913513,0.44766297936439514,0.3409242331981659,0.394571989774704,0.37751707434654236,0.4113619327545166,27.610943946413332,15.266091250583276,16.323125528157465,16.24314025532145,16.974979649410216,16.204238244962507,34.50611172549357,0.040104817057049054,0.04264170481427686,0.022101974028341898,-0.03530906674820198,-0.010925748472587026,-0.009619383787850091,0.06128250676720804,reggae
0.47711148858070374,0.5200574398040771,0.38797232508659363,0.31214073300361633,0.34885603189468384,0.4325481355190277,0.6967397928237915,0.4995158612728119,0.34709620475769043,0.4234841465950012,0.33108755946159363,0.4388119876384735,27.475009699457523,18.4868742448739,19.83166893118293,17.727064864618892,17.853840640838367,17.557072790358767,36.368197624643706,0.024778149072397594,-0.07384213594470738,0.0035278765601372076,-0.03072811979209841,0.015879283783356624,0.01484714988266152,0.0592051400570379,reggae
0.5248556137084961,0.5161734819412231,0.5787063837051392,0.5342119932174683,0.5183139443397522,0.4277922511100769,0.4291878938674927,0.4686199128627777,0.561897337436676,0.5803931951522827,0.5398250818252563,0.5353355407714844,26.41116610376156,15.283497895098703,15.903947931328117,15.973541311597899,17.109789931539286,16.415289824224217,34.29810493909713,0.03174632181662946,0.006962049342467363,-0.025890491266100508,0.057009679629061845,0.012257953430056463,-0.004703655211602125,0.06325753456109823,reggae
0.2454099953174591,0.2609681189060211,0.2672002613544464,0.35393065214157104,0.4756225645542145,0.44936832785606384,0.5278997421264648,0.5046995878219604,0.4926503896713257,0.3440677225589752,0.26187750697135925,0.3029129207134247,30.23077456245976,16.67656987375879,18.759279405060582,18.89560731486804,18.771339059755082,18.806270523776487,35.53434407872075,0.008850902459963063,-0.06622791739102013,-0.006893432299388929,0.03431118977647222,0.006763065046999994,0.0004943074076526813,0.06552258555684455,reggae
0.5472297668457031,0.5944221615791321,0.5065690279006958,0.4924702048301697,0.4679412543773651,0.4809279441833496,0.5274202227592468,0.5221245884895325,0.48712772130966187,0.5170311331748962,0.45568668842315674,0.4920382499694824,25.778718630080395,17.15698389023912,20.760302705989996,18.30302561452668,17.73645689365624,16.748527736836405,35.47309863120061,-0.007650898286269208,-0.05758859413539766,-0.01708059372165757,-0.03469175199437137,0.0004320013510549113,0.011372587562172064,0.025934796137857694,reggae
0.1971208155155182,0.2793522775173187,0.3551635146141052,0.36602073907852173,0.3377140164375305,0.3217979967594147,0.3975653052330017,0.3967701494693756,0.1939082145690918,0.27129170298576355,0.2563316524028778,0.2571266293525696,22.70837616527942,18.35388365726765,20.232376896575936,18.70531744504737,18.362871936898493,18.715097400222493,32.27684176012284,0.10495440659000348,-0.014620909592978971,0.08950365511650088,-0.09660102460426788,0.0050757665960463666,-0.0023475381839596346,0.1010474067092034,reggae
0.3935377299785614,0.32603296637535095,0.35235536098480225,0.29914140701293945,0.31548476219177246,0.4138336479663849,0.28346753120422363,0.2596069872379303,0.30992698669433594,0.4490717649459839,0.6395824551582336,0.4432346224784851,25.25931277168509,17.933174232741692,21.155004689924123,19.334752356726582,18.699267651097376,17.893683506630417,17.81933018265528,-0.07457174554082421,0.07483153785698331,-0.07789909372168144,-0.09834699879262862,0.030320956153365223,-0.02674807412283348,0.05900574910576179,reggae
0.46122223138809204,0.4680175185203552,0.4848001301288605,0.41136759519577026,0.42820024490356445,0.3135308623313904,0.43808838725090027,0.4630465507507324,0.41534045338630676,0.5072562098503113,0.4003674387931824,0.41175809502601624,20.750224056042065,15.801703141557981,18.927033927051557,19.1306130299423,19.47306309845161,18.672504113701407,15.349159088627927,0.07164909707261773,0.02022558333202973,-0.026738584933302743,0.02112268237577116,-0.0018020863137522074,0.03193655049958471,0.105634531491686,reggae
0.6161960959434509,0.24779079854488373,0.2248605489730835,0.2670644521713257,0.49256250262260437,0.4308163523674011,0.3266197741031647,0.4852752387523651,0.2273273766040802,0.22251756489276886,0.14148660004138947,0.3344515860080719,24.178542777064234,15.968074675099858,20.064900490664087,19.520939050406106,19.41037537823842,21.781716026158154,15.398543494696835,0.06350140887482526,0.10198191608194943,0.009677527557369782,0.16888491155929738,-0.011658529939470846,0.00047581740536158985,0.0760128909271075,reggae
0.42045292258262634,0.39642849564552307,0.5055896639823914,0.6581079363822937,0.46989285945892334,0.3830872178077698,0.34137749671936035,0.5060251355171204,0.4653673768043518,0.38185515999794006,0.4790987968444824,0.3832935392856598,23.069184911495945,15.078994944277733,17.550121252624272,17.220585797623798,17.417902669206597,17.188939081523003,15.33900021522006,-0.027301079968513293,0.038485305773947126,0.03692192463413137,-0.016101627323232143,0.0014041778997058811,0.008360318217227753,0.08757227921983758,reggae
0.48506277799606323,0.44783321022987366,0.4729378819465637,0.4578225016593933,0.5116196870803833,0.5171607732772827,0.3769999146461487,0.40081220865249634,0.349428653717041,0.4743959307670593,0.5456984043121338,0.45279937982559204,19.678097249591513,15.365549016233023,19.253771242595857,17.75912014782409,18.292631506688203,17.136808256376334,15.908947132052617,-0.010409218677336393,0.05710947936699186,-0.023473459574677086,-0.03122992380266503,0.00029703705911136174,-0.005399500267624779,0.2237736701227765,reggae
0.4126991927623749,0.3618869185447693,0.3193914592266083,0.3800737261772156,0.2805640399456024,0.2857706844806671,0.32044273614883423,0.24225854873657227,0.2632511854171753,0.23761923611164093,0.3648316264152527,0.4244248867034912,24.813579866128894,16.910545735251794,20.063832939652766,17.940208028466298,18.416876231017188,17.63354273704311,16.58446915914208,-0.0008855456205687747,-0.13124507199786026,0.1012753375387431,-0.03338367352874381,-0.03708061519224413,-0.007021898054968,0.08096405524941995,reggae
0.40896642208099365,0.3212951719760895,0.3708752393722534,0.3053288161754608,0.3172096312046051,0.3890199661254883,0.3489193320274353,0.4687468409538269,0.3485022485256195,0.2939571440219879,0.24559956789016724,0.2913019061088562,21.64896804167889,17.282108946166513,21.31292088792385,19.101897016485854,19.362265582333325,18.60777588585664,17.08251914603808,0.049283081188431874,0.04005736533279148,0.03607236670095346,0.002000519457688377,0.0021042897113110084,-0.010738940140425443,0.1149432188950116,reggae
0.3138306736946106,0.3176024556159973,0.4382476806640625,0.30910444259643555,0.26642248034477234,0.3906574547290802,0.4306095540523529,0.5717819929122925,0.4736235737800598,0.35186031460762024,0.46483081579208374,0.3527013957500458,21.526841631061725,16.39016367553208,21.568198530250008,19.161397698981403,19.30023558302928,17.645834328019834,20.856606180071296,-0.05013091501789521,0.047117259784704074,0.0028904499399649447,-0.09981536848451845,0.008233962713923041,-0.02439697223430251,0.11116763038959783,reggae
0.49921008944511414,0.4844509959220886,0.3948262631893158,0.5203185677528381,0.38373231887817383,0.310287207365036,0.25222325325012207,0.3261290490627289,0.38486334681510925,0.24718785285949707,0.29251858592033386,0.3398533761501312,24.6251071813,16.511451657560507,19.01586366103315,19.062846649717354,17.644287659962828,18.142735665428358,16.192203007072536,-0.07156522910996013,0.05076089518803799,0.05734239018911869,0.057770962842033494,-0.008431491895436152,0.0005111121097169286,0.08068951505703789,reggae
0.4378485679626465,0.47753462195396423,0.45184457302093506,0.5551207661628723,0.465336412191391,0.38269612193107605,0.4614103436470032,0.38541340827941895,0.39122718572616577,0.34505754709243774,0.5316217541694641,0.63869309425354,22.54654514775943,16.4362854455435,19.146740384324914,18.038564984809653,17.47975210998696,17.46208479739478,15.253796170731448,-0.02274317763807953,-0.07983519037393408,0.08009947645380708,-0.06791868974142823,-0.007388863749975136,-0.004484613635991413,0.12703658219740913,reggae
0.5589649081230164,0.5019195675849915,0.5313608050346375,0.6005165576934814,0.6098119020462036,0.5380033254623413,0.530797004699707,0.506499171257019,0.5418421626091003,0.5199794769287109,0.6215651631355286,0.7752904891967773,16.903377407909634,11.891007798612117,13.909965756175833,14.802754024086603,15.564452906914408,15.896479627793793,16.108771689731174,-0.00306268836004088,-0.00833372943831073,-0.015747649354568,-0.019760584739618343,-0.006857584021318375,-0.0027737958840766234,0.27463082463263727,reggae
0.44598835706710815,0.5757530331611633,0.4891255497932434,0.4955524504184723,0.639269232749939,0.6639772057533264,0.6321099996566772,0.51470547914505,0.43661266565322876,0.38816118240356445,0.3472505211830139,0.395910382270813,15.876512321529987,14.34771674774938,17.81694644662896,17.35243426178148,16.960242843393445,16.53266193586507,14.858584159349025,-0.019535766670821485,-0.01597397648734235,-0.07403429420715335,-0.022321406323304566,-0.0006230133907687508,-0.002751961746054988,0.1340670014017788,reggae
0.4415503740310669,0.4675459563732147,0.5610446929931641,0.5122530460357666,0.5282866358757019,0.4758700132369995,0.38675636053085327,0.4146730303764343,0.418190598487854,0.5002387166023254,0.44367942214012146,0.48148179054260254,21.27553470413713,12.806843618811234,16.277533275135728,15.868418603387093,16.67780552411759,19.550680728236703,21.429274151573683,0.03400452862262103,0.00567238730658714,-0.009645254856115506,-0.016218657946042832,-0.008427643372299174,-0.012381231853103134,0.08975349538379737,reggae
0.3223227262496948,0.47436249256134033,0.4264354109764099,0.3763791024684906,0.5232105255126953,0.42727550864219666,0.3784429728984833,0.2779301702976227,0.3482336103916168,0.4771447777748108,0.36746054887771606,0.35790640115737915,19.352734607442123,16.49541542953135,19.52202657024029,18.61197997344082,21.802523007896724,21.062383549584524,15.821495889330798,0.09972741799244507,-0.05483697772905487,-0.11129539231614885,0.05632802542610178,0.018915533133760605,0.014911945516528814,0.10157722774071926,reggae
0.5474352836608887,0.40536609292030334,0.4820394217967987,0.41106748580932617,0.4093933701515198,0.32997846603393555,0.36733919382095337,0.5012603998184204,0.45207327604293823,0.49124374985694885,0.504257321357727,0.6401045918464661,20.391340785678572,15.247529242239763,18.191792154167725,16.857825395752677,16.83964123397465,16.94327282316389,15.542824170760502,0.06694539414215778,-0.03725114022489654,0.0014249858275707029,0.035477233082574534,-0.03082414817084305,-0.005303062000855724,0.08219627622293117,reggae
0.473821759223938,0.381176620721817,0.41266289353370667,0.4965170919895172,0.3945803940296173,0.3482956886291504,0.35524657368659973,0.48842334747314453,0.26417121291160583,0.21646885573863983,0.28753361105918884,0.32688620686531067,18.86873439595633,15.347127103690056,19.193841184317957,18.095449274350088,18.032934474419058,19.174426143586064,16.169860474191125,0.009509992037960475,0.08369692282001778,0.059528368987627,0.03769811577461108,-0.0005282066549842056,0.02223459630070164,0.08315697807907967,reggae
0.36467882990837097,0.4167976677417755,0.5463569760322571,0.43198737502098083,0.29354339838027954,0.3000137209892273,0.33151108026504517,0.4321037828922272,0.29553917050361633,0.35492199659347534,0.38421228528022766,0.3261389136314392,19.145034634171434,16.21276297417883,20.195096261227505,18.573230309734164,20.282112664593267,20.911953904563823,15.414602618407368,0.039851581208929086,0.05839959375786696,0.009063865123669412,-0.07276034287313163,0.011843995350384837,-0.015128879957167567,0.07884288295146945,reggae
0.31641778349876404,0.3742801249027252,0.4847016930580139,0.3950195610523224,0.414592981338501,0.37302014231681824,0.46198299527168274,0.32560351490974426,0.2862493097782135,0.32566189765930176,0.31469571590423584,0.3887858986854553,18.234052164694088,15.231197481057997,18.5959032974005,18.327097188039133,19.138835692761237,19.08363452459384,16.451185682861986,0.018107358666722775,-0.0347136577893365,0.03378582188005312,-0.040699597131187246,0.0011749777639587565,-0.00640157145597126,0.11195424279775715,reggae
0.4144081771373749,0.34889084100723267,0.49021798372268677,0.36266934871673584,0.3423793315887451,0.4655283987522125,0.3023431599140167,0.2925278842449188,0.2666752338409424,0.3858657777309418,0.49895957112312317,0.3398553431034088,18.489503139947146,15.572004200912545,19.75364200426814,18.567049981720935,18.800925156171473,17.713526962035946,16.20215583740514,-0.042428314561007194,0.048494366253103195,0.02857357453719075,-0.06132331327877359,-0.004477005685159517,-0.011430596696516814,0.11736196708236658,reggae
0.31649234890937805,0.2972085475921631,0.3843737244606018,0.24242731928825378,0.23840413987636566,0.1709180772304535,0.2437165230512619,0.39640548825263977,0.2953396737575531,0.34668439626693726,0.26912572979927063,0.3896457254886627,21.194824490065486,19.99690957241092,24.075308523268365,21.721564486116883,22.71331885763089,21.212520214553773,19.754035580687223,0.1977350474278273,0.05792937820348395,0.0770673091182656,-0.0005722314678278126,-0.008707914612019777,-0.013798663015776248,0.11850204526778808,reggae
0.44218775629997253,0.5115276575088501,0.41174307465553284,0.43621090054512024,0.4281683564186096,0.4332849383354187,0.35357943177223206,0.3859595060348511,0.44159817695617676,0.31841719150543213,0.2880427837371826,0.29636257886886597,25.93908474870835,15.831405407126397,20.314054267545036,19.495612009748836,19.41947024635579,18.357249463739535,16.038209042384846,-0.057799196600768446,-0.04323959816531242,-0.07667181104830738,0.020113276447365783,0.010487765411003906,-0.011882843040952662,0.13354284488592422,reggae
0.3786786198616028,0.3678448796272278,0.31679263710975647,0.3193759322166443,0.41642525792121887,0.5002654194831848,0.6848887205123901,0.5938626527786255,0.45722711086273193,0.4381994307041168,0.4124239981174469,0.45319801568984985,19.556521688649838,16.01070518315964,19.28213363944903,18.457367720327877,18.544594828472153,17.628148840218447,14.779562890550931,0.039008396151104685,-0.1815759060998313,0.00023372155597592908,-0.1578947976541296,-0.014401703175479685,0.06918580935006041,0.06084407325502707,reggae
0.4792434275150299,0.5035210847854614,0.589501678943634,0.4458134174346924,0.36225438117980957,0.40389516949653625,0.3322957754135132,0.3574729561805725,0.3506225049495697,0.46178415417671204,0.3947276771068573,0.312144935131073,17.271673629210515,15.536331300223903,19.82925377897915,19.340513894653483,20.293843989102594,21.04416455925628,16.03112912699378,0.01466672013876827,0.05168441291713934,-0.022249588593034057,-0.019862067786298256,-0.019142846955352708,0.017698817628731836,0.08333522150522042,reggae
0.44477465748786926,0.4701458811759949,0.38883140683174133,0.41821378469467163,0.49524369835853577,0.4212310314178467,0.3761416971683502,0.3328423500061035,0.3792508840560913,0.4020090699195862,0.3788456320762634,0.49395591020584106,28.023086667316328,18.222526971168058,20.821423519079207,18.6097429553633,20.00824811099351,18.461524594913346,16.855660318145546,0.11760365532484882,-0.10559458674102415,-0.051883707625383864,0.0728989224239884,0.020130700365273656,-0.005130406648636567,0.10086425403615623,reggae
0.46844804286956787,0.3449668288230896,0.2470986545085907,0.2881283760070801,0.3840179741382599,0.5553569197654724,0.4158945083618164,0.37318912148475647,0.3183119297027588,0.2971802055835724,0.4599560797214508,0.35948044061660767,18.936508272867353,16.907612791193596,19.48698898667963,18.371979010244843,17.873601871216668,19.25692240434305,16.001435305261236,-0.08185803015337234,0.08771221695271633,-0.10598267660507242,-0.04389015180746658,-0.005151994889605216,-0.015331173794270576,0.08282126111755607,reggae
0.29722487926483154,0.2915651798248291,0.4166434407234192,0.43291372060775757,0.5892975926399231,0.43917524814605713,0.3329954743385315,0.3902687132358551,0.34617868065834045,0.4316374957561493,0.3324158787727356,0.3697258532047272,24.074278383082984,16.82287669834054,20.00917638461347,19.280433736981678,18.970394107155506,18.124182258946174,21.529289229607752,0.061765950833499735,-0.008741295721260717,0.03630313530062979,0.012681963129655947,0.022594062666192186,0.008563778761123181,0.06708825768561485,reggae
0.3372632563114166,0.3448123037815094,0.46556535363197327,0.3856941759586334,0.4197993874549866,0.4129262864589691,0.39118704199790955,0.4319629371166229,0.4438169598579407,0.4960732161998749,0.31728214025497437,0.3089313209056854,18.02565446764868,16.278725408658758,19.349276414621887,17.660943786813537,19.475901398771,18.98581065943173,15.57383384837281,0.04005029892126749,0.060453176185946624,-0.023850615706067266,0.014352221053442062,-0.004417554322092713,0.011284397182120369,0.06046832704949729,reggae
0.3106831908226013,0.33997437357902527,0.49857184290885925,0.4083046615123749,0.40275871753692627,0.3265644609928131,0.30031028389930725,0.41933923959732056,0.3135308623313904,0.34166648983955383,0.29023876786231995,0.3502209186553955,21.03481844922985,18.171274125310518,22.316724748866427,21.475541519918313,20.27778039696934,17.715731839223775,18.021925636236173,0.03961459144428545,-0.022374789101560773,0.019209480421633417,-0.023777618855871853,-0.003760320464133498,0.009109732644684322,0.07783120045436968,reggae
0.3646230697631836,0.3016768991947174,0.325800359249115,0.27001598477363586,0.3227304220199585,0.48719322681427,0.32265257835388184,0.26863008737564087,0.29828301072120667,0.4041370451450348,0.5925216674804688,0.3927014470100403,23.31228763278248,16.812310174317147,20.706082907130316,19.879348331775507,18.752543087350993,18.479883245283617,16.621095474356036,-0.07966559883014072,0.08064447073578017,-0.08117895458132748,-0.0988434396975164,0.024216813377988176,-0.029182934228904184,0.08037456798627224,reggae
0.31675681471824646,0.3879251778125763,0.5712270140647888,0.3869219124317169,0.2865653932094574,0.27725526690483093,0.3679620623588562,0.4565652906894684,0.3656858503818512,0.38409751653671265,0.43285855650901794,0.334611713886261,29.170620044254083,17.12563094075959,19.98140821104267,19.361420267047215,18.281474780624322,18.241571723352124,16.513166315464165,0.07058843546992799,0.09957261615917674,0.053937557715942726,-0.16518512898472654,0.01557493054875241,-0.04216119198759546,0.060985686146558395,reggae
0.5133218765258789,0.42924514412879944,0.4195033609867096,0.3653596341609955,0.3836486041545868,0.37827834486961365,0.36201754212379456,0.4293334186077118,0.3877839744091034,0.43389344215393066,0.3984290063381195,0.4078720808029175,26.87814704620992,16.928720554509702,20.6203785105805,19.644689726747693,18.918369463505023,17.74756239565013,16.29417921567084,0.05206917904403725,0.07309690910911987,0.023448550429019367,0.045771012594094954,-0.012679247451597602,-0.004939917404217533,0.12158920630317092,reggae
0.3682391941547394,0.4633350968360901,0.48200297355651855,0.4194074869155884,0.47160351276397705,0.44650015234947205,0.5130804777145386,0.404176265001297,0.3929346203804016,0.4832134544849396,0.3706226348876953,0.37894657254219055,25.991334803860518,15.12741287010177,17.749681354629043,17.76529471768949,17.40323415521042,16.60290108125881,15.205288420650506,0.038735095147421086,0.007038461358097369,-0.03276889120665807,-0.04855314604304188,0.009993283131008219,0.01716389414031068,0.13615569714327147,reggae
0.5267971754074097,0.4244346022605896,0.37229305505752563,0.3334764838218689,0.36692023277282715,0.3981108069419861,0.34820863604545593,0.3786928355693817,0.4197997450828552,0.5590313076972961,0.6761754751205444,0.5908966660499573,24.89187740780488,15.060804196572088,19.471338226433947,17.921542704648335,16.711413785233844,15.558075233750188,16.206816873825602,0.04349933390531411,-0.12496069942548708,0.06752603718678162,-0.05751704937387303,-0.034093602957851146,-0.01297610772417806,0.05103162159222738,reggae
0.488553911447525,0.3998502194881439,0.35529953241348267,0.3425334393978119,0.4002608060836792,0.37315845489501953,0.35726219415664673,0.3979077637195587,0.4761279225349426,0.6482977867126465,0.6591901183128357,0.5566049814224243,24.87947126038042,15.06244604445468,19.3696440144864,17.906022230880723,16.710585242156547,15.535201639166926,16.215553860265974,0.04256119271631484,-0.14983418320251216,0.060485641225705496,-0.06543271799052493,-0.03295732216496223,-0.015287166714707185,0.05099348052010828,reggae
0.4212893843650818,0.3916313052177429,0.4871235191822052,0.3769083619117737,0.32059991359710693,0.35633304715156555,0.33110255002975464,0.396213561296463,0.3190546929836273,0.4586578607559204,0.40802663564682007,0.4096847176551819,20.379890551830666,13.509108069656111,18.00266423955392,18.824150827598455,18.748216753930617,19.753906212820553,17.727015472633546,0.05351938998729656,0.05738826093294516,-0.008080335753146947,0.015978318602364917,-0.009972375978441743,-0.0014287756106975008,0.13501222024845322,reggae
0.3591814339160919,0.2656663656234741,0.2616816759109497,0.3473532795906067,0.5596066117286682,0.3983234465122223,0.39365771412849426,0.4688516855239868,0.5490236282348633,0.7328479290008545,0.5046467185020447,0.4467184841632843,20.512164432909884,16.556072919131456,19.253951770766744,18.695371192227093,17.87838072051798,16.73040988644697,16.78165371832217,0.08576103199398374,0.010479172158370064,0.05850412843537155,-0.037450983668033,0.030334040558090063,0.025107319459386837,0.08823842626160093,reggae
0.48987388610839844,0.3732356131076813,0.351100891828537,0.3297628164291382,0.3784194588661194,0.29786649346351624,0.33145615458488464,0.37247952818870544,0.3731735348701477,0.47442707419395447,0.45065245032310486,0.5248976945877075,20.28305204827879,16.34852414202013,17.303284420323973,16.321191517061816,16.45191924779143,18.94692345524943,16.04526178898871,0.07638927264653289,-0.010078510097412082,-0.0135797958630905,0.009653442332553889,0.013511128231911156,-0.010685760290516788,0.06088825647718484,reggae
0.5009934306144714,0.49357926845550537,0.535097062587738,0.4777986407279968,0.40357404947280884,0.3768939673900604,0.38121652603149414,0.5246751308441162,0.4235296845436096,0.39841747283935547,0.4992469549179077,0.4188011884689331,18.837448340012454,17.41127168495295,19.290950436242003,19.44414481823294,20.300907666295192,19.835431449434633,17.781840916742116,0.02093108380253849,0.03907627804072739,0.046356665496321815,-0.03532628982478428,0.023640393548717813,0.02434499891693088,0.09374924473124517,reggae
0.5322126150131226,0.7014791965484619,0.5198723673820496,0.5879063606262207,0.5318093299865723,0.41918233036994934,0.4062831401824951,0.41724222898483276,0.4558812081813812,0.38716766238212585,0.37550559639930725,0.3816513419151306,22.732788655641194,12.833948310565505,15.077519275208706,14.565386419292638,15.590426985253272,18.290855129542436,18.660441098508564,-0.05895639052258037,-0.022715224857803133,0.06949939094887202,0.022928380847484057,0.000380522296401797,0.02215767766212885,0.1863670968677494,reggae
0.5270683765411377,0.4730924665927887,0.39352694153785706,0.3334573209285736,0.3272263705730438,0.37008020281791687,0.42757657170295715,0.41441094875335693,0.5163706541061401,0.5695077180862427,0.6745721101760864,0.6957945227622986,19.45146226991497,14.784672044588573,18.32541842652433,18.212761597837446,17.727596352982225,17.76574148853857,15.908083112204139,0.003962757264850329,-0.022884421352084017,-0.02798969863301006,0.009108260131317493,-0.007752610747696186,0.0036542898401249295,0.09429756984725444,reggae
0.5735437273979187,0.48815733194351196,0.4235514998435974,0.3416460156440735,0.3227415978908539,0.33589091897010803,0.4151812791824341,0.40549299120903015,0.4685959815979004,0.5620355010032654,0.622833251953125,0.721287727355957,20.055647950417686,14.83786537351312,18.43505931416015,18.410025108016203,17.788371325354458,18.21740061464917,16.492610072614298,0.01932726494481859,-0.030174921893983308,-0.020442955227596264,0.00039140095506372415,-0.006508187863092362,0.007236701547444068,0.09938166147041763,reggae
0.5735437273979187,0.48815733194351196,0.4235514998435974,0.3416460156440735,0.3227415978908539,0.33589091897010803,0.4151812791824341,0.40549299120903015,0.4685959815979004,0.5620355010032654,0.622833251953125,0.721287727355957,20.055647950417686,14.83786537351312,18.43505931416015,18.410025108016203,17.788371325354458,18.21740061464917,16.492610072614298,0.01932726494481859,-0.030174921893983308,-0.020442955227596264,0.00039140095506372415,-0.006508187863092362,0.007236701547444068,0.09938166147041763,reggae
0.43187013268470764,0.3116026818752289,0.3716784119606018,0.22266113758087158,0.3165047764778137,0.38885948061943054,0.23516975343227386,0.31753605604171753,0.3095037639141083,0.451469361782074,0.3008025288581848,0.2623523771762848,21.346386842151883,17.532166601093806,23.068160427943262,24.330374729563022,21.909911508036057,21.919580898883876,17.522038428240116,0.06610127939281484,0.18674215251521578,-0.18972159469678815,0.005906219829711606,0.003978995319799944,0.02738343442515424,0.0711814367024362,reggae
0.46061834692955017,0.7099476456642151,0.4131704866886139,0.27732303738594055,0.2316952794790268,0.32537785172462463,0.20541265606880188,0.20719014108181,0.30625396966934204,0.2642856240272522,0.2375004142522812,0.23188112676143646,17.324451920878996,16.310591311139735,20.09785779090694,19.049420137508193,20.06264382141984,20.07407356426623,17.745567027192976,-0.07227072372437313,0.010042446544138548,-0.09475442518214343,0.06585899268817916,0.00997344550546836,-0.01080744908668808,0.07597437222061099,reggae
0.38755956292152405,0.31915947794914246,0.42441993951797485,0.4109348952770233,0.5093421339988708,0.4630352258682251,0.41429170966148376,0.4856517016887665,0.38939186930656433,0.3298860490322113,0.28237512707710266,0.33515337109565735,23.515103503254203,16.100491355561886,18.40892549009029,17.44427598609786,17.410430429181176,24.103480835058647,17.083202844342175,0.06099053284262963,0.0019353691510320124,0.0959310809766898,0.041809266616070935,0.01971981350913977,-0.0016042801052005575,0.0993631573859242,reggae
0.6156779527664185,0.640480101108551,0.729284942150116,0.6044629216194153,0.6757360696792603,0.7031562924385071,0.6001783013343811,0.6430366039276123,0.5856119990348816,0.6368637084960938,0.7324580550193787,0.7968801856040955,12.866113581334629,10.635942088082114,11.629447554226845,14.006771502331642,15.703250087392146,16.35239770392053,13.257530116384173,0.01494969267336656,0.09175845788728734,-0.060884756574872544,0.0036396888161776965,-0.016454853960341694,-0.006820088404584431,0.26014779098994584,reggae
0.443988174200058,0.37369227409362793,0.4100538194179535,0.3869417905807495,0.44366592168807983,0.26519209146499634,0.277208536863327,0.40454959869384766,0.36590537428855896,0.415383517742157,0.3948822021484375,0.4714457094669342,22.746595220933703,18.412398438661434,21.599116109001454,20.68277055153855,20.191556089180043,17.467167929620047,15.600191581919724,0.11095693669804495,-0.013538313003764542,-0.008030096970049463,0.036688027474150356,-0.014355210479079013,0.02254771030301261,0.12183240284222738,reggae
0.3707461953163147,0.4402000904083252,0.33474329113960266,0.3800335228443146,0.3477073609828949,0.43525010347366333,0.35392075777053833,0.32196176052093506,0.47365352511405945,0.37250763177871704,0.39154326915740967,0.28432074189186096,24.862190877153694,15.662642686292807,19.10524253048982,18.7831056339044,18.78220137163278,16.856227946013284,15.723502457032618,-0.07463446576043364,-0.004578829818987242,-0.05760400136104417,0.027518864729703028,-0.003879691163039026,-0.010842971864955211,0.18918764803267596,reggae
0.3082279562950134,0.33831238746643066,0.38112759590148926,0.573077380657196,0.3775331676006317,0.32115438580513,0.3026145398616791,0.4237797260284424,0.5321148037910461,0.38525182008743286,0.28527700901031494,0.20799605548381805,17.103398010920614,16.37505614486348,19.055946194419377,18.99824873043207,18.134314090336904,18.223083807661027,18.646278922361617,-0.08537727479748103,0.03253593563427829,0.04263839502772054,0.07080998680246765,-0.007245530481579469,-0.008278251052974538,0.038035334493426144,reggae
0.45627346634864807,0.42533162236213684,0.5822345018386841,0.40785422921180725,0.4133775532245636,0.4198797345161438,0.5418448448181152,0.6074004173278809,0.45568934082984924,0.4657911956310272,0.3995933532714844,0.46393299102783203,22.970094188587048,15.897459316575123,18.54446561856595,18.16833665657464,18.416753740933814,17.723100573509587,17.688825704573997,0.06991258699963311,0.029542300362116126,0.03409176986096946,-0.04296347173471055,0.0034253177449757406,0.004672531325914665,0.13065696297370458,reggae
0.42868727445602417,0.38672035932540894,0.47749826312065125,0.37804800271987915,0.3399529755115509,0.38031983375549316,0.351887583732605,0.3978033661842346,0.3259657919406891,0.459079772233963,0.4187328815460205,0.4292698800563812,19.570748483272403,13.708601838014388,17.790618692697873,18.52794096386771,18.993181269820827,19.770452191991783,18.624012947706824,0.04220715506834823,0.06418414762439743,-0.014288728143400712,0.021663783868660663,-0.009518083702452246,-0.0015902041172362034,0.12383575321442382,reggae
0.42389488220214844,0.3918098509311676,0.4846610724925995,0.35971733927726746,0.3490581810474396,0.375747948884964,0.3548615872859955,0.3993428647518158,0.3306489586830139,0.47870802879333496,0.4069073796272278,0.43132105469703674,15.836163244290624,13.731312713393603,17.84857819230627,18.688936678774834,18.74029121649474,20.100080157510398,20.78334272629153,0.04198311593865026,0.0642623463215961,-0.01356665361946378,0.021730162148570306,-0.009204780632016183,-0.001459482157990378,0.11999294578982986,reggae
0.3412420451641083,0.3112199902534485,0.45613569021224976,0.3169047236442566,0.3336862325668335,0.26014360785484314,0.3807085454463959,0.5612511038780212,0.39798012375831604,0.39277008175849915,0.30315157771110535,0.39468714594841003,20.64254907885158,15.566209767542587,20.291016219555036,19.361744139310453,19.98863100328929,26.16730491119112,15.918284739926511,0.09537287409462823,0.04564943148582631,0.06417950522082536,0.0031927057022579607,0.0069867544987111995,-0.009221642538516173,0.0892859840245553,reggae
0.2807140052318573,0.2802293598651886,0.45659834146499634,0.5096336007118225,0.2917073667049408,0.24921801686286926,0.2748202383518219,0.3677815794944763,0.44755640625953674,0.385626882314682,0.4791972041130066,0.3649156093597412,28.160521890357906,16.095427085830607,17.98514571655328,18.093634403651265,20.122260363014163,18.915707812921248,16.994446211719808,-0.1699477803177754,-0.005623905961694331,0.16559462545962517,0.004012612466054141,-0.006519640756092439,0.023470344006250303,0.09561853489945862,reggae
0.6586541533470154,0.4133657217025757,0.3293829560279846,0.3354378044605255,0.4817856550216675,0.45825180411338806,0.4132423400878906,0.4887408912181854,0.3841891586780548,0.40187180042266846,0.3243405222892761,0.404924601316452,21.42791232208144,15.566978621693698,17.00198048218584,17.45515201440752,17.60574965552581,17.98453959673804,16.146538773774697,0.026443023092500545,0.047190869681929634,0.05063254099370929,0.018472369966274813,-0.005282627554892738,0.045932901182989115,0.1031685790071539,reggae
0.3806944489479065,0.3209032714366913,0.39452865719795227,0.412979394197464,0.536808431148529,0.5152099132537842,0.5474408864974976,0.5210282802581787,0.37139859795570374,0.31242579221725464,0.2938830256462097,0.38903456926345825,18.23217795731065,16.41658442152934,17.744623774236274,17.06243787864832,17.497049854303018,21.18401439779326,21.928899418499284,0.08062378459196895,0.07670387397333672,0.05537243306633918,0.09048206436145995,0.02557655025670864,-0.019677792092185953,0.0796547968629157,reggae
0.4151574373245239,0.24105849862098694,0.22243785858154297,0.2029896378517151,0.29211464524269104,0.3631119430065155,0.19177711009979248,0.22986631095409393,0.25673577189445496,0.3864920139312744,0.24983887374401093,0.21313096582889557,15.76556868190022,19.093413714250893,20.621125512575173,19.416893040360787,21.29909661204666,21.026321584725416,17.53210251968665,0.05647588014392339,0.17527190313696434,-0.11202480462909162,0.10924732587419078,-0.0184318741682073,0.0246207693756298,0.09398639912026295,reggae
0.5694345235824585,0.4479452669620514,0.5169466733932495,0.5209344625473022,0.4265196621417999,0.36115562915802,0.3435387909412384,0.46924078464508057,0.30753371119499207,0.2540550231933594,0.2713380455970764,0.43329906463623047,20.73123376798438,14.902564211919602,17.669028676902133,17.799711848873525,18.79876805582668,18.307289858076636,17.67258642026658,0.052059658188551454,0.0948293211702524,0.08493831479447989,0.050834328291990985,0.013618892505006199,0.006909528535078389,0.0648337804524362,reggae
0.4060259163379669,0.421487957239151,0.4085838794708252,0.48880574107170105,0.5995882749557495,0.5453591346740723,0.3729763329029083,0.35847383737564087,0.345309853553772,0.6543848514556885,0.30764830112457275,0.26517635583877563,27.474163280823227,14.438138094644625,18.928541438187136,18.12487007882282,19.83107462179452,18.437503835062035,30.193120285257667,-0.038547208860569664,0.10197525911812778,-0.03379339693086793,0.04736813488333523,-0.028559521434486076,0.049956969705958434,0.13959632395591648,reggae
0.37538668513298035,0.48998287320137024,0.4954410195350647,0.4169103801250458,0.4765045940876007,0.33138686418533325,0.2833211123943329,0.3255549967288971,0.38845309615135193,0.5040148496627808,0.28743961453437805,0.27480000257492065,18.742710394162895,16.977615400870246,18.802250062391344,17.520429174833588,18.786479062622035,17.93351729751795,40.56427074888329,0.12360328760669215,0.0380531739296781,-0.06949218917833985,-0.0805904552591166,-0.03457550858098598,-0.001655312342719045,0.09022025147428461,rock
0.29498082399368286,0.31911125779151917,0.33830490708351135,0.39390814304351807,0.4789971709251404,0.31339943408966064,0.27673935890197754,0.30829057097435,0.4129997789859772,0.4969466030597687,0.3939189612865448,0.35725560784339905,26.135659392357788,17.49229408246349,19.390351558503028,17.600733781678404,19.15446461073175,18.44948802086274,38.41816214695107,0.14291480312769284,-0.016792938750641404,-0.09999208268835537,0.04297881444004192,0.0225918669210382,0.021748793625099228,0.05495977438611756,rock
0.5070450305938721,0.48393872380256653,0.7297073602676392,0.39711782336235046,0.2893681526184082,0.27613237500190735,0.2931213676929474,0.294859379529953,0.42637404799461365,0.6149525046348572,0.45172181725502014,0.47702622413635254,20.065918997958644,16.560839581620925,17.709032560749524,16.300874497458178,16.41401754756155,16.876519741975283,38.57790806955343,0.04067420354124957,0.011459101847907825,0.07158762408594742,-0.034242732094547645,-0.023649373050644622,0.021796141745708455,0.07680441258217324,rock
0.3433648347854614,0.2515196204185486,0.24744120240211487,0.3205370008945465,0.47620341181755066,0.48080092668533325,0.44954657554626465,0.4815314710140228,0.4856615662574768,0.44135573506355286,0.309451699256897,0.2739368677139282,20.758863323742773,16.516184996708223,18.477154437207282,17.73266147298387,17.232709438616787,16.656233112054544,37.680272807282414,0.008955164568972537,0.05346172862267193,-0.06418036079943218,0.04304200311732305,-0.008453337008983205,0.002533132398367097,0.0430986562258314,rock
0.3621668815612793,0.36138400435447693,0.3553602993488312,0.3218320906162262,0.2831522822380066,0.255920946598053,0.33390378952026367,0.5450671315193176,0.5120379328727722,0.4619790017604828,0.347201406955719,0.3218684494495392,24.8686962406879,17.802482849944496,18.745998645607067,16.63318149548251,17.502398715824835,16.534280085340647,38.61279434533486,0.08766072939414728,0.08526898933336852,-0.08364741304026428,0.03729475316665737,0.029530975554133414,0.05055568864038222,0.04107944520978345,rock
0.6355614066123962,0.463442862033844,0.44832414388656616,0.3315126299858093,0.4041028618812561,0.19784162938594818,0.23306722939014435,0.27600210905075073,0.3138010799884796,0.48369595408439636,0.3215775489807129,0.4121675193309784,26.634169136928595,15.264616309327794,18.756860569814517,16.51905677333719,18.564118005123976,18.888831772606608,38.916243786667295,0.1433029133890739,0.07645593416517957,-0.04347529180912627,0.013120050191279887,-0.009947154895266404,0.03308979551468479,0.07702117471481051,rock
0.3208947777748108,0.44570600986480713,0.442669153213501,0.5137566328048706,0.2751045823097229,0.22419515252113342,0.2786363363265991,0.3266592025756836,0.4365418553352356,0.32671454548835754,0.3068827688694,0.23605068027973175,20.732730734466323,19.374901247957375,20.23960254886093,20.32234499903615,19.635214690462732,19.739409917657337,38.585537182250654,-0.0736270882565577,-0.03291582537271074,0.027699537917377934,-0.00645159937121553,0.009069584923509115,0.014791516359169444,0.08730529171500387,rock
0.40850213170051575,0.34211140871047974,0.36756274104118347,0.2899217903614044,0.5177227854728699,0.5221735835075378,0.33342745900154114,0.31746214628219604,0.3557020425796509,0.36598992347717285,0.20820149779319763,0.28072845935821533,25.83401798061873,18.573100463704897,19.68977217904919,18.781372249893746,19.321761578511627,18.309378893542295,37.28634766451125,0.059635142763762375,0.06701896044232944,-0.03500669701954055,8.658444968391253e-05,-0.017175546784600832,0.0072435419637369896,0.047179750942575406,rock
0.3604297935962677,0.47747117280960083,0.4031369090080261,0.369120329618454,0.33489346504211426,0.2924961745738983,0.3775207996368408,0.5203250050544739,0.4760819971561432,0.5345362424850464,0.3942151665687561,0.36614108085632324,28.390492207027787,14.876236237073297,17.531686899723553,15.9822354563877,18.87249708526876,16.42245185112975,41.787461156509615,0.07825554429188865,0.006929303601297691,-0.07566652980280893,0.00794778485067151,0.028075833172116173,0.01377638909902376,0.08495074137180975,rock
0.5449973344802856,0.3131316900253296,0.31472477316856384,0.2259102314710617,0.37888044118881226,0.5477350950241089,0.60736083984375,0.5367299318313599,0.29794615507125854,0.28603360056877136,0.14527927339076996,0.31572774052619934,28.3420594231438,18.105865622076138,19.979788542933466,20.162908456883002,19.678753141351084,16.3591661675488,33.6907396801432,0.02812265264400577,0.08859414934081472,-0.05769181993774853,-0.008633446008146226,-0.031530551831966944,0.011413325343680067,0.04253295992846094,rock
0.3435230851173401,0.41244301199913025,0.45658162236213684,0.29661935567855835,0.3106589913368225,0.26457342505455017,0.38582462072372437,0.46557778120040894,0.46162158250808716,0.5474119782447815,0.423269659280777,0.4111514985561371,20.286521872958918,17.457216310210868,18.71556599121512,19.764774710197216,18.736756410461897,18.36668093607365,41.116399089555,0.09929913523563617,-0.01106780163709734,0.007947641532156236,-0.03255077100402863,0.001803556857819152,0.0015334535583894327,0.07170823665893271,rock
0.37820953130722046,0.2848797142505646,0.2689085006713867,0.341667503118515,0.23056136071681976,0.2456529587507248,0.2403905689716339,0.41388627886772156,0.6574073433876038,0.4189769923686981,0.34842464327812195,0.29067766666412354,20.668986496810728,19.020572275056942,20.811572738361612,20.885274165107926,19.39133946552208,18.543839144735628,38.53478348854561,-0.17452315575718058,0.05236563505079768,-0.008983191091219261,0.11700923856180692,-0.013293847130514489,-0.003102453228709985,0.05433025787896365,rock
0.34180352091789246,0.41785192489624023,0.3490966856479645,0.2932223975658417,0.3054197430610657,0.2800842523574829,0.3042084574699402,0.27399855852127075,0.3692604899406433,0.41706687211990356,0.3611922860145569,0.3541766405105591,19.3888074151502,19.179289616968717,18.09217066617679,17.105114898767457,16.811001704044664,16.666217330398165,36.11084318658306,0.0013237698511554268,-0.04105957448146979,-0.04194347614858942,-0.00939398478754081,0.006318846597447303,-0.0007169608747743327,0.0682249371616396,rock
0.37774085998535156,0.3709932565689087,0.5627401471138,0.5790039896965027,0.46661803126335144,0.5059633851051331,0.3673785626888275,0.3619140088558197,0.3281295895576477,0.42384955286979675,0.5376713275909424,0.4010162353515625,19.67573738256437,18.87498484033602,22.872703455921204,20.01574489614653,18.76823943427594,18.943692982951568,38.9290071357039,-0.049584788287661066,0.1265463540430302,-0.027951922027822033,0.02315823770829018,0.02955042625696779,0.018137471052967112,0.04610991275135344,rock
0.37856629490852356,0.2921490967273712,0.30374982953071594,0.3135300278663635,0.3486327826976776,0.357015460729599,0.4997485876083374,0.4772680997848511,0.3840463161468506,0.3098209798336029,0.39878568053245544,0.506493866443634,17.48190744205001,17.852160745028602,18.55044723587678,17.556682406590507,18.306245961483476,18.079114539920976,34.113110960388155,0.02694397080481071,-0.03809686100717683,0.04275646227954291,-0.0015059845329015184,-0.0033142463025045642,-0.009011108966469356,0.0835791733130317,rock
0.37222737073898315,0.3783958852291107,0.6905942559242249,0.33725714683532715,0.24345338344573975,0.24771007895469666,0.210820272564888,0.3143860995769501,0.28946903347969055,0.34796246886253357,0.3671562075614929,0.326278418302536,16.512225538786062,18.49245153310371,20.56683609935033,18.093526069435914,17.744099928913716,18.094579243739187,38.740934445085294,0.021051764293444214,0.013726090804699036,-0.04821783582386782,-0.03940738886249041,0.000869388867579166,-0.016884809926768787,0.11416000519624904,rock
0.3754258155822754,0.3797581195831299,0.46062251925468445,0.41220369935035706,0.4789133667945862,0.5263028740882874,0.45215967297554016,0.5773604512214661,0.5505331158638,0.5035442113876343,0.444088876247406,0.37679749727249146,19.516572794170315,13.04998596907666,16.01969041707503,15.75477045117541,15.787686188419594,16.52366164848745,44.757583510997705,0.07205998023957802,-0.0022175198667955935,0.023457087919242694,0.0034038148134692,0.000556101931865969,-0.0004636830724458492,0.1428334058391338,rock
0.2701922655105591,0.46595215797424316,0.5887641310691833,0.3803565800189972,0.460842490196228,0.3601539134979248,0.4272231161594391,0.4227038621902466,0.4267469048500061,0.5576962828636169,0.3257870674133301,0.3406742513179779,19.93765229447716,14.344064957102804,17.137422325391135,17.959372575179042,17.969442219390505,18.46076887612305,42.76393578315872,0.09521521718803297,-0.01535845079029793,-0.0017203000091069271,-0.04434138615395986,-0.0122701411029267,-0.010884482989754678,0.14054758495262953,rock
0.434914231300354,0.4245675206184387,0.43295323848724365,0.4614122211933136,0.5622693300247192,0.5098775029182434,0.5340681672096252,0.5606867671012878,0.5000205636024475,0.43770313262939453,0.440639466047287,0.46680131554603577,19.132337276550736,12.85542227194175,15.36506688382235,14.427276901264701,15.665006956110613,16.417233535969817,41.744129112137095,0.0511443170081223,-0.022550452992170168,0.05103248241663618,0.024293121499314015,0.010145221655417298,-0.009946504536849043,0.11578005667536737,rock
0.34291890263557434,0.3710328936576843,0.3513672947883606,0.43196001648902893,0.5658073425292969,0.48308324813842773,0.4532654881477356,0.41963231563568115,0.5914267301559448,0.3748740255832672,0.3505402207374573,0.4948138892650604,20.862670014508673,13.259302453643468,16.621530404535495,15.197907521000287,16.514185754144542,16.966600792382984,41.35711365526739,0.05132502297706554,-0.12239493620806209,0.050207035806194206,0.06796394647383587,-0.01055538836870533,-0.024830197714836747,0.12819063285479504,rock
0.3031984269618988,0.31656500697135925,0.5129154920578003,0.7069775462150574,0.38839197158813477,0.3424701392650604,0.3344258964061737,0.3764774203300476,0.3632800281047821,0.3552604019641876,0.4877234697341919,0.2884746193885803,17.646225906226636,14.066749518705162,16.473802747692734,16.1195402180492,16.813507113883524,18.00295101270976,42.33885559860541,-0.12986150478673333,0.03430159319652693,0.11437833845206263,-0.036756404924040136,0.002431543712036851,0.03493411509227944,0.11753303545533643,rock
0.30425193905830383,0.4318114221096039,0.3516278564929962,0.42397555708885193,0.4027303457260132,0.5363366007804871,0.48473256826400757,0.36961349844932556,0.5253358483314514,0.3546125888824463,0.2834770083427429,0.24655777215957642,16.57378497966162,13.852344990538636,17.33045248642075,17.166610424816536,17.542888517985535,19.4462023219755,42.51469872155349,-0.09270260094327831,-0.06086764152465435,-0.04808869919604976,0.030784291084870113,-0.0038904110751538214,-0.0021452612368921516,0.121568436412413,rock
0.2712017595767975,0.2989140450954437,0.4117738902568817,0.6117405891418457,0.42824786901474,0.3554699420928955,0.4209754168987274,0.47551700472831726,0.38508322834968567,0.38239896297454834,0.6007300019264221,0.34796199202537537,16.152673534927782,13.090715217291816,16.10607091273231,16.613386013148986,17.06354750911478,18.321097684875753,43.47824253995029,-0.08340449070879925,0.019488631036788277,0.07383126833484047,-0.031855285029400326,0.012738496637529847,0.017387018800113146,0.13844302856728538,rock
0.20126543939113617,0.16133205592632294,0.3263275921344757,0.39420250058174133,0.2310294657945633,0.4082169532775879,0.30001166462898254,0.3727053105831146,0.2804088294506073,0.24625924229621887,0.3827122151851654,0.2268844097852707,19.40486033871993,17.146179126996792,19.83716940828308,18.541613564503358,19.700820986036717,19.163503581872618,42.89451672430939,-0.1402275185523877,0.12187762386866356,0.0684863490939186,-0.08728641019204945,0.0034423847106162505,-0.000994027184923165,0.11556707088650425,rock
0.3263300657272339,0.354248046875,0.5404049158096313,0.3419657349586487,0.3807491660118103,0.3764396905899048,0.5850290060043335,0.4014882743358612,0.356592059135437,0.4952254295349121,0.3334798514842987,0.3696339428424835,18.764004645172452,14.952611026802705,16.990772289691893,16.689094462263558,18.422694220498506,19.597130482782088,42.56531457423746,0.11460248439820618,-0.010120398280475836,-0.005642478461597154,-0.09724076587219897,-0.02048792286088978,0.011913556052402114,0.14343044578982986,rock
0.35402950644493103,0.29037758708000183,0.3168545365333557,0.383764386177063,0.4493104815483093,0.37318286299705505,0.3604602515697479,0.45419809222221375,0.4978194832801819,0.5749890208244324,0.4910442531108856,0.43551209568977356,20.081858199976374,13.59432505307127,16.725343538854023,15.909495907163537,16.342345244843724,19.090690077860796,43.43375022925054,0.03449828232658239,0.02133962137652428,-0.025756301054384062,0.03381852014026276,-0.004700542441486477,0.004696397737103639,0.15782813406322505,rock
0.45060139894485474,0.33721548318862915,0.508610188961029,0.2646278440952301,0.309589147567749,0.49969467520713806,0.4062248468399048,0.4976213872432709,0.33031460642814636,0.3909519910812378,0.3002525269985199,0.3041718304157257,19.327617347396984,14.563127965652482,17.5227895222133,17.31799788818811,17.04189208013887,18.190746462147203,42.582566017204925,0.016389342884401716,0.15457024358840013,-0.028344607382597902,-0.042672676784083895,-0.016770340011186362,-0.019155482783890555,0.12290601737722351,rock
0.318748414516449,0.3517214357852936,0.3573938310146332,0.44252997636795044,0.38809165358543396,0.532345175743103,0.47069457173347473,0.37323063611984253,0.42527884244918823,0.4046817123889923,0.44684547185897827,0.31869015097618103,17.595369169398495,15.967880481231704,17.694241775165178,17.910381646627222,17.78167790040126,18.173581103665718,20.052438572179206,-0.11802729149895314,-0.029083692625011145,-0.013376246572648435,-0.06292845290327222,-0.006736537326092195,0.006088706864773561,0.13342209570917182,rock
0.40678760409355164,0.3928236663341522,0.3863108158111572,0.4076366126537323,0.3505901098251343,0.4761510193347931,0.34099677205085754,0.3751557171344757,0.49513402581214905,0.5510218143463135,0.6587957739830017,0.472396582365036,19.691482339016947,16.208845029440944,17.31115620134876,18.026926340119054,20.118324531041118,19.848529755180564,17.69053882254441,-0.08888631953769666,-0.010054357518525165,3.4082613233909375e-05,-0.04784902047628089,0.0031380226713412156,-0.017492365082675456,0.10197110039636505,rock
0.563633918762207,0.504108190536499,0.5162539482116699,0.3588930368423462,0.34416118264198303,0.36684492230415344,0.4078648090362549,0.47468334436416626,0.3479701280593872,0.38586461544036865,0.3456048369407654,0.40659987926483154,20.373466750939045,14.139162811777872,17.545666198088522,17.16117005943577,17.570750948972787,16.509408378197463,18.526259406674395,0.08907849813846488,0.009889796561023593,0.05843917566098772,-0.031700769229017815,-0.0020111033795803253,0.01223361752358282,0.11150145917923433,rock
0.2717899978160858,0.3426920771598816,0.5326475501060486,0.479756623506546,0.5182445645332336,0.4410110116004944,0.3312227725982666,0.26439210772514343,0.36808156967163086,0.41406509280204773,0.33862221240997314,0.38000625371932983,23.1978022201892,15.35089112219184,18.639902391550866,17.540877602754883,18.445193603956024,16.8699577657764,17.881883762361397,-0.08080428927181874,-0.03908478921182861,0.04084532980123568,0.016240252182607856,-0.005624498124941815,0.003795368409458449,0.11491716212296983,rock
0.32830679416656494,0.3179885745048523,0.5181102752685547,0.29241448640823364,0.3281712234020233,0.35760146379470825,0.4462575912475586,0.5426589846611023,0.27932479977607727,0.30988767743110657,0.33697208762168884,0.3729439675807953,18.260477772559288,14.897933432389962,18.593666968432473,19.588082376286735,18.700466728189838,18.71443104639381,15.415137768683847,0.044332401900300494,0.04128389903220951,0.06085445996941463,-0.020175426387374653,-0.001444628515727775,-0.01041424213004658,0.1324454393851508,rock
0.4293174147605896,0.3478849232196808,0.45153743028640747,0.33280113339424133,0.4144660234451294,0.36824482679367065,0.367335706949234,0.36789894104003906,0.33914756774902344,0.46868327260017395,0.3230322599411011,0.38943228125572205,19.193080708827974,16.077684926804853,19.031302448019837,18.45010937744438,19.329124247127048,18.138856776183776,16.95167079142665,0.07634358602152341,0.05315501041336067,-0.005998641030706723,0.007504644129737778,-0.008310724842568805,0.0034134344027186023,0.11589709565839694,rock
0.37238073348999023,0.6063580513000488,0.3457368016242981,0.2352094054222107,0.24967476725578308,0.19767478108406067,0.23477330803871155,0.21480707824230194,0.39565950632095337,0.39985600113868713,0.26155489683151245,0.36798641085624695,20.768868656851165,14.737940231132498,19.547883906049798,19.27525815379004,20.963902440595323,17.7101665293245,16.95086296478786,-0.052855688896533956,-0.11228185583996927,-0.09871267930122653,0.09725895973768049,0.034406013980717125,-0.006906391091915587,0.07487394564481825,rock
0.5127031803131104,0.3514872193336487,0.3123662769794464,0.30511531233787537,0.4525371491909027,0.5657833218574524,0.4704540967941284,0.4482482671737671,0.4390919506549835,0.5012797117233276,0.3313402533531189,0.3653935492038727,20.661022305846714,16.488210052842945,20.15886221686457,19.29450737599804,19.022562740315784,17.74697175186775,17.62164946443628,0.05632116406147601,0.04826294441199046,-0.014582277926408708,0.07654798385581789,-0.006193704223488348,-0.0019260543755993068,0.13492539898700306,rock
0.4696994721889496,0.4328922927379608,0.4546392560005188,0.42386290431022644,0.5114915370941162,0.39801397919654846,0.35238808393478394,0.28528904914855957,0.4063429534435272,0.5118178725242615,0.5514758229255676,0.6894303560256958,20.032329396422668,14.556480071849279,16.60320926206364,17.598644207745576,16.73908305457396,16.437604524077727,15.163109064555691,0.11616014878658017,-0.11071779634936599,0.03009378014179891,0.10174554767200902,0.013674557908312474,-0.008706828394194533,0.05698049593967518,rock
0.4401592016220093,0.36979174613952637,0.4782155454158783,0.3750157356262207,0.4683237373828888,0.5294456481933594,0.3893313705921173,0.463355153799057,0.44064587354660034,0.5037747621536255,0.3191377818584442,0.3580091595649719,19.65745985572636,14.915713009489133,18.121148332563763,17.755645878522255,18.241229136054795,16.90220190422757,19.099672614985554,0.0662495924129252,0.11744082724995315,-0.026461885020251263,0.004325761581803039,0.0039274239371604285,-0.013916460064978424,0.14704748862547892,rock
0.5384382009506226,0.3778742551803589,0.41939908266067505,0.3985447883605957,0.536135733127594,0.502578854560852,0.47134995460510254,0.5822034478187561,0.398323118686676,0.36281925439834595,0.3944994807243347,0.43911272287368774,22.965202315750634,14.832100204059497,17.444554078922884,17.301826905782285,17.665578179955293,18.94109084728447,16.45300290934639,0.05287674122681345,0.07519119319027183,0.03720416988794246,0.05224111780224614,0.01227150406533257,-0.0027657271195735585,0.14627101157675948,rock
0.4175938367843628,0.45080944895744324,0.34054532647132874,0.31278887391090393,0.2964822053909302,0.3811032772064209,0.49708664417266846,0.39840224385261536,0.4670009911060333,0.42836788296699524,0.4701424837112427,0.4774123728275299,18.54809807567957,13.923787611544366,17.103912481229578,18.249973310801362,18.264552225784147,17.600286493092597,17.81676390112134,-0.021770599576832257,-0.048581384379518776,-0.00014814511720037758,0.005836825419920391,-0.007609241736243616,-0.0017767635407646989,0.14055017052051083,rock
0.394059419631958,0.3500937223434448,0.45528510212898254,0.36473163962364197,0.5647755861282349,0.3506413996219635,0.43285882472991943,0.34435731172561646,0.41691622138023376,0.694107174873352,0.44588664174079895,0.49792400002479553,29.477748183368604,14.769893503025962,15.504967064609023,18.924014604581984,19.9023343618597,17.225596434274344,15.067053364933704,0.13369724721456538,-0.0026688379083640657,-0.051563316055812,0.009770910056092999,0.004973424650260705,0.010764298131163651,0.12275949523878577,rock
0.3901188373565674,0.4469297528266907,0.5126080513000488,0.5137912034988403,0.4583987593650818,0.37034153938293457,0.35942167043685913,0.419688880443573,0.4074357748031616,0.3855088949203491,0.3431895077228546,0.38615235686302185,31.999727973570494,14.180876760563564,16.27115961634492,17.857972100809658,18.311622768280177,18.140392492624304,15.056837213723169,0.04244993266079908,0.04865420631862665,0.007009023217065047,0.00028658405159480833,-0.00840370847841867,0.018883129177731734,0.14475178847641146,rock
0.5822486281394958,0.34533610939979553,0.30179983377456665,0.30936649441719055,0.350787490606308,0.3658248782157898,0.380596786737442,0.5289561748504639,0.3096432685852051,0.39788925647735596,0.4218549430370331,0.5319318175315857,29.099937072005932,14.502496939533952,17.54033515333603,18.514586051490614,19.162583260851722,17.943853187324713,15.057077272214759,0.058773485561025095,0.05646029799426208,-0.017371433521264492,0.044719077218885746,0.01593639746548607,0.01946924078117622,0.14835555334010053,rock
0.46348196268081665,0.38730382919311523,0.4289427101612091,0.4012469947338104,0.4957325756549835,0.41351813077926636,0.40156492590904236,0.4436725676059723,0.44299477338790894,0.5468289852142334,0.4291352927684784,0.48059746623039246,22.751944170266153,14.792549347090278,17.032244773841352,16.380450960280992,17.5120865208607,16.895120377793916,14.840229819577377,0.05082093501445836,-0.003393641643522039,-0.017977100148025192,0.06657949599602352,0.004798958292272475,0.009331306343399752,0.13765528325599383,rock
0.4713274836540222,0.5096980333328247,0.47792211174964905,0.4143093228340149,0.4128202199935913,0.31021735072135925,0.35106825828552246,0.48229116201400757,0.4195277690887451,0.5122473239898682,0.33728522062301636,0.34401562809944153,23.827489504375688,13.462724137577093,16.722558441070344,17.497212918779052,17.7949322966383,18.474028465937415,14.66633855811494,0.07379336063356859,0.025518416675057172,0.01562840045535624,0.004554628416872285,0.008877753170197416,0.015519916608984378,0.14395686811194897,rock
0.5330536961555481,0.24432337284088135,0.2093701809644699,0.19084236025810242,0.3536507189273834,0.3480185568332672,0.30128753185272217,0.5034003853797913,0.3016210198402405,0.3486655056476593,0.1478991061449051,0.2555583715438843,26.876695500446473,15.951323020124187,20.82172326214375,21.880068543475986,21.819321147196376,18.857369175264356,15.544788033297722,0.04385746188985634,0.28475530029747564,-0.05496697742866508,0.18400611382551138,-0.014021428142801181,0.038753649163868774,0.06890203560034802,rock
0.2658875584602356,0.25002777576446533,0.1653277575969696,0.24748839437961578,0.6210703253746033,0.4047803282737732,0.2651037275791168,0.28831297159194946,0.32291266322135925,0.7140053510665894,0.45731574296951294,0.33320268988609314,28.119044760995457,16.942215991052276,19.137911420735406,19.04798909545942,19.060447146035386,24.441386749568967,17.0483040026795,0.2661946624601682,-0.064555789032128,-0.1454443484015349,0.1315946815181048,0.05505976706953428,0.04964674880716602,0.07895466272718484,rock
0.26350337266921997,0.3582499027252197,0.31713491678237915,0.26096779108047485,0.5889692306518555,0.2857658267021179,0.2967400848865509,0.44162458181381226,0.42662912607192993,0.5375635027885437,0.30486050248146057,0.25486427545547485,26.96401525262541,14.268452578218021,18.521995090887852,20.1465531699492,20.11841233253131,17.24824733835576,15.321971874631892,0.165889628485689,-0.0070733445554621785,-0.0998756332295586,0.026888725325487944,0.02820780353417828,0.032898422194124796,0.11818445475638051,rock
0.4125942587852478,0.48037707805633545,0.4722500443458557,0.36324721574783325,0.4013186991214752,0.4102429747581482,0.5290244817733765,0.5930368304252625,0.5050977468490601,0.5161076188087463,0.45853134989738464,0.3951502740383148,25.338586256775844,12.664609402099897,16.450379228887552,16.944781845768077,16.923460333640232,18.139326031912066,15.700989469333585,0.026799653704410006,0.07082482686290181,0.041809479214037784,-0.04687229777871418,0.01612710823419407,-0.021465432871931138,0.1562231879592034,rock
0.331931471824646,0.23340287804603577,0.21237918734550476,0.1863907426595688,0.33666643500328064,0.16993489861488342,0.22095829248428345,0.2647770047187805,0.3875458240509033,0.6787830591201782,0.4176954925060272,0.41948071122169495,27.288678696857573,16.127717409589064,17.29176395009828,18.57701688567903,18.370018819226853,18.98482407449121,20.370888180291338,0.1191022522278408,-0.06015996275141567,-0.11211302563726722,0.06037213775917746,-0.006046816025829948,0.047090314802254875,0.08525284887374324,rock
0.30459070205688477,0.5319931507110596,0.2221822887659073,0.25867417454719543,0.5204067230224609,0.43362998962402344,0.6806427836418152,0.3787333369255066,0.36923646926879883,0.35151049494743347,0.281084269285202,0.42419934272766113,17.118313097928624,15.576161150909762,18.924185987217204,20.6333753516291,18.47016806555865,17.868239415377918,16.09124573715356,0.08724469206865784,-0.28639907902653344,-0.06595153148355919,-0.09569152975303671,0.021789879974315154,0.06210702883795607,0.09133351761890951,rock
0.4173925220966339,0.721885085105896,0.3759685456752777,0.33950135111808777,0.33390796184539795,0.41795724630355835,0.3492485284805298,0.3383404612541199,0.45505765080451965,0.3375401496887207,0.34522342681884766,0.30222707986831665,16.09256518081583,16.1386065733012,19.13855097599956,19.178083903537278,17.674427204441866,16.87599823130926,15.685769291469503,-0.06396916279437967,-0.058391321605550967,-0.06997876695291722,0.01335228799661481,0.02007528538046385,-0.0133554289450225,0.05330347000676721,rock
0.28036755323410034,0.42748814821243286,0.3373273015022278,0.5320219397544861,0.32950878143310547,0.30868756771087646,0.3257637321949005,0.3972087800502777,0.6415765881538391,0.3722906708717346,0.25775471329689026,0.2137862741947174,18.03235190653418,15.174325983929513,19.691135791503946,18.138629448686746,15.930726353688845,16.154947440758054,15.262031012201355,-0.11373384874129716,-0.055646799470037776,-0.04827895824136976,0.11258169056088511,-0.01766385676335597,-0.022843432705093116,0.12085810614849188,rock
0.21852579712867737,0.19299228489398956,0.2833385765552521,0.412521094083786,0.22860515117645264,0.25831303000450134,0.3716318905353546,0.4307331144809723,0.5832902193069458,0.4013224244117737,0.3414100706577301,0.36453506350517273,18.89482915845552,17.152083935320178,20.426158033105754,18.573135206259476,18.24827915627286,18.55571846201809,15.472712999426422,-0.0691592001114971,-0.03752911009276603,0.08601753157185352,0.03735983757948972,-0.03249279977042959,-0.006127082880864415,0.08856659053557618,rock
0.7865715026855469,0.4211621582508087,0.3325791656970978,0.28615477681159973,0.3796965777873993,0.4158356487751007,0.34597572684288025,0.4565073847770691,0.29675978422164917,0.3599037230014801,0.39302346110343933,0.43597832322120667,17.50325936198888,15.08058592318812,17.38203833451291,16.71566547823375,17.426549537236166,17.079588679932357,15.327248946508101,0.012486142556111168,0.10275479681987844,0.00749462664599842,0.08957847525716423,-0.00027328791165847065,0.03331807124257745,0.18754758193155452,rock
0.48834484815597534,0.26970046758651733,0.32168588042259216,0.3489043414592743,0.2685982882976532,0.2615877687931061,0.26127657294273376,0.6254198551177979,0.2604827582836151,0.27382218837738037,0.42430564761161804,0.3553444743156433,21.96363439731612,18.059518655859627,20.542710505787692,21.615302372020885,21.30695149148433,19.795834890314083,17.13316545045297,-0.01378135746166561,0.1678612906183036,0.08306750519761535,0.010340958469952635,0.03608058023124112,0.015969766632524918,0.13240314433488012,rock
0.6363571882247925,0.4354155957698822,0.3284335136413574,0.31298020482063293,0.5390244722366333,0.4928137958049774,0.34593766927719116,0.5242675542831421,0.38650161027908325,0.4907959997653961,0.3169615864753723,0.370267391204834,16.761955281889588,13.3205599036626,16.033221927040934,17.751080763175583,18.124379954362915,17.295349988045135,17.450204398221683,0.1010945025441439,0.06024935746192353,-0.034752323732287246,0.053106317442120694,0.017690070409881988,0.02964965239338641,0.06657807364172467,rock
0.40795406699180603,0.37998220324516296,0.4278617203235626,0.5168488621711731,0.7735394835472107,0.5060468316078186,0.4792216122150421,0.43785738945007324,0.45362573862075806,0.48594653606414795,0.45204776525497437,0.5397732257843018,16.568045671317105,13.36282936370282,16.35521277832222,15.750651138622674,16.139769419690023,15.759580231561413,16.149289725519008,0.07336072328888736,-0.07064226342037176,0.017713724279002564,0.05620975861843017,0.004760764626497559,-0.004006717074230272,0.17753347351121423,rock
0.39990678429603577,0.2728041708469391,0.4250720143318176,0.3298856019973755,0.43723490834236145,0.4436694085597992,0.4245327413082123,0.415370911359787,0.3071562945842743,0.47010642290115356,0.3081757128238678,0.44727280735969543,16.52751804980266,14.722793561778937,18.63848924534328,19.055902616562143,17.756336871903475,16.18194516315213,16.29324167824873,0.08849261412362355,0.030939291043489747,0.0047123744170491,-0.014966737062649803,-0.023742571771604163,0.001998262244369624,0.17507016446732404,rock
0.3877032995223999,0.22636927664279938,0.35199010372161865,0.27875974774360657,0.20758025348186493,0.27832451462745667,0.33094918727874756,0.5575186014175415,0.25257226824760437,0.19530579447746277,0.26759102940559387,0.2776600420475006,18.81664640554883,16.06888298629255,21.696688633086183,22.42465247958565,20.80256057402161,18.942690948926387,16.427346734394625,-0.021156501784095477,0.19624273282496035,0.137970119023988,0.03724318192853986,0.005949620577105518,0.000380431004506083,0.09895493462393658,rock
0.31037163734436035,0.30877238512039185,0.5189959406852722,0.3156629800796509,0.38417279720306396,0.24157004058361053,0.3153509199619293,0.36368733644485474,0.2702236771583557,0.32287850975990295,0.26657190918922424,0.4558734595775604,18.62538988736038,17.778424400380256,22.253587921953812,22.089753917126455,18.855132366048398,17.035131759009463,15.930739466007996,0.22147357440457316,0.007307485026545027,0.039129659769752564,0.01348503293831096,0.00019150342922972139,0.006895474909840086,0.08653680575696056,rock
0.4078640639781952,0.29440292716026306,0.4282902479171753,0.3755366802215576,0.5987510085105896,0.3836764991283417,0.3267369866371155,0.44008496403694153,0.35739079117774963,0.5465628504753113,0.31319743394851685,0.3938366770744324,15.96310436664033,13.797839302818772,18.615519644441328,19.068006188967935,19.526572863629813,17.090427156213778,15.389754223708369,0.08994915827055287,0.032721033641140575,-0.012184989656633831,0.027964183386510154,0.004854756727822297,0.002403692656023084,0.13464402673047177,rock
0.21090978384017944,0.1729777455329895,0.29555556178092957,0.2832237184047699,0.5215425491333008,0.2921867370605469,0.26796334981918335,0.2751331627368927,0.2697964310646057,0.5307736992835999,0.22494886815547943,0.2524578869342804,16.7297788300399,18.25698001058728,22.893530286663736,20.035747810128786,17.193050387216008,17.477560482996473,16.430329250040593,0.16852127122216998,-0.00760320849638369,-0.04115132820250131,0.07728303626629138,0.020587017932295774,0.01085961609862728,0.06905497752320186,rock
0.2896935045719147,0.3945377469062805,0.3115316927433014,0.34829530119895935,0.3217417895793915,0.29184067249298096,0.29512256383895874,0.3155204951763153,0.4069157838821411,0.2760784327983856,0.2843157947063446,0.30002790689468384,19.048767471333637,16.302668292684324,20.905982693832797,20.619280128248413,19.424371835618068,18.258580287994867,17.888058133407338,-0.08409541884412647,-0.11088838792403179,-0.04532991093853519,0.04547790933129563,1.5306797497125645e-05,-0.03788661282244502,0.10852154630703789,rock
0.46336162090301514,0.35671910643577576,0.3939967453479767,0.3358141779899597,0.326516717672348,0.294204980134964,0.28062835335731506,0.42231738567352295,0.3372001051902771,0.19838067889213562,0.22790150344371796,0.3186272084712982,21.732967650718294,21.446996531867207,24.379341944757435,22.85519919228279,20.76549602677678,18.33293673514804,15.804327227513717,-0.020514733872142848,0.1953266192566901,0.005349154565562437,0.1817749950273808,0.009264858700505092,0.019616252374284302,0.05584948097931168,rock
0.384052574634552,0.3346705734729767,0.45031875371932983,0.3513922691345215,0.34810298681259155,0.3970625698566437,0.3833911716938019,0.47275546193122864,0.34210526943206787,0.37276822328567505,0.33950453996658325,0.3153073191642761,19.86850706573118,14.907991979384564,18.567668142776732,18.639023324338453,18.60901741682262,17.370337519190844,41.25774119950845,0.06648858323404909,0.0964673805477592,0.008558813472439007,-0.020308481937033798,0.0023888017620158296,-0.0022154199200763443,0.10636978562451663,rock
0.44060853123664856,0.4120746850967407,0.33253198862075806,0.3923001289367676,0.356878399848938,0.470740407705307,0.3345055878162384,0.36649322509765625,0.4134877920150757,0.4315287470817566,0.4446258246898651,0.3477700650691986,15.315883397857581,16.122983710695017,18.8658714366689,19.518226321497124,19.192968923462686,18.41080360090993,41.36085061339066,-0.06336528369653503,0.03202336462933222,-0.03676029587019039,0.01441526294693802,0.002814997612604043,-0.006061822500826062,0.12909317901682135,rock
0.3199159502983093,0.309138685464859,0.4364343285560608,0.33107754588127136,0.3490782380104065,0.3074381351470947,0.3459542393684387,0.42659151554107666,0.36563464999198914,0.46334365010261536,0.31571704149246216,0.3524436950683594,20.90455662565508,18.12797360227031,20.982826243018792,19.58077262984364,19.07982047558973,18.21366135730005,36.008762992783275,0.11984060189546099,0.04725779634579944,0.010552870196830995,-0.03296828436127224,-0.008490894998116,0.00295220549565535,0.10714657953886311,rock
0.32085737586021423,0.3952415883541107,0.40757545828819275,0.296103835105896,0.31815022230148315,0.337862491607666,0.5191280841827393,0.41038453578948975,0.41833212971687317,0.48552700877189636,0.3857859969139099,0.42049017548561096,21.27847361924068,15.80012366843916,19.28251884404776,18.73008165539704,18.55708768931173,17.817991189196626,41.55831139640355,0.06703034223807788,-0.06138646667658307,-0.007250811119563557,-0.04944776464325703,-0.005936076351024514,0.005714942609685302,0.11988569762664346,rock
0.3389456272125244,0.28864723443984985,0.31811103224754333,0.38067519664764404,0.6027920246124268,0.4583703875541687,0.3791823089122772,0.3566451966762543,0.3978666663169861,0.5067651271820068,0.3614175319671631,0.4348209798336029,18.173220869268988,16.25077367742369,18.89212264982778,18.558012064955374,18.713330574368022,18.11546044505044,42.091617933404706,0.09677713058909396,-0.02063842821927919,-0.0508389211067468,0.07230820018605062,0.00880867805063519,-0.008945482028165662,0.11827508700696056,rock
0.21873867511749268,0.20958304405212402,0.21280869841575623,0.20014402270317078,0.38378459215164185,0.2384568303823471,0.26605498790740967,0.37323933839797974,0.38210180401802063,0.575950562953949,0.3326718211174011,0.3441782593727112,21.130012766521777,17.338882482934142,21.962516297699235,21.191654282610735,21.051987053121596,20.644600917047185,39.94920856814591,0.19416806888946264,-0.035148919719939074,-0.01623489814598038,0.0796999753390172,0.0314170152984546,0.009123609800861228,0.13763375809648104,rock
0.2978787422180176,0.33777642250061035,0.37377312779426575,0.29702869057655334,0.383110910654068,0.24060967564582825,0.30052462220191956,0.34192022681236267,0.4311750531196594,0.5823072791099548,0.3849329352378845,0.4444836974143982,19.676021300782445,19.052564714435857,22.902727484937664,21.433228921271194,21.7604731765082,21.253334058277627,40.52996482407877,0.1663719466389668,-0.04591109942904683,-0.05794814010334405,0.016805578312027267,0.003366148799441856,0.0203577487442098,0.13911899410286155,rock
0.42574432492256165,0.44751179218292236,0.6445116400718689,0.474650502204895,0.4928026795387268,0.4915362596511841,0.4599752426147461,0.5050533413887024,0.4290197491645813,0.4464985132217407,0.3092838227748871,0.32722267508506775,14.806776002641758,14.515199935621213,17.425807806087935,17.642161032440175,17.561392077539864,16.613683235604,41.247193649926835,0.009926255482445199,0.060364380861359895,-0.04056017597660442,-0.08316342747278303,-0.020320921701267248,0.0076082004342236925,0.09080369658739366,rock
0.3414698839187622,0.30188867449760437,0.4414401054382324,0.34699422121047974,0.3715989589691162,0.3202771842479706,0.47398480772972107,0.4844953715801239,0.37231260538101196,0.5205858945846558,0.4330328106880188,0.43425577878952026,17.16518538293614,15.72563603865984,19.10595759491097,18.300184954552247,18.610994232402383,16.97530716711031,41.07978848039792,0.11986970436281559,-0.012119872823897388,0.055183202739911494,-0.04188287472935827,0.005797997913475294,0.005064446350512092,0.08170157518851508,rock
0.4454668164253235,0.36438003182411194,0.6020573973655701,0.39298340678215027,0.4566649794578552,0.4993975758552551,0.4446343779563904,0.6412314176559448,0.42163199186325073,0.40698304772377014,0.40599948167800903,0.42041048407554626,16.291726441704782,15.335602043720924,17.514505945338357,17.538410918413216,17.716971509787303,16.484284502338816,42.82559428755997,0.056507603916143255,0.09317027867551536,-0.005901058182143752,-0.019141626638653708,-0.009728666980412552,-0.02509503254857078,0.11002037715100542,rock
0.30493664741516113,0.22776377201080322,0.3553941249847412,0.34209102392196655,0.4532943665981293,0.28530943393707275,0.3280121982097626,0.5739767551422119,0.5051747560501099,0.5813168287277222,0.38513854146003723,0.3898036777973175,18.16063959820936,16.689662574302325,19.877293868165548,18.48562003382749,18.18833361601464,16.81148340549108,41.41694064721673,0.1913470212606573,0.051959546892753436,-0.027091454114183063,0.04649215146441095,0.03577142382013598,0.020158653810896918,0.09114092408642692,rock
0.3589387834072113,0.3512730300426483,0.36569350957870483,0.3918963670730591,0.47905096411705017,0.3868562877178192,0.3528170585632324,0.43101829290390015,0.4504106938838959,0.527072548866272,0.4152289032936096,0.3920099139213562,16.460164992006273,15.686107614546355,18.12251008377334,18.347072250221554,18.519628532229333,16.900480347931,41.4085848094681,0.07533270999068603,-0.015528651623935744,-0.024390670481697865,0.02965246989015032,0.012857256487841813,0.004843231029477207,0.11151731982308585,rock
0.3763302266597748,0.359004408121109,0.30489951372146606,0.2889224588871002,0.4122110903263092,0.31452885270118713,0.2895861864089966,0.24191534519195557,0.3268907368183136,0.4815172553062439,0.37272927165031433,0.3783750534057617,17.8652378815467,18.75311554674915,21.501592320150255,20.406827261731888,19.790718462452794,18.154655199352362,38.802622159421375,0.09478259880153642,-0.08989688607126231,-0.04326917100568109,0.05061844929444829,-0.007752110561618885,0.009144964630262481,0.07118068143368136,rock
0.3882594406604767,0.4263848066329956,0.3875649571418762,0.5441117286682129,0.47893857955932617,0.48732879757881165,0.555942177772522,0.4705933630466461,0.5306448936462402,0.349028617143631,0.45365750789642334,0.39231839776039124,17.7281369077597,15.027928924383458,16.290347041556718,17.873589272877133,18.418659792854143,17.498062823220526,41.531510200906226,-0.00396912077764618,-0.07099021535150805,0.008750536414950725,-0.025813916477692496,0.009168584884510231,0.010035263370486285,0.10623761359242073,rock
0.4653540253639221,0.3955736458301544,0.45294567942619324,0.3480663299560547,0.2938986122608185,0.26571935415267944,0.2999832332134247,0.42271921038627625,0.33095622062683105,0.39622238278388977,0.29653993248939514,0.32799065113067627,19.562597533057424,19.649261832162274,20.28654682703139,19.535769867978196,19.591909766420468,17.01129887380679,40.243504094904424,0.11621453568053476,0.11903281583263446,0.007608435643233217,0.00897842221832136,-0.013199793187839905,0.015127681595491566,0.0717101248308198,rock
0.2661723792552948,0.3413918614387512,0.47507742047309875,0.28584158420562744,0.36222952604293823,0.3204558491706848,0.5347368121147156,0.5521935820579529,0.29672059416770935,0.29556870460510254,0.25534987449645996,0.3350951373577118,27.90947725825785,14.175219635844531,17.81889382076587,17.729746082290582,18.08230145906318,17.299538376952704,40.76461714115778,0.152195855274755,0.03870494121694934,0.09535657555262476,-0.041705229095624886,0.03277933827957362,-0.02736642604264481,0.10910574668890177,rock
0.34700876474380493,0.29055604338645935,0.3626333773136139,0.44440358877182007,0.2972123622894287,0.40636691451072693,0.2756316363811493,0.4145561158657074,0.34449881315231323,0.3092118799686432,0.5575549006462097,0.3736216127872467,25.86061714187529,14.769037053170688,18.3835275695349,18.853739689415605,18.549320249263776,18.607479277402735,42.57202027546227,-0.11804176630282136,0.10144582720144893,0.057613266509513185,-0.04395511874832555,0.02112242924973133,-0.013779467591556247,0.14967274204853054,rock
0.3331162631511688,0.2601119577884674,0.3930734694004059,0.5055256485939026,0.30729731917381287,0.37433964014053345,0.31187546253204346,0.3666907548904419,0.32358911633491516,0.3275524377822876,0.29155367612838745,0.23310187458992004,25.697217499659132,15.829473141528915,19.952500836131073,18.738983824864512,18.532643692442296,18.130249387213702,40.64782135648116,-0.07898443027748846,0.043225138732330554,0.061571057139674666,0.031983343489635184,-0.024384064234704066,0.006001339385491975,0.1361319061774942,rock
0.4720415472984314,0.31925803422927856,0.3407333791255951,0.2841094434261322,0.4015616178512573,0.37117451429367065,0.3280307352542877,0.43454259634017944,0.35431423783302307,0.4788632392883301,0.35853156447410583,0.44915980100631714,22.558818971542376,14.68005082550833,18.291696134450184,18.746579719766086,17.76561158906727,17.35407749673365,43.08219863662683,0.07648083575960053,0.13646809806361432,-0.07233532242857266,0.05297879556990558,-0.025544026461420243,-0.0004543431786775458,0.1837123271945089,rock
0.2958521544933319,0.36497384309768677,0.41418495774269104,0.26464271545410156,0.42035889625549316,0.29926827549934387,0.3910878598690033,0.3371182084083557,0.35732418298721313,0.5179474353790283,0.3877184987068176,0.4943980276584625,25.187544378396264,15.467063913111579,19.672635502774323,19.25794135118766,18.488211234023197,17.612037918296256,40.48919255896597,0.15661314012020147,-0.06301222508310116,-0.01688207130179076,-0.01961480681867331,-0.0055054091140573766,0.0074649676495092835,0.09278892050947408,rock
0.3302398920059204,0.2974882423877716,0.43860694766044617,0.2582678198814392,0.3630458116531372,0.26504987478256226,0.3659093976020813,0.525080144405365,0.31960761547088623,0.39793315529823303,0.32334572076797485,0.39611580967903137,25.513780688694183,13.808598514501611,19.23111321126226,19.504528479655495,18.76270782512655,17.147964501911567,42.3957936217703,0.11710602679362113,0.02784453091019896,0.06242900675671189,-0.029445420069028026,0.012329967277988543,-0.002570341076854524,0.1392005631283836,rock
0.4493710398674011,0.2789570689201355,0.3543418049812317,0.2433832734823227,0.30320772528648376,0.46860650181770325,0.27145740389823914,0.3038921356201172,0.24685843288898468,0.32334670424461365,0.31137558817863464,0.3070802092552185,26.183217205833053,18.837850933705848,21.92865390397005,21.488831062937944,21.566426569324584,21.5598685013916,38.86547436113891,0.0375061558050909,0.2436133752933128,-0.07108321983931919,0.03663555005772702,-0.0053426289879702285,-0.02237912517951041,0.12097706097737819,rock
0.2925051152706146,0.3871895968914032,0.462672621011734,0.38866284489631653,0.48967763781547546,0.36768558621406555,0.3896688222885132,0.2983284294605255,0.3512609004974365,0.511385977268219,0.3772638142108917,0.3762737810611725,19.971037561409137,16.661813562904918,19.09886866315532,17.18659357734812,17.148416546933642,17.955058865095808,38.91224360876998,0.07376732695711109,0.0047490850993892495,0.0021530715438943184,-0.043668226466412795,-0.010779344031803874,0.00517012613100899,0.14628158533932714,rock
0.32931604981422424,0.35050344467163086,0.5679866075515747,0.3923496901988983,0.4990181028842926,0.28273317217826843,0.3518272340297699,0.6001703143119812,0.36091628670692444,0.30118638277053833,0.24542441964149475,0.43450072407722473,17.641456004372657,14.675048474886644,17.979888756931796,18.393653264900394,18.35487078914009,18.033936004549698,43.8769885913655,0.1433456385908525,0.023784403428863937,0.07154512815955337,0.007227561103103619,0.005383832103145492,-0.029547599349199736,0.12855316185711524,rock
0.4416564404964447,0.41839367151260376,0.534457266330719,0.43013617396354675,0.4178362488746643,0.39334625005722046,0.32849013805389404,0.3906611204147339,0.39843735098838806,0.47632360458374023,0.310163676738739,0.3590347170829773,20.055523394490734,15.445642019224254,18.202679270548817,17.785412184205,17.36059382259808,17.277413418678364,40.00155652836625,0.016895853927918054,0.06419309222173891,0.011638221977752454,0.021861923208830306,-0.009668086680468237,0.016119767109880032,0.16172267739752513,rock
0.30447864532470703,0.25768834352493286,0.4102303981781006,0.2926344871520996,0.33351513743400574,0.2530137002468109,0.3828802704811096,0.4137474000453949,0.33028969168663025,0.42517346143722534,0.31110653281211853,0.4060421586036682,27.784537186960307,17.54479583067626,21.470949375098385,21.56231352420203,20.738350987877176,19.41004223735251,37.26153904222711,0.14497368648690073,0.0336999412511876,0.06105920446392691,-0.03265144637579135,1.0137261547576983e-05,-0.0009599740716735485,0.07325653760634183,rock
0.46215522289276123,0.21258601546287537,0.19679678976535797,0.13637752830982208,0.16843408346176147,0.21648629009723663,0.1944366693496704,0.31244269013404846,0.2295599728822708,0.3085238039493561,0.309352308511734,0.3209291696548462,16.70022617506957,16.137440187848483,22.3018876085729,20.562354888329853,19.47598733872408,18.612111873531628,42.51321304070467,0.05651973927746076,0.10162180248911286,0.016901693013709116,0.037110997420106526,0.007122098667128657,0.004031693190840492,0.12063605713457076,rock
0.3400341272354126,0.4201618731021881,0.45443153381347656,0.5068838000297546,0.5809091329574585,0.35169416666030884,0.43110206723213196,0.32881927490234375,0.41754603385925293,0.5339162945747375,0.40234267711639404,0.5537145733833313,29.263325947207534,15.246549059762861,18.254862545268843,17.735854745342916,16.599113537127227,18.21037535033649,41.76917238188925,0.10191216417471496,-0.06554357944450179,-0.004369929382449791,-0.011961805281983696,-0.019879469218908565,-0.018301715700521963,0.15013458889211137,rock
0.540783166885376,0.3833830654621124,0.3343852758407593,0.5434743165969849,0.35109788179397583,0.3919190764427185,0.27574723958969116,0.3395625054836273,0.4593164622783661,0.37943050265312195,0.5802817940711975,0.4197129011154175,28.43846530496415,15.209080585487941,18.455986904546908,16.983199688142875,16.817078802325042,17.246442812198357,42.133197330862856,-0.1396206955684679,0.03974698593379783,0.03498992099580101,0.03354357572507217,0.007191568261514831,0.010987941418793888,0.15093857248163187,rock
0.3209114968776703,0.4288037419319153,0.25221332907676697,0.2738706171512604,0.17600612342357635,0.3254104554653168,0.6983246803283691,0.32382646203041077,0.31686124205589294,0.20364004373550415,0.3346470892429352,0.466543048620224,30.00988688980582,17.785502857305865,20.312523721250034,18.415022067264868,17.825750754092045,18.395402707208444,38.76105333313262,-0.06266076096148705,-0.1770200231014071,-0.018441956370711804,-0.10959109610806625,-2.5576904153303904e-06,0.01604424554124268,0.09832088650425368,rock
0.28798821568489075,0.5053220391273499,0.32482317090034485,0.28999295830726624,0.27785488963127136,0.3998352587223053,0.8036144375801086,0.44620198011398315,0.2968873977661133,0.23038215935230255,0.45982158184051514,0.3486570119857788,30.677494193987435,15.678195920044345,18.38893009506142,19.58028011899684,19.073323708254918,17.545776846229753,41.511987504992845,-0.02720450924043354,-0.20512999121054393,-0.031696241258226614,-0.15392638521509538,0.018908390128955878,0.05117602630036509,0.14664940122293116,rock
0.18134988844394684,0.4284394085407257,0.7737130522727966,0.40558668971061707,0.33015647530555725,0.21709603071212769,0.3497748374938965,0.38238421082496643,0.2942501902580261,0.43477752804756165,0.23295941948890686,0.19323591887950897,29.627142719728432,16.80797247223209,20.96607904966977,18.8039791146642,18.606017660464257,17.743442613768245,38.28675722254587,0.24848886812569346,0.08484816798166803,0.0041733296474257804,-0.1816763169105523,-0.03218157365850584,-0.013418368491533562,0.08922745069605569,rock
0.27400708198547363,0.4994642734527588,0.328325480222702,0.3473084568977356,0.5619508028030396,0.29845619201660156,0.2637243866920471,0.26051124930381775,0.5629990696907043,0.7031958103179932,0.36356356739997864,0.3229255974292755,29.21897061952393,15.693598480874346,19.892954901158213,18.785519395161355,18.51225575807401,17.46920797584135,39.08424038096362,0.17918240632460977,-0.11237086774467323,-0.17732247693013267,0.05547220094132295,0.025440194949985763,0.022678389262418108,0.09766418032192575,rock
0.3845004439353943,0.37608015537261963,0.5337094664573669,0.4073220491409302,0.4563685357570648,0.34251508116722107,0.4785594344139099,0.46618056297302246,0.3559764623641968,0.5270721912384033,0.38660478591918945,0.4688742756843567,28.82103727799878,15.30063607359683,18.45865589267911,18.04030381471215,17.627963492583813,19.549289303366,38.36682218894845,0.12417664987829038,-0.014889477931569601,0.04910646600840354,-0.04526467150119007,0.0005490347498414573,-0.010490489311153262,0.12182258434841454,rock
0.469944566488266,0.35638850927352905,0.2970142066478729,0.22872820496559143,0.33586740493774414,0.37919607758522034,0.35620465874671936,0.5618454813957214,0.42467591166496277,0.3368920683860779,0.26376983523368835,0.34109437465667725,28.563095861042797,17.91174165591508,20.563455957483487,18.140596243494198,19.352371813227574,18.157596821955387,34.75258414754684,0.08808236286165874,0.1467821566631037,-0.01469487811266607,0.0834961023854418,0.01667343575488033,0.019991286483406753,0.048724275546210366,rock
0.36187443137168884,0.26438474655151367,0.2110646665096283,0.4226590096950531,0.6715366840362549,0.42797666788101196,0.3356301188468933,0.22406984865665436,0.3199993669986725,0.23765791952610016,0.2813141345977783,0.541648805141449,29.657510710578453,18.05398546058336,22.823777612159706,21.856776336794795,21.769560113885092,20.382540100152937,35.35712409464122,0.22567811816479819,-0.25257537619126147,0.12236037750729142,0.18915465173339613,0.017669625245843115,-0.04776489390625726,0.07630480230085074,rock
